"","Type","Author","Year","Title","Country","Region","Region2","Species.1","Species.2","Species.3","Species.4","Species.5","Species.6","Subthreat.1a","Subthreat.1b","Subthreat.1c","Subthreat.2a","Subthreat.2b","Subthreat.3a","Subthreat.3b","Subthreat.4","Subthreat.5","Threat.1","Threat.2","Threat.3","Threat.4","Threat.5"
"1","Journal Article","M. B. Harris; W. Tomas; G. Mourao; C. J. Da Silva; E. Guimaraes; F. Sonoda; E. Fachim",2005,"Safeguarding the Pantanal wetlands: Threats and conservation initiatives","Brazil","Latin America & Caribbean","Latin America","Pteronura brasiliensis","","","","","","Livestock farming & ranching","","","Logging & wood harvesting (intentional & unintentional)","","Dams & water management/use","","Invasive non-native/alien species/diseases","","Agriculture & aquaculture","Biological resource use","Natural system modifications","Invasive & other problematic species, genes & diseases",""
"2","SCC","",1999,"The current Status of Vormela peregusna throughout its historical range","Europe","Europe & Central Asia","Europe & Central Asia","Vormela peregusna","","","","","","Annual & perennial non-timber crops","Livestock farming & ranching","","Hunting & trapping terrestrial animals (intentional & unintentional)","","Agricultural & forestry effluents","","Roads & railroads","","Agriculture & aquaculture","Biological resource use","Pollution","Transportation & service corridors",""
"3","Journal Article","R. C. Van Apeldoorn; J. P. Knaapen; P. Schippers; J. Verboom; H. Van Engen; H. Meeuwsen",1998,"Applying ecological knowledge in landscape planning: a simulation model as a tool to evaluate scenarios for the badger in the Netherlands","United Kingdom","Europe & Central Asia","Europe & Central Asia","Meles meles","","","","","","Annual & perennial non-timber crops","","","Hunting & trapping terrestrial animals (intentional & unintentional)","","","Housing & urban areas","Roads & railroads","","Agriculture & aquaculture","Biological resource use","Residential & commercial development","Transportation & service corridors",""
"4","Book Section","M. Costa; C. Fernandes; M. Santos-Reis",2014,"Ecology and conservation of the polecat Mustela putorius (Linnaeus, 1758) in Portugal: a review","Portugal","Europe & Central Asia","Europe & Central Asia","Mustela putorius","","","","","","Annual & perennial non-timber crops","Livestock farming & ranching","","Hunting & trapping terrestrial animals (intentional & unintentional)","","Roads & railroads","","Introduced genetic material","","Agriculture & aquaculture","Biological resource use","Transportation & service corridors","Invasive & other problematic species, genes & diseases","Other threats"
"5","Journal Article","C. J. Kyle; R. D. Weir; N. J. Newhouse; H. Davis; C. Strobeck",2004,"Genetic structure of sensitive and endangered northwestern badger populations (Taxidea taxus taxus and T-t. jeffersonii)","USA / Canada","North America","North America","Taxidea taxus","","","","","","Annual & perennial non-timber crops","Livestock farming & ranching","","Hunting & trapping terrestrial animals (intentional & unintentional)","","Roads & railroads","","Housing & urban areas","","Agriculture & aquaculture","Biological resource use","Transportation & service corridors","Residential & commercial development","Other threats"
"6","Journal Article","N. M. Schmidt; P. M. Jensen",2003,"Changes in mammalian body length over 175 years - Adaptations to a fragmented landscape?","Europe","Europe & Central Asia","Europe & Central Asia","European sp.","","","","","","Unspecified","","","Logging & wood harvesting (intentional & unintentional)","","Roads & railroads","","","","Agriculture & aquaculture","Biological resource use","Transportation & service corridors","",""
"7","Journal Article","J. R. A. Butler; J. T. Dutoit",1994,"DIET AND CONSERVATION STATUS OF CAPE CLAWLESS OTTERS IN EASTERN ZIMBABWE","Zimbabwe","Sub-Saharan Africa","Sub-Saharan Africa","Aonyx capensis","","","","","","Annual & perennial non-timber crops","","","Logging & wood harvesting (intentional & unintentional)","Hunting & trapping terrestrial animals (intentional & unintentional)","","","","","Agriculture & aquaculture","Biological resource use","","",""
"8","Journal Article","S. Kurki; A. Nikula; P. Helle; H. Linden",1998,"Abundances of red fox and pine marten in relation to the composition of boreal forest landscapes","Finland","Europe & Central Asia","Europe & Central Asia","Martes martes","","","","","","Wood & pulp plantations","","","Logging & wood harvesting (intentional & unintentional)","","","","","","Agriculture & aquaculture","Biological resource use","","",""
"9","Journal Article","Z. J. Piao; L. N. Tang; R. K. Swihart; S. X. Wang",2011,"Human-wildlife competition for Korean pine seeds: vertebrate responses and implications for mixed forests on Changbai Mountain, China","China","East Asia & Pacific","East Asia","Martes flavigula","Martes zibellina","Mustela sibirica","","","","Wood & pulp plantations","","","Logging & wood harvesting (intentional & unintentional)","","","","","","Agriculture & aquaculture","Biological resource use","","",""
"10","Otter Bulletin article","Andreas Kranz",1994,"Otters Increasing - Threats Increasing","Austria","Europe & Central Asia","","Lutra lutra","","","","","","Marine & freshwater aquaculture","","","Hunting & trapping terrestrial animals (intentional & unintentional)","","","","","","Agriculture & aquaculture","Biological resource use","","",""
"11","SCC","",2009,"Distribution, natural history, and conservation of the Patagonian Weasel Lyncodon patagonicus","Argentina","Latin America & Caribbean","Latin America","Lyncodon patagonicus","","","","","","Livestock farming & ranching","","","Hunting & trapping terrestrial animals (intentional & unintentional)","","","","","","Agriculture & aquaculture","Biological resource use","","",""
"12","Journal Article","N. Reid; G. J. Wilson; W. I. Montgomery; R. A. McDonald",2012,"Changes in the prevalence of badger persecution in Northern Ireland","United Kingdom","Europe & Central Asia","Europe & Central Asia","Meles meles","","","","","","Annual & perennial non-timber crops","Livestock farming & ranching","","Habitat shifting & alteration","","","","","","Agriculture & aquaculture","Climate change & severe weather","","",""
"13","Otter Bulletin article","James Butler",1993,"Resource Use within the Crab-Eating Guild in Upper Kairezi River, Zimbabwe: Proposed Project","Zimbabwe","Sub-Saharan Africa","","Aonyx capensis","","","","","","Unspecified","","","Unspecified","","Hunting & trapping terrestrial animals (intentional & unintentional)","","","","Agriculture & aquaculture","Human intrusions & disturbance","Biological resource use","",""
"14","Otter Bulletin article","",2016,"First Systematic Survey for Otter (Lutra lutra) in Ladakh, Indian Trans Himalayas","India","South Asia","","Lutra lutra","","","","","","Livestock farming & ranching","","","Not specified","","","","","","Agriculture & aquaculture","Human intrusions & disturbance","","",""
"15","Book","J. G. Howard; P. Marinari; D. E. Wildt",2003,"Integration of assisted reproductive technology in the recovery of the black-footed ferret (Mustela nigripes)","USA","North America","North America","Mustela nigripes","","","","","","Annual & perennial non-timber crops","Livestock farming & ranching","","Invasive non-native/alien species/diseases","","","","","","Agriculture & aquaculture","Invasive & other problematic species, genes & diseases","Other threats","",""
"16","Journal Article","M. Salek; N. Spassov; M. Andera; K. Enzinger; B. Ottlecz; Z. Hegyeli",2013,"Population status, habitat associations, and distribution of the steppe polecat Mustela eversmanii in Europe","Europe","Europe & Central Asia","Europe & Central Asia","Mustela eversmannii","","","","","","Annual & perennial non-timber crops","Livestock farming & ranching","","Other ecosystem modifications","Dams & water management/use","","","","","Agriculture & aquaculture","Natural system modifications","Other threats","",""
"17","Journal Article","M. A. Sepulveda; J. L. Bartheld; R. Monsalve; V. Gomez; G. Medina-Vogel",2007,"Habitat use and spatial behaviour of the endangered Southern river otter (Lontra provocax) in riparian habitats of Chile: Conservation implications","Chile","Latin America & Caribbean","Latin America","Lontra provocax","","","","","","Livestock farming & ranching","","","Dams & water management/use","","","","","","Agriculture & aquaculture","Natural system modifications","","",""
"18","Journal Article","R. Mirzaei; M. Karami; A. D. Kar; A. Abdoli",2009,"HABITAT QUALITY ASSESSMENT FOR THE EURASIAN OTTER (LUTRA LUTRA) ON THE RIVER JAJROOD, IRAN","Iran","Middle East & North Africa","Middle East & North Africa","Lutra lutra","","","","","","Unspecified","","","Unspecified","","Hunting & trapping terrestrial animals (intentional & unintentional)","","Unspecified (habitat destruction)","","Agriculture & aquaculture","Pollution","Biological resource use","Natural system modifications",""
"19","Journal Article","A. Balestrieri; S. Messina; F. Pella; C. Prigioni; N. Saino; M. Fasola",2016,"Eurasian otter Lutra lutra in developing countries: a resurvey of Albania 22 years after the fall of communism","Albania","Europe & Central Asia","Europe & Central Asia","Lutra lutra","","","","","","Marine & freshwater aquaculture","","","Industrial & military effluents","","Other ecosystem modifications","","","","Agriculture & aquaculture","Pollution","Natural system modifications","",""
"20","Journal Article","M. Marcelli; L. Polednik; K. Polednikova; R. Fusillo",2012,"Land use drivers of species re-expansion: inferring colonization dynamics in Eurasian otters","Czech Republic","Europe & Central Asia","Europe & Central Asia","Lutra lutra","","","","","","Unspecified (habitat destruction)","","","Industrial & military effluents","Agricultural & forestry effluents","","","","","Agriculture & aquaculture","Pollution","","",""
"21","Otter Bulletin article","",2008,"Distribution of the Eurasian Otter (Lutra lutra) in the Republic of Macedonia in 2007","Macedonia","Europe & Central Asia","","Lutra lutra","","","","","","Not specified","","","Industrial & military effluents","","","","","","Agriculture & aquaculture","Pollution","","",""
"22","Journal Article","M. S. Khan; N. K. Dimri; A. Nawab; O. Ilyas; P. Gautam",2014,"Habitat use pattern and conservation status of smooth-coated otters Lutrogale perspicillata in the Upper Ganges Basin, India","India","South Asia","South Asia","Lutrogale perspicillata","","","","","","Annual & perennial non-timber crops","Livestock farming & ranching","","Housing & urban areas","","Dams & water management/use","","","","Agriculture & aquaculture","Residential & commercial development","Natural system modifications","",""
"23","Journal Article","C. Lara-Romero; E. Virgos; G. Escribano-Avila; J. G. Mangas; I. Barja; X. Pardavila",2012,"Habitat selection by European badgers in Mediterranean semi-arid ecosystems","Spain","Europe & Central Asia","Europe & Central Asia","Meles meles","","","","","","Annual & perennial non-timber crops","","","Housing & urban areas","","","","","","Agriculture & aquaculture","Residential & commercial development","","",""
"24","Otter Bulletin article","Bjarne Søgaard  and Aksel Bo Madsen",1996,"Management Plan for the Otter (Lutra lutra) in Denmark","Denmark  ","Europe & Central Asia","","Lutra lutra","","","","","","Marine & freshwater aquaculture","","","Roads & railroads","","Recreational activities","","","","Agriculture & aquaculture","Transportation & service corridors","Human intrusions & disturbance","",""
"25","Otter Bulletin article","Jerzy Romanowski and Marcin Brzeziriski",1994,"Otter News from Poland","Poland ","Europe & Central Asia","","Lutra lutra","","","","","","Marine & freshwater aquaculture","","","Shipping lanes","","","","","","Agriculture & aquaculture","Transportation & service corridors","","",""
"26","Otter Bulletin article","Sheila Macdonald    ",1994,"Meeting Of the European Section of the OSG","Europe ","Europe & Central Asia","","Lutra lutra","","","","","","Marine & freshwater aquaculture","","","Shipping lanes","","","","","","Agriculture & aquaculture","Transportation & service corridors","","",""
"27","Journal Article","C. T. Stuart",1985,"THE STATUS OF 2 ENDANGERED CARNIVORES OCCURRING IN THE CAPE-PROVINCE, SOUTH-AFRICA, FELIS-SERVAL AND LUTRA-MACULICOLLIS","South Africa","Sub-Saharan Africa","Sub-Saharan Africa","Hydrictis maculicollis","","","","","","Annual & perennial non-timber crops","","","","","","","","","Agriculture & aquaculture","","","",""
"28","Journal Article","E. Revilla; F. Palomares; M. Delibes",2000,"Defining key habitats for low density populations of Eurasian badgers in Mediterranean environments","Spain","Europe & Central Asia","Europe & Central Asia","Meles meles","","","","","","Annual & perennial non-timber crops","Livestock farming & ranching","","","","","","","","Agriculture & aquaculture","","","",""
"29","Journal Article","A. Kranz",2000,"Otters (Lutra lutra) increasing in Central Europe: from the threat of extinction to locally perceived overpopulation?","Europe","Europe & Central Asia","Europe & Central Asia","Lutra lutra","","","","","","Marine & freshwater aquaculture","","","","","","","","","Agriculture & aquaculture","","","",""
"30","Journal Article","T. M. Gehring; R. K. Swihart",2003,"Body size, niche breadth, and ecologically scaled responses to habitat fragmentation: mammalian predators in an agricultural landscape","USA","North America","North America","Mustela frenata","","","","","","Annual & perennial non-timber crops","Livestock farming & ranching","","","","","","","","Agriculture & aquaculture","","","",""
"31","Journal Article","T. M. Gehring; R. K. Swihart",2004,"Home range and movements of long-tailed weasels in a landscape fragmented by agriculture","USA","North America","North America","Mustela frenata","","","","","","Annual & perennial non-timber crops","Livestock farming & ranching","","","","","","","","Agriculture & aquaculture","","","",""
"32","Journal Article","C. Pertoldi; S. F. Barker; A. B. Madsen; H. Jorgensen; E. Randi; J. Munoz; H. J. Baagoe; V. Loeschcke",2008,"Spatio-temporal population genetics of the Danish pine marten (Martes martes)","Denmark","Europe & Central Asia","Europe & Central Asia","Martes martes","","","","","","Annual & perennial non-timber crops","","","","","","","","","Agriculture & aquaculture","","","",""
"33","Journal Article","V. Pereboom; M. Mergey; N. Villerette; R. Helder; J. F. Gerard; T. Lode",2008,"Movement patterns, habitat selection, and corridor use of a typical woodland-dweller species, the European pine marten (Martes martes), in fragmented landscape","France","Europe & Central Asia","Europe & Central Asia","Martes martes","","","","","","Annual & perennial non-timber crops","Livestock farming & ranching","","","","","","","","Agriculture & aquaculture","","","",""
"34","Journal Article","T. Sales-Luis; D. Freitas; M. Santos-Reis",2009,"Key landscape factors for Eurasian otter Lutra lutra visiting rates and fish loss in estuarine fish farms","Portugal","Europe & Central Asia","Europe & Central Asia","Lutra lutra","","","","","","Marine & freshwater aquaculture","","","","","","","","","Agriculture & aquaculture","","","",""
"35","Journal Article","A. Mortelliti; G. Amori; D. Capizzi; C. Rondinini; L. Boitani",2010,"Experimental design and taxonomic scope of fragmentation studies on European mammals: current status and future priorities","Europe","Europe & Central Asia","Europe & Central Asia","Multiple sp.","","","","","","Annual & perennial non-timber crops","Livestock farming & ranching","","","","","","","","Agriculture & aquaculture","","","",""
"36","Journal Article","M. Vaclavikova; T. Vaclavik; V. Kostkan",2011,"Otters vs. fishermen: Stakeholders' perceptions of otter predation and damage compensation in the Czech Republic","Czech Republic","Europe & Central Asia","Europe & Central Asia","Lutra lutra","","","","","","Marine & freshwater aquaculture","","","","","","","","","Agriculture & aquaculture","","","",""
"37","Journal Article","M. Mergey; J. Larroque; S. Ruette; J. M. Vandel; R. Helder; G. Queney; S. Devillard",2012,"Linking habitat characteristics with genetic diversity of the European pine marten (Martes martes) in France","France","Europe & Central Asia","Europe & Central Asia","Martes martes","","","","","","Annual & perennial non-timber crops","Livestock farming & ranching","","","","","","","","Agriculture & aquaculture","","","",""
"38","Journal Article","D. Hipolito; M. Santos-Reis; L. M. Rosalino",2016,"Effects of agro-forestry activities, cattle-raising practices and food-related factors in badger sett location and use in Portugal","Portugal","Europe & Central Asia","Europe & Central Asia","Meles meles","","","","","","Annual & perennial non-timber crops","Livestock farming & ranching","","","","","","","","Agriculture & aquaculture","","","",""
"39","Journal Article","G. Chiatante; O. Dondina; M. Lucchelli; L. Bani; A. Meriggi",2017,"Habitat selection of European badger Meles meles in a highly fragmented forest landscape in northern Italy: the importance of hedgerows and agro-forestry systems","Italy","Europe & Central Asia","Europe & Central Asia","Meles meles","","","","","","Livestock farming & ranching","","","","","","","","","Agriculture & aquaculture","","","",""
"40","Journal Article","Aadrean; N. Usio",2017,"Small-clawed otters (Aonyx cinereus) in Indonesian rice fields: latrine site characteristics and visitation frequency","Indonesia","East Asia & Pacific","East Asia","Aonyx cinereus","","","","","","Marine & freshwater aquaculture","","","","","","","","","Agriculture & aquaculture","","","",""
"41","Journal Article","A. Dechner; K. M. Flesher; C. Lindell; T. V. de Oliveira; B. A. Maurer",2018,"Determining carnivore habitat use in a rubber/forest landscape in Brazil using multispecies occupancy models","Brazil","Latin America & Caribbean","Latin America","Eira barbara","","","","","","Annual & perennial non-timber crops","","","","","","","","","Agriculture & aquaculture","","","",""
"42","Otter Bulletin article","Uolevi Skáren",1990,"Fish farming and otters in Finland","Finland","Europe & Central Asia","","Lutra lutra","","","","","","Marine & freshwater aquaculture","","","","","","","","","Agriculture & aquaculture","","","",""
"43","Otter Bulletin article","G.C.M. van Moll",1990,"European otters and preventive measures in fish-fykes","Netherlands","Europe & Central Asia","","Lutra lutra","","","","","","Marine & freshwater aquaculture","","","","","","","","","Agriculture & aquaculture","","","",""
"44","Otter Bulletin article","Robert Dulfer, Jan Plesnik, Marcela Kucerová and Aleš Toman",1996,"Fish Farming Regions as Key Elements for Natural Recolonisation along an Otter EECONET","Europe","Europe & Central Asia","","Lutra lutra","","","","","","Marine & freshwater aquaculture","","","","","","","","","Agriculture & aquaculture","","","",""
"45","Otter Bulletin article","Marcela Kucerová",1999,"Otters And Fisheries - Workshop Report","Europe","Europe & Central Asia","","Lutra lutra","","","","","","Marine & freshwater aquaculture","","","","","","","","","Agriculture & aquaculture","","","",""
"46","Otter Bulletin article","Juan Ricardo Gómez and Jeffrey P. Jorgenson",1999,"An Overview of the Giant Otter-Fisherman Problem in the Orinoco Basin of Colombia","Colombia","Latin America & Caribbean","","Pteronura brasiliensis","","","","","","Marine & freshwater aquaculture","","","","","","","","","Agriculture & aquaculture","","","",""
"47","Otter Bulletin article","Vania Fonseca and Miriam Marmontel
",2011,"Local Knowledge and Conflicts With Otters in Western Brazilian Amazon: A Preliminary Report
","Brazil","Latin America & Caribbean","","Pteronura brasiliensis","","","","","","Marine & freshwater aquaculture","","","","","","","","","Agriculture & aquaculture","","","",""
"48","SCC","",1990,"On the occurrence of the Honey-badger (Mellivora Capensis) and the viverrids in the Ivory Coast","Côte d'Ivoire","Sub-Saharan Africa","Sub-Saharan Africa","Mellivora capensis","","","","","","Wood & pulp plantations","Livestock farming & ranching","","","","","","","","Agriculture & aquaculture","","","",""
"49","SCC","",1996,"European Marbled polecat in need of conservation action","Europe / Asia","Europe & Central Asia","Europe & Central Asia","Vormela peregusna","","","","","","Annual & perennial non-timber crops","Livestock farming & ranching","","","","","","","","Agriculture & aquaculture","","","",""
"50","Otter Bulletin article","Naven HON1
, Phearoom NEAK2
, Vengsong KHOV3
, Vichet CHEAT4",2010,"FOOD AND HABITAT OF ASIAN SMALL-CLAWED OTTERS IN
NORTHEASTERN CAMBODIA","Cambodia","East Asia & Pacific","","Aonyx cinereus","","","","","","Hunting & trapping terrestrial animals (intentional & unintentional)","","","Annual & perennial non-timber crops","","Marine & freshwater aquaculture","","","","Biological resource use","Agriculture & aquaculture","Agriculture & aquaculture","",""
"51","Otter Bulletin article","Omar F. Al-Sheikhly and Iyad A. Nader",2013,"The Status of Iraq Smooth-Coated Otter Lutrogale perspicillata maxwelli Hayman 1956 and Eurasian Otter Lutra lutra Linnaeus 1758 in Iraq","Iraq","Middle East & North Africa","","Lutrogale perspicillata","Lutra lutra","","","","","Hunting & trapping terrestrial animals (intentional & unintentional)","","","Unspecified","","Renewable energy","","Agricultural & forestry effluents","Marine & freshwater aquaculture","Biological resource use","Agriculture & aquaculture","Energy production & mining","Pollution","Agriculture & aquaculture"
"52","Journal Article","S. Caballero; C. A. Correa-Cardenas; F. Trujillo",2015,"Population Structure and Genetic Diversity of the Endangered South American Giant Otter (Pteronura brasiliensis) from the Orinoco Basin in Colombia: Management Implications and Application to Current Conservation Programs","Colombia","Latin America & Caribbean","Latin America","Pteronura brasiliensis","","","","","","Hunting & trapping terrestrial animals (intentional & unintentional)","","","Livestock farming & ranching","","Mining & quarrying","","","","Biological resource use","Agriculture & aquaculture","Energy production & mining","",""
"53","SCC","",2015,"Distribution and conservation status of Honey Badgers Mellivora capensis in Iran","Iran","Middle East & North Africa","Middle East & North Africa","Mellivora capensis","","","","","","Hunting & trapping terrestrial animals (intentional & unintentional)","","","Livestock farming & ranching","","Mining & quarrying","","","","Biological resource use","Agriculture & aquaculture","Energy production & mining","",""
"54","Journal Article","D. E. Biggins; J. L. Godbey",2003,"Challenges to reestablishment of free-ranging populations of black-footed ferrets","USA","North America","North America","Mustela nigripes","","","","","","Hunting & trapping terrestrial animals (intentional & unintentional)","","","Annual & perennial non-timber crops","Livestock farming & ranching","Invasive non-native/alien species/diseases","","","","Biological resource use","Agriculture & aquaculture","Invasive & other problematic species, genes & diseases","",""
"55","SCC","",1990,"The African weasel: a Red Data Book species in South Africa","South Africa","Sub-Saharan Africa","Sub-Saharan Africa","Poecilogale albinucha","","","","","","Hunting & trapping terrestrial animals (intentional & unintentional)","","","Annual & perennial non-timber crops","Livestock farming & ranching","Problematic native species/diseases","","","","Biological resource use","Agriculture & aquaculture","Invasive & other problematic species, genes & diseases","",""
"56","Journal Article","A. Nawab; S. A. Hussain",2012,"Factors affecting the occurrence of smooth-coated otter in aquatic systems of the Upper Gangetic Plains, India","India","South Asia","South Asia","Lutrogale perspicillata","","","","","","Fishing & harvesting aquatic resources (intentional & unintentional)","","","Livestock farming & ranching","","Dams & water management/use","","","","Biological resource use","Agriculture & aquaculture","Natural system modifications","",""
"57","Otter Bulletin article","",2017,"The Status and Distribution of the Clawless Otter (Aonyx capensis) in Vwaza Marsh Wildlife Reserve and Nyika National Park, Northern Malawi","Malawi","Sub-Saharan Africa","","Aonyx capensis","","","","","","Fishing & harvesting aquatic resources (intentional & unintentional)","","","Not specified","","Fire & fire suppression","","","","Biological resource use","Agriculture & aquaculture","Natural system modifications","",""
"58","Journal Article","A. Landa; T. Skogland",1995,"The relationship between population density and body size of wolverines Gulo gulo in Scandinavia","Scandinavia","Europe & Central Asia","Europe & Central Asia","Gulo gulo","","","","","","Hunting & trapping terrestrial animals (intentional & unintentional)","","","Unspecified","","","","","","Biological resource use","Agriculture & aquaculture","Other threats","",""
"59","Journal Article","J. A. Webster",2001,"A review of the historical evidence of the habitat of the Pine Marten in Cumbria","United Kingdom","Europe & Central Asia","Europe & Central Asia","Martes martes","","","","","","Hunting & trapping terrestrial animals (intentional & unintentional)","Logging & wood harvesting (intentional & unintentional)","","Annual & perennial non-timber crops","Livestock farming & ranching","","","","","Biological resource use","Agriculture & aquaculture","Other threats","",""
"60","Otter Bulletin article","",1986,"African Otters - is their Existence Threatened?","Africa","Sub-Saharan Africa","","Aonyx capensis","Hydrictis maculicollis","","","","","Hunting & trapping terrestrial animals (intentional & unintentional)","","","Livestock farming & ranching","","Agricultural & forestry effluents","Domestic & urban waste water","Work & other activities","","Biological resource use","Agriculture & aquaculture","Pollution","Human intrusions & disturbance",""
"61","Otter Bulletin article","A. Lejeune and V. Frank",1990,"Distribution of Lutra maculicollis in Rwanda : ecological constraints","Rwanda","Sub-Saharan Africa","","Hydrictis maculicollis","","","","","","Hunting & trapping terrestrial animals (intentional & unintentional)","","","Marine & freshwater aquaculture","","Agricultural & forestry effluents","","","","Biological resource use","Agriculture & aquaculture","Pollution","",""
"62","Otter Bulletin article","",2018,"The Conservation Status of Otters in Southwest Tanzania","Tanzania","Sub-Saharan Africa","","Lutrinae sp.","","","","","","Hunting & trapping terrestrial animals (intentional & unintentional)","Not specified (Habitat deterioration)","","Livestock farming & ranching","","Agricultural & forestry effluents","","","","Biological resource use","Agriculture & aquaculture","Pollution","",""
"63","SCC","",2009,"Current state of knowledge of the least-known carnivore in South America: Colombian Weasel Mustela felipei in Colombia and Ecuador","Colombia / Ecuador","Latin America & Caribbean","Latin America","Mustela felipei","","","","","","Hunting & trapping terrestrial animals (intentional & unintentional)","","","Livestock farming & ranching","","Housing & urban areas","","Industrial & military effluents","Mining & quarrying","Biological resource use","Agriculture & aquaculture","Residential & commercial development","Pollution","Energy production & mining"
"64","Journal Article","J. C. Reynolds; S. C. Tapper",1996,"Control of mammalian predators in game management and conservation","Europe","Europe & Central Asia","Europe & Central Asia","European sp.","","","","","","Hunting & trapping terrestrial animals (intentional & unintentional)","","","Livestock farming & ranching","Annual & perennial non-timber crops","Unspecified","","","","Biological resource use","Agriculture & aquaculture","Residential & commercial development","",""
"65","Journal Article","A. L. Regolin; J. J. Cherem; M. E. Graipel; J. A. Bogoni; J. W. Ribeiro; M. H. Vancine; M. A. Tortato; L. G. Oliveira-Santos; F. M. Fantacini; M. R. Luiz; P. V. de Castilho; M. C. Ribeiro; N. C. Caceres",2017,"Forest cover influences occurrence of mammalian carnivores within Brazilian Atlantic Forest","Brazil","Latin America & Caribbean","Latin America","Eira barbara","Galictis cuja","","","","","Logging & wood harvesting (intentional & unintentional)","","","Unspecified","","Unspecified","","","","Biological resource use","Agriculture & aquaculture","Residential & commercial development","",""
"66","Journal Article","C. Skinner; P. Skinner; S. Harris",1991,"THE PAST HISTORY AND RECENT DECLINE OF BADGERS MELES-MELES IN ESSEX - AN ANALYSIS OF SOME OF THE CONTRIBUTORY FACTORS","United Kingdom","Europe & Central Asia","Europe & Central Asia","Meles meles","","","","","","Hunting & trapping terrestrial animals (intentional & unintentional)","","","Annual & perennial non-timber crops","Livestock farming & ranching","Roads & railroads","","Agricultural & forestry effluents","","Biological resource use","Agriculture & aquaculture","Transportation & service corridors","Pollution",""
"67","Otter Bulletin article","Omar F. Al-Sheikhly, Mukhtar K. Haba and Filippo Barbanera",2014,"Otter Hunting and Trapping, a Traditional Practice of Marsh Arabs of Iraq","Iraq","Middle East & North Africa","","Lutrogale perspicillata","Lutra lutra","","","","","Hunting & trapping terrestrial animals (intentional & unintentional)","","","Marine & freshwater aquaculture","","","","","","Biological resource use","Agriculture & aquaculture","Unspecified (habitat destruction)","",""
"68","Journal Article","P. Reason; S. Harris; P. Cresswell",1993,"ESTIMATING THE IMPACT OF PAST PERSECUTION AND HABITAT CHANGES ON THE NUMBERS OF BADGERS MELES-MELES IN BRITAIN","United Kingdom","Europe & Central Asia","Europe & Central Asia","Meles meles","","","","","","Hunting & trapping terrestrial animals (intentional & unintentional)","","","Annual & perennial non-timber crops","","","","","","Biological resource use","Agriculture & aquaculture","","",""
"69","Journal Article","J. Ozolins; V. Pilats",1995,"DISTRIBUTION AND STATUS OF SMALL AND MEDIUM-SIZED CARNIVORES IN LATVIA","Latvia","Europe & Central Asia","Europe & Central Asia","Lutra lutra","Martes foina","Mustela lutreola","Mustela erminea","","","Hunting & trapping terrestrial animals (intentional & unintentional)","","","Unspecified","","","","","","Biological resource use","Agriculture & aquaculture","","",""
"70","Journal Article","H. Jacques; G. Veron; F. Alary; S. Aulagnier",2009,"The Congo clawless otter (Aonyx congicus) (Mustelidae: Lutrinae sp.): a review of its systematics, distribution and conservation status","Africa","Sub-Saharan Africa","Sub-Saharan Africa","Aonyx congicus","","","","","","Hunting & trapping terrestrial animals (intentional & unintentional)","Logging & wood harvesting (intentional & unintentional)","","","Marine & freshwater aquaculture","","","","","Biological resource use","Agriculture & aquaculture","","",""
"71","Journal Article","M. W. N. Lau; J. R. Fellowes; B. P. L. Chan",2010,"Carnivores (Mammalia: Carnivora) in South China: a status review with notes on the commercial trade","China","East Asia & Pacific","East Asia","Meles meles","Martes martes","Martes foina","","","","Hunting & trapping terrestrial animals (intentional & unintentional)","Logging & wood harvesting (intentional & unintentional)","","Wood & pulp plantations","","","","","","Biological resource use","Agriculture & aquaculture","","",""
"72","Journal Article","J. Kloskowski",2011,"Human-wildlife conflicts at pond fisheries in eastern Poland: perceptions and management of wildlife damage","Poland","Europe & Central Asia","Europe & Central Asia","Lutra lutra","","","","","","Fishing & harvesting aquatic resources (intentional & unintentional)","","","Marine & freshwater aquaculture","","","","","","Biological resource use","Agriculture & aquaculture","","",""
"73","Journal Article","A. Wilting; A. J. Hearn; J. Eaton; J. L. Belant; S. Kramer-Schadt",2016,"Predicted distribution of the Bornean ferret badger Melogale everetti (Mammalia: Carnivora: Mustelidae) on Borneo","Malaysia","East Asia & Pacific","East Asia","Melogale everetti","","","","","","Logging & wood harvesting (intentional & unintentional)","Hunting & trapping terrestrial animals (intentional & unintentional)","","Wood & pulp plantations","","","","","","Biological resource use","Agriculture & aquaculture","","",""
"74","Journal Article","J. Mathai; J. W. Duckworth; E. Meijaard; G. Fredriksson; J. Hon; A. Sebastian; M. Ancrenaz; A. J. Hearn; J. Ross; S. Cheyne; A. Wilting; C. Borneo Carnivore",2016,"Carnivore conservation planning on Borneo: identifying key carnivore landscapes, research priorities and conservation interventions","Malaysia","East Asia & Pacific","East Asia","Melogale everetti","Martes flavigula","Mustela nudipes","","","","Hunting & trapping terrestrial animals (intentional & unintentional)","Logging & wood harvesting (intentional & unintentional)","","Wood & pulp plantations","","","","","","Biological resource use","Agriculture & aquaculture","","",""
"75","Journal Article","N. Spur; K. Z. Gomboc; A. Sorgo",2018,"Public acceptability of measures to prevent from predation on commercial fish by the endangered Eurasian otter (Lutra lutra) in Natura 2000","Slovenia","Europe & Central Asia","Europe & Central Asia","Lutra lutra","","","","","","Hunting & trapping terrestrial animals (intentional & unintentional)","","","Marine & freshwater aquaculture","","","","","","Biological resource use","Agriculture & aquaculture","","",""
"76","Otter Bulletin article","Budsabong Kanchanasaka and Nicole Duplaix
",2011,"Food Habits of the Hairy-nosed otter (Lutra sumatrana) and the Small-clawed otter (Aonyx cinereus) in
Pru Toa Daeng Peat Swamp Forest, Southern Thailand","Thailand","East Asia & Pacific","","Lutra sumatrana","Aonyx cinereus","","","","","Hunting & trapping terrestrial animals (intentional & unintentional)","","","Wood & pulp plantations","","","","","","Biological resource use","Agriculture & aquaculture","","",""
"77","SCC","",1992,"Report on the Norwegian wolverine (Gulo gulo L.)","Norway","Europe & Central Asia","Europe & Central Asia","Gulo gulo","","","","","","Hunting & trapping terrestrial animals (intentional & unintentional)","","","Livestock farming & ranching","","","","","","Biological resource use","Agriculture & aquaculture","","",""
"78","Book Section","W. D. Spencer; H. Rustigian-Romsos; K. Ferschweiler; D. Bachelet",2015,"Simulating Effects of Climate and Vegetation Change on Distributions of Martens and Fishers in the Sierra Nevada, California, Using Maxent and MC1","USA","North America","North America","Pekania pennanti","","","","","","Logging & wood harvesting (intentional & unintentional)","","","Habitat shifting & alteration","","Livestock farming & ranching","","","","Biological resource use","Climate change & severe weather","Agriculture & aquaculture","",""
"79","Journal Article","P. Suffice; M. Cheveau; L. Imbeau; M. J. Mazerolle; H. Asselin; P. Drapeau",2020,"Habitat, Climate, and Fisher and Marten Distributions","USA / Canada","North America","North America","Pekania pennanti","Martes americana","","","","","Hunting & trapping terrestrial animals (intentional & unintentional)","Logging & wood harvesting (intentional & unintentional)","","Habitat shifting & alteration","","Problematic native species/diseases","","","","Biological resource use","Climate change & severe weather","Invasive & other problematic species, genes & diseases","",""
"80","Journal Article","J. R. Kelly; T. K. Fuller; J. J. Kanter",2009,"Records of Recovering American Marten, Martes americana, in New Hampshire","USA","North America","North America","Martes americana","","","","","","Hunting & trapping terrestrial animals (intentional & unintentional)","Logging & wood harvesting (intentional & unintentional)","","Habitat shifting & alteration","","","","","","Biological resource use","Climate change & severe weather","Other threats","",""
"81","Otter Bulletin article","",2001,"New Information about the Hairy-Nosed Otter (Lutra sumatrana) in Vietnam ","Vietnam","East Asia & Pacific","","Lutra sumatrana","","","","","","Logging & wood harvesting (intentional & unintentional)","Hunting & trapping terrestrial animals (intentional & unintentional)","Not specified (Habitat deterioration)","Droughts","","Not specified","","War, civil unrest & military exercises","","Biological resource use","Climate change & severe weather","Pollution","Human intrusions & disturbance",""
"82","Journal Article","R. Zhang; L. Yang; L. Ai; Q. Y. Yang; M. H. Chen; J. X. Li; L. Yang; X. F. Luan",2017,"Geographic characteristics of sable (Martes zibellina) distribution over time in Northeast China","China","East Asia & Pacific","East Asia","Martes zibellina","","","","","","Hunting & trapping terrestrial animals (intentional & unintentional)","","","Habitat shifting & alteration","","Housing & urban areas","","","","Biological resource use","Climate change & severe weather","Residential & commercial development","",""
"83","Otter Bulletin article","Imran Ullah, Uzma Noureen, Masood Arshad and Waqar Jadoon",2012,"Factors Influencing Distribution of Eurasian Otter (Lutra lutra) in Swat and Dir Districts, Pakistan","Pakistan","Europe & Central Asia","","Lutra lutra","","","","","","Logging & wood harvesting (intentional & unintentional)","Hunting & trapping terrestrial animals (intentional & unintentional)","","Storms & flooding","","","","","","Biological resource use","Climate change & severe weather","Unspecified (habitat destruction)","",""
"84","Journal Article","C. Carroll",2007,"Interacting effects of climate change, landscape conversion, and harvest on carnivore populations at the range margin: Marten and Lynx in the northern Appalachians","USA / Canada","North America","North America","Martes americana","","","","","","Hunting & trapping terrestrial animals (intentional & unintentional)","","","Other impacts","","","","","","Biological resource use","Climate change & severe weather","","",""
"85","Journal Article","M. K. Schwartz; K. B. Aubry; K. S. McKelvey; K. L. Pilgrim; J. P. Copeland; J. R. Squires; R. M. Inman; S. M. Wisely; L. F. Ruggiero",2007,"Inferring geographic isolation of wolverines in California using historical DNA","USA","North America","North America","Gulo gulo","","","","","","","","","Habitat shifting & alteration","","","","","","Biological resource use","Climate change & severe weather","","",""
"86","Journal Article","C. B. Wilsey; J. J. Lawler; E. P. Maurer; D. McKenzie; P. A. Townsend; R. Gwozdz; J. A. Freund; K. Hagmann; K. M. Hutten",2013,"Tools for Assessing Climate Impacts on Fish and Wildlife","USA","North America","North America","Martes americana","","","","","","Logging & wood harvesting (intentional & unintentional)","","","Habitat shifting & alteration","","","","","","Biological resource use","Climate change & severe weather","","",""
"87","Journal Article","J. Clare; S. T. McKinney; E. M. Simons-Legaard; J. E. DePue; C. S. Loftin",2019,"Satellite-detected forest disturbance forecasts American marten population decline: The case for supportive space-based monitoring","USA","North America","North America","Martes americana","","","","","","Logging & wood harvesting (intentional & unintentional)","","","Habitat shifting & alteration","","","","","","Biological resource use","Climate change & severe weather","","",""
"88","Journal Article","J. Groenendijk; F. Hajek; P. J. Johnson; D. W. Macdonald; J. Calvimontes; E. Staib; C. Schenck",2014,"Demography of the Giant Otter (Pteronura brasiliensis) in Manu National Park, South-Eastern Peru: Implications for Conservation","Peru","Latin America & Caribbean","Latin America","Pteronura brasiliensis","","","","","","Hunting & trapping terrestrial animals (intentional & unintentional)","Logging & wood harvesting (intentional & unintentional)","","Mining & quarrying","","Livestock farming & ranching","","Industrial & military effluents","","Biological resource use","Energy production & mining","Agriculture & aquaculture","Pollution",""
"89","Journal Article","N. Prakash; D. Mudappa; T. R. S. Raman; A. Kumar",2012,"Conservation of the Asian small-clawed otter (Aonyx cinereus) in human-modified landscapes, Western Ghats, India","India","South Asia","South Asia","Aonyx cinereus","","","","","","Hunting & trapping terrestrial animals (intentional & unintentional)","","","Mining & quarrying","Marine & freshwater aquaculture","Unspecified","","","","Biological resource use","Energy production & mining","Agriculture & aquaculture","",""
"90","Otter Bulletin article","Jutta Jahrl",1996,"Historical and Current Situation of the Otter (Lutra lutra) and its Habitat in the Region of the Hohe Tauern National Park - Analysis of the Situation and Suggestions for Improvements","Austria","Europe & Central Asia","","Lutra lutra","","","","","","Hunting & trapping terrestrial animals (intentional & unintentional)","","","Rneweable energy","","Other ecosystem modifications","","","","Biological resource use","Energy production & mining","Natural system modifications","",""
"91","Journal Article","S. A. Omer; T. Wronski; A. Alwash; M. H. Elamin; O. B. Mohammed; H. Lerp",2012,"Evidence for persistence and a major range extension of the smooth-coated otter (Lutrogale perspicillata maxwelli; Mustelidae, Carnivora) in Iraq","Iraq","Middle East & North Africa","Middle East & North Africa","Lutrogale perspicillata","","","","","","Hunting & trapping terrestrial animals (intentional & unintentional)","","","Renewable energy","","Agricultural & forestry effluents","","Unknown","","Biological resource use","Energy production & mining","Pollution","Agriculture & aquaculture",""
"92","Journal Article","F. C. W. Rosas; G. E. de Mattos; M. M. M. Cabral",2007,"The use of hydroelectric lakes by giant otters Pteronura brasiliensis: Balbina lake in central Amazonia, Brazil","Brazil","Latin America & Caribbean","Latin America","Pteronura brasiliensis","","","","","","Hunting & trapping terrestrial animals (intentional & unintentional)","","","Mining & quarrying","","Industrial & military effluents","Oil & gas drilling","Dams & water management/use","","Biological resource use","Energy production & mining","Pollution","Natural system modifications",""
"93","Otter Bulletin article","",2017,"Historical and Current Distribution of Smooth Coated Otter Lutrogale perspicillata in Gujarat, India","India","South Asia","","Lutrogale perspicillata","","","","","","Not specified (Habitat deterioration)","","","Mining & quarrying","","Not specified","","","","Biological resource use","Energy production & mining","Pollution","",""
"94","Journal Article","B. G. Slough",2007,"Status of the wolverine Gulo gulo in Canada","Canada","North America","North America","Gulo gulo","","","","","","Logging & wood harvesting (intentional & unintentional)","","","Renewable energy","Oil & gas drilling","Roads & railroads","","Housing & urban areas","","Biological resource use","Energy production & mining","Transportation & service corridors","Residential & commercial development",""
"95","Otter Bulletin article","Lisa C. Davenport, Hélène Jacques and Marie-Louise Yedi
",2011,"Preliminary Findings from a New Study of the Congo Clawless Otter (Aonyx congicus) on the Dji Dji River, Ivindo National Park, Gabon (or “Where Have all the Otters Gone?”)

","Gabon","Sub-Saharan Africa","","Aonyx congicus","Hydrictis maculicollis","","","","","Hunting & trapping terrestrial animals (intentional & unintentional)","","","Renewable energy","","","","","Marine & freshwater aquaculture","Biological resource use","Energy production & mining","Unspecified (habitat destruction)","","Agriculture & aquaculture"
"96","Otter Bulletin article","",1988,"Status and Distribution of Otters In the Amboro National Park, Bolivia","Bolivia","Latin America & Caribbean","","Lutrinae sp.","","","","","","Fishing & harvesting aquatic resources (intentional & unintentional)","Hunting & trapping terrestrial animals (intentional & unintentional)","Logging & wood harvesting (intentional & unintentional)","Mining & quarrying","","","","","","Biological resource use","Energy production & mining","","",""
"97","Otter Bulletin article","",2019,"Occurrence of Smooth-Coated Otter Lutrogale perspicillata in Sankaraparani River, Puducherry, India","India","South Asia","","Lutrogale perspicillata","","","","","","Hunting & trapping terrestrial animals (intentional & unintentional)","","","Mining & quarrying","","","","","","Biological resource use","Energy production & mining","","",""
"98","Journal Article","S. A. Primm; T. W. Clark",1996,"Making sense of the policy process for carnivore conservation","USA / Canada","North America","North America","Gulo gulo","","","","","","Hunting & trapping terrestrial animals (intentional & unintentional)","Logging & wood harvesting (intentional & unintentional)","","Recreational activities","","Oil & gas drilling","","","","Biological resource use","Human intrusions & disturbance","Energy production & mining","",""
"99","Journal Article","J. Aarissorensen",1987,"PAST AND PRESENT DISTRIBUTION OF BADGERS MELES-MELES IN THE COPENHAGEN AREA","Netherlands","Europe & Central Asia","Europe & Central Asia","Meles meles","","","","","","Logging & wood harvesting (intentional & unintentional)","","","Work & other activities","Recreational activities","","","","","Biological resource use","Human intrusions & disturbance","Other threats","",""
"100","Otter Bulletin article","Diana Morales-Betancourt
",2011,"Report of an Adaptive Reintroduction of a Juvenile Giant Otter (Pteronura brasiliensis)
","Colombia","Latin America & Caribbean","","Pteronura brasiliensis","","","","","","Hunting & trapping terrestrial animals (intentional & unintentional)","","","Recreational activities","","Industrial & military effluents","","","Marine & freshwater aquaculture","Biological resource use","Human intrusions & disturbance","Pollution","","Agriculture & aquaculture"
"101","Otter Bulletin article","",2002,"Distribution and Population Status of the Giant Otter Pteronura brasiliensis in Bolivia","Bolivia","Latin America & Caribbean","","Pteronura brasiliensis","","","","","","Fishing & harvesting aquatic resources (intentional & unintentional)","Hunting & trapping terrestrial animals (intentional & unintentional)","","Work & other activities","","Not specified","","","","Biological resource use","Human intrusions & disturbance","Pollution","",""
"102","Journal Article","S. Hong; D. K. Kim; Y. Do; J. Y. Kim; Y. M. Kim; P. Cowan; G. J. Joo",2018,"Stream health, topography, and land use influences on the distribution of the Eurasian otter Lutra lutra in the Nakdong River basin, South Korea","South Korea","East Asia & Pacific","East Asia","Lutra lutra","","","","","","Hunting & trapping terrestrial animals (intentional & unintentional)","","","Unspecified","","Unspecified (urbanisation)","","Other ecosystem modifications","","Biological resource use","Human intrusions & disturbance","Residential & commercial development","Natural system modifications",""
"103","Journal Article","F. W. Davis; C. Seo; W. J. Zielinski",2007,"Regional variation in home-range-scale habitat models for fisher (Pekania pennanti) in California","USA","North America","North America","Pekania pennanti","","","","","","Hunting & trapping terrestrial animals (intentional & unintentional)","Logging & wood harvesting (intentional & unintentional)","","Recreational activities","","Housing & urban areas","","","","Biological resource use","Human intrusions & disturbance","Residential & commercial development","",""
"104","Journal Article","W. J. Zielinski; J. A. Baldwin; R. L. Truex; J. M. Tucker; P. A. Flebbe",2013,"Estimating Trend in Occupancy for the Southern Sierra Fisher Pekania pennanti Population","USA","North America","North America","Pekania pennanti","","","","","","Logging & wood harvesting (intentional & unintentional)","","","","","","","","","Biological resource use","Human intrusions & disturbance","Residential & commercial development","",""
"105","Journal Article","C. J. Kyle; C. Strobeck",2001,"Genetic structure of North American wolverine (Gulo gulo) populations","USA / Canada","North America","North America","Gulo gulo","","","","","","Hunting & trapping terrestrial animals (intentional & unintentional)","","","Unspecified","","","","","","Biological resource use","Human intrusions & disturbance","","",""
"106","Journal Article","A. Loy; M. L. Carranza; C. Cianfrani; E. D'Alessandro; L. Bonesi; P. Di Marzio; M. Minotti; G. Reggiani",2009,"Otter Lutra lutra population expansion: assessing habitat suitability and connectivity in southern Italy","Italy","Europe & Central Asia","Europe & Central Asia","Lutra lutra","","","","","","Hunting & trapping terrestrial animals (intentional & unintentional)","","","Unspecified","","","","","","Biological resource use","Human intrusions & disturbance","","",""
"107","Journal Article","L. R. Gerber; M. T. Tinker; D. F. Doak; J. A. Estes; D. A. Jessup",2004,"Mortality sensitivity in life-stage simulation analysis: A case study of southern sea otters","USA","North America","North America","Enhydra lutris","","","","","","Fishing & harvesting aquatic resources (intentional & unintentional)","","","Viral/prion-induced diseases","","Recreational activities","","Industrial & military effluents","","Biological resource use","Invasive & other problematic species, genes & diseases","Human intrusions & disturbance","Pollution","Other threats"
"108","Journal Article","K. A. Sainsbury; R. F. Shore; H. Schofield; E. Croose; R. D. Campbell; R. A. McDonald",2019,"Recent history, current status, conservation and management of native mammalian carnivore species in Great Britain","United Kingdom","Europe & Central Asia","Europe & Central Asia","Lutra lutra","Martes martes","Mustela nivalis","Mustela erminea","Mustela putorius","Meles meles","Hunting & trapping terrestrial animals (intentional & unintentional)","","","Invasive non-native/alien species/diseases","Viral/prion-induced diseases","Agricultural & forestry effluents","","Unspecified (habitat destruction)","","Biological resource use","Invasive & other problematic species, genes & diseases","Pollution","Natural system modifications",""
"109","Journal Article","V. E. Sidorovich",1991,"STRUCTURE, REPRODUCTIVE STATUS AND DYNAMICS OF THE OTTER POPULATION IN BELORUSSIA","Belarus","Europe & Central Asia","Europe & Central Asia","Lutra lutra","","","","","","Hunting & trapping terrestrial animals (intentional & unintentional)","Fishing & harvesting aquatic resources (intentional & unintentional)","","Diseases of unknown cause","","Roads & railroads","","","Industrial & military effluents","Biological resource use","Invasive & other problematic species, genes & diseases","Transportation & service corridors","","Pollution"
"110","SCC","",1991,"The conservation status of the badger Meles meles (L.) in Europe","Europe","Europe & Central Asia","Europe & Central Asia","Meles meles","","","","","","Hunting & trapping terrestrial animals (intentional & unintentional)","","","Problematic native species/diseases","","Roads & railroads","","","","Biological resource use","Invasive & other problematic species, genes & diseases","Transportation & service corridors","",""
"111","Journal Article","C. E. Chehebar; A. Gallur; G. Giannico; M. D. Gottelli; P. Yorio",1986,"A SURVEY OF THE SOUTHERN RIVER OTTER LUTRA-PROVOCAX IN LANIN-NATIONAL-PARK PUELO-NATIONAL-PARK AND LOS-ALERCES-NATIONAL-PARK, ARGENTINA, AND EVALUATION OF ITS CONSERVATION STATUS","Argentina","Latin America & Caribbean","Latin America","Lontra provocax","","","","","","Hunting & trapping terrestrial animals (intentional & unintentional)","","","Invasive non-native/alien species/diseases","","","","","","Biological resource use","Invasive & other problematic species, genes & diseases","","",""
"112","Journal Article","K. Kauhala",1995,"CHANGES IN DISTRIBUTION OF THE EUROPEAN BADGER MELES-MELES IN FINLAND DURING THE RAPID COLONIZATION OF THE RACCOON DOG","Finland","Europe & Central Asia","Europe & Central Asia","Meles meles","","","","","","Hunting & trapping terrestrial animals (intentional & unintentional)","","","Problematic native species/diseases","","","","","","Biological resource use","Invasive & other problematic species, genes & diseases","","",""
"113","Journal Article","I. D. Thompson; W. J. Curran",1995,"Habitat suitability for marten of second-growth balsam fir forests in Newfoundland","Canada","North America","North America","Martes americana","","","","","","Logging & wood harvesting (intentional & unintentional)","","","","","","","","","Biological resource use","Invasive & other problematic species, genes & diseases","","",""
"114","Journal Article","J. A. Estes; B. B. Hatfield; K. Ralls; J. Ames",2003,"Causes of mortality in California sea otters during periods of population growth and decline","USA","North America","North America","Enhydra lutris","","","","","","Fishing & harvesting aquatic resources (intentional & unintentional)","","","Viral/prion-induced diseases","","","","","","Biological resource use","Invasive & other problematic species, genes & diseases","","",""
"115","Journal Article","M. J. Shaughnessy; R. L. Cifelli",2004,"Influence of black-tailed prairie dog towns (Cynomys ludovicianus) on carnivore distributions in the Oklahoma Panhandle","USA","North America","North America","Taxidea taxus","","","","","","Hunting & trapping terrestrial animals (intentional & unintentional)","","","Problematic native species/diseases","","","","","","Biological resource use","Invasive & other problematic species, genes & diseases","","",""
"116","Journal Article","J. D. Steventon; D. K. Daust",2009,"Management strategies for a large-scale mountain pine beetle outbreak: Modelling impacts on American martens","Canada","North America","North America","Martes americana","","","","","","Logging & wood harvesting (intentional & unintentional)","","","Problematic native species/diseases","","","","","","Biological resource use","Invasive & other problematic species, genes & diseases","","",""
"117","Journal Article","S. M. Halsey; W. J. Zielinski; R. M. Scheller",2015,"Modeling predator habitat to enhance reintroduction planning","USA","North America","North America","Pekania pennanti","","","","","","Logging & wood harvesting (intentional & unintentional)","","","Problematic native species/diseases","","","","","","Biological resource use","Invasive & other problematic species, genes & diseases","","",""
"118","SCC","",1995,"Some data about the European mink Mustela lutreola distribution in the Lovat River Basin Russia and Belarus: Current status and retrospective analysis","Russia / Belarus","Europe & Central Asia","Europe & Central Asia","Mustela lutreola","","","","","","Hunting & trapping terrestrial animals (intentional & unintentional)","","","Invasive non-native/alien species/diseases","","","","","","Biological resource use","Invasive & other problematic species, genes & diseases","","",""
"119","SCC","",1995,"Recovery of the European polecat (Mustela putorius) in Britain","United Kingdom","Europe & Central Asia","Europe & Central Asia","Mustela putorius","","","","","","Hunting & trapping terrestrial animals (intentional & unintentional)","","","Introduced genetic material","","","","","","Biological resource use","Invasive & other problematic species, genes & diseases","","",""
"120","SCC","",1999,"The European mink (Mustela lutreola) in the Danube Delta","Europe","Europe & Central Asia","Europe & Central Asia","Mustela lutreola","","","","","","Hunting & trapping terrestrial animals (intentional & unintentional)","","","Invasive non-native/alien species/diseases","","","","","","Biological resource use","Invasive & other problematic species, genes & diseases","","",""
"121","SCC","",2009,"Conserving American Marten Martes americana winter habitat in sub-boreal spruce forests affected by Mountain Pine Beetle Dendroctonus ponderosae infestations and logging in British Columbia, Canada","Canada","North America","North America","Martes americana","","","","","","Logging & wood harvesting (intentional & unintentional)","","","Problematic native species/diseases","","","","","","Biological resource use","Invasive & other problematic species, genes & diseases","","",""
"122","Journal Article","T. Lode; J. P. Cormier; D. Le Jacques",2001,"Decline in endangered species as an indication of anthropic pressures: The case of European mink Mustela lutreola western population","Europe","Europe & Central Asia","Europe & Central Asia","Mustela lutreola","","","","","","Hunting & trapping terrestrial animals (intentional & unintentional)","","","Dams & water management/use","","Annual & perennial non-timber crops","Livestock farming & ranching","Invasive non-native/alien species/diseases","Industrial & military effluents","Biological resource use","Natural system modifications","Agriculture & aquaculture","Invasive & other problematic species, genes & diseases","Pollution"
"123","Journal Article","N. Gupta; V. Tiwari; M. Everard; M. Savage; S. A. Hussain; M. A. Chadwick; J. A. Johnson; A. Nawab; V. K. Belwal",2020,"Assessing the distribution pattern of otters in four rivers of the Indian Himalayan biodiversity hotspot","India","South Asia","South Asia","Lutra lutra","Lutrogale perspicillata","Aonyx cinereus","","","","Hunting & trapping terrestrial animals (intentional & unintentional)","Fishing & harvesting aquatic resources (intentional & unintentional)","","Dams & water management/use","","Mining & quarrying","","Habitat shifting & alteration","","Biological resource use","Natural system modifications","Energy production & mining","Climate change & severe weather",""
"124","Journal Article","T. Maran; H. Henttonen",1995,"WHY IS THE EUROPEAN MINK (MUSTELA-LUTREOLA) DISAPPEARING - A REVIEW OF THE PROCESS AND HYPOTHESES","Europe","Europe & Central Asia","Europe & Central Asia","Mustela lutreola","","","","","","Hunting & trapping terrestrial animals (intentional & unintentional)","Logging & wood harvesting (intentional & unintentional)","","Dams & water management/use","","Invasive non-native/alien species/diseases","Introduced genetic material","","","Biological resource use","Natural system modifications","Invasive & other problematic species, genes & diseases","",""
"125","Journal Article","M. Rais; M. Z. Khan; S. A. Ghalib; D. Abbass; W. A. Khan; I. Saeed ul; A. Husnain",2009,"Recent Records of Smooth-Coated Otter (Lutrogale perspicillata) from Sindh, Pakistan","Pakistan","South Asia","South Asia","Lutrogale perspicillata","","","","","","Hunting & trapping terrestrial animals (intentional & unintentional)","","","Dams & water management/use","","","","","","Biological resource use","Natural system modifications","Other threats","",""
"126","Journal Article","N. Mucci; J. Arrendal; H. Ansorge; M. Bailey; M. Bodner; M. Delibes; A. Ferrando; P. Fournier; C. Fournier; J. A. Godoy; P. Hajkova; S. Hauer; T. Heggberget; D. Heidecke; H. Kirjavainen; H. H. Krueger; K. Kvaloy; L. Lafontaine; J. Lanszki; C. Lemarchand; U. M. Liukko; V. Loeschcke; G. Ludwig; A. B. Madsen; L. Mercier; J. Ozolins; M. Paunovic; C. Pertoldi; A. Piriz; C. Prigioni; M. Santos-Reis; T. S. Luis; T. Stjernberg; H. Schmid; F. Suchentrunk; J. Teubner; R. Tornberg; O. Zinke; E. Randi",2010,"Genetic diversity and landscape genetic structure of otter (Lutra lutra) populations in Europe","Europe","Europe & Central Asia","Europe & Central Asia","Lutra lutra","","","","","","Hunting & trapping terrestrial animals (intentional & unintentional)","","","Dams & water management/use","Other ecosystem modifications","Industrial & military effluents","Agricultural & forestry effluents","","","Biological resource use","Natural system modifications","Pollution","",""
"127","Journal Article","P. Gariano; A. Balestrieri",2018,"'Otter, come out!': taking away the stone on the southernmost Italian Lutra lutra population","Italy","Europe & Central Asia","Europe & Central Asia","Lutra lutra","","","","","","Hunting & trapping terrestrial animals (intentional & unintentional)","","","Unspecified (habitat destruction)","","Unspecified","","","","Biological resource use","Natural system modifications","Pollution","",""
"128","Otter Bulletin article","",2016,"The Perilous Voyage of Indian Himalayan ‘Ambassadors’ amidst Anthropogenic Pressures and changing Climatic Variables","India","South Asia","","Lutrinae sp.","","","","","","Fishing & harvesting aquatic resources (intentional & unintentional)","Not specified (Habitat deterioration)","","Dams & water management/use","","Not specified","","","","Biological resource use","Natural system modifications","Pollution","",""
"129","Otter Bulletin article","",2020,"A Survey of the Eurasian Otter Lutra lutra and Human-Otter Interaction in the Middle Oum Er Rbia River, Morocco","Morocco","Middle East & North Africa","","Lutra lutra","","","","","","Hunting & trapping terrestrial animals (intentional & unintentional)","","","Other ecosystem modifications","","Industrial & military effluents","Agricultural & forestry effluents","","","Biological resource use","Natural system modifications","Pollution","",""
"130","SCC","",1993,"Badger game-bag data estimates of badger (Meles meles) population sizes in Europe","Europe","Europe & Central Asia","Europe & Central Asia","Meles meles","","","","","","Hunting & trapping terrestrial animals (intentional & unintentional)","","","Other ecosystem modifications","","Roads & railroads","","","","Biological resource use","Natural system modifications","Transportation & service corridors","",""
"131","Journal Article","T. Lode",1993,"THE DECLINE OF OTTER LUTRA-LUTRA POPULATIONS IN THE REGION OF THE PAYS-DE-LOIRE, WESTERN FRANCE","France","Europe & Central Asia","Europe & Central Asia","Lutra lutra","","","","","","Fishing & harvesting aquatic resources (intentional & unintentional)","","","Other ecosystem modifications","","","","","","Biological resource use","Natural system modifications","","",""
"132","Journal Article","R. S. A. Pickles; J. J. Groombridge; V. D. Z. Rojas; P. Van Damme; D. Gottelli; C. V. Ariani; W. C. Jordan",2012,"Genetic diversity and population structure in the endangered giant otter, Pteronura brasiliensis","South America","Latin America & Caribbean","Latin America","Pteronura brasiliensis","","","","","","Hunting & trapping terrestrial animals (intentional & unintentional)","","","Dams & water management/use","","","","","","Biological resource use","Natural system modifications","","",""
"133","Journal Article","V. V. Rozhnov; S. L. Pishchulina; I. G. Meschersky; L. V. Simakin; O. E. Lazebny; S. N. Kashtanov",2013,"Genetic structure of sable (Martes zibellina L.) in Eurasia-analysis of the mitochondrial lineages distribution","Russia","Europe & Central Asia","Europe & Central Asia","Martes zibellina","","","","","","Hunting & trapping terrestrial animals (intentional & unintentional)","","","Fire & fire suppression","","","","","","Biological resource use","Natural system modifications","","",""
"134","Journal Article","J. D. Sauder; J. L. Rachlow",2015,"Forest heterogeneity influences habitat selection by fishers (Pekania pennanti) within home ranges","USA","North America","North America","Pekania pennanti","","","","","","Logging & wood harvesting (intentional & unintentional)","","","Fire & fire suppression","","","","","","Biological resource use","Natural system modifications","","",""
"135","Journal Article","P. N. Marler; E. D. Jose; L. S. G. Castro; J. B. Gonzalez",2018,"Mammals of Cleopatra's Needle Critical Habitat: Outcomes of a rapid assessment","Philippines","East Asia & Pacific","East Asia","Aonyx cinereus","","","","","","Hunting & trapping terrestrial animals (intentional & unintentional)","","","Other ecosystem modifications","","","","","","Biological resource use","Natural system modifications","","",""
"136","Otter Bulletin article","",1987,"The Otter And Its Conservation In The Valencian Region (E. Spain)","Spain","Europe & Central Asia","","Lutra lutra","","","","","","Hunting & trapping terrestrial animals (intentional & unintentional)","","","Dams & water management/use","","","","","","Biological resource use","Natural system modifications","","",""
"137","SCC","",1989,"Diversity and conservation status of mustelids in Mexico","Mexico","Latin America & Caribbean","Latin America","Taxidea taxus","Galictis vittata","","","","","Hunting & trapping terrestrial animals (intentional & unintentional)","","","Other ecosystem modifications","","","","","","Biological resource use","Natural system modifications","","",""
"138","SCC","",1992,"Status, abundance and distribution of mustelids in Lithuania","Lithuania","Europe & Central Asia","Europe & Central Asia","Mustela erminea","Mustela nivalis","Mustela putorius","Meles meles","","","Hunting & trapping terrestrial animals (intentional & unintentional)","","","Dams & water management/use","","","","","","Biological resource use","Natural system modifications","","",""
"139","SCC","",1997,"Small canrnivores in Laos: a status review with notes on ecology, behaviour and conservation","Laos","East Asia & Pacific","East Asia","Multiple sp.","","","","","","Hunting & trapping terrestrial animals (intentional & unintentional)","Logging & wood harvesting (intentional & unintentional)","","Dams & water management/use","","","","","","Biological resource use","Natural system modifications","","",""
"140","SCC","",2013,"Small carnivores of the Mt Rungwe–Kitulo landscape, southwest Tanzania:presence, distributions and threats","Tanzania","Sub-Saharan Africa","Sub-Saharan Africa","Poecilogale albinucha","Aonyx capensis","Mellivora capensis","","","","Hunting & trapping terrestrial animals (intentional & unintentional)","Logging & wood harvesting (intentional & unintentional)","","Fire & fire suppression","","","","","","Biological resource use","Natural system modifications","","",""
"141","Journal Article","T. L. Serfass; R. L. Peper; M. T. Whary; R. P. Brooks",1993,"RIVER OTTER (LUTRA-CANADENSIS) REINTRODUCTION IN PENNSYLVANIA, PRERELEASE CARE AND CLINICAL-EVALUATION","USA","North America","North America","Lontra canadensis","","","","","","Hunting & trapping terrestrial animals (intentional & unintentional)","","","","","","","","","Biological resource use","Other threats","","",""
"142","Journal Article","A. M. Doroff; J. A. Estes; M. T. Tinker; D. M. Burn; T. J. Evans",2003,"Sea otter population declines in the Aleutian archipelago","USA","North America","North America","Enhydra lutris","","","","","","Hunting & trapping terrestrial animals (intentional & unintentional)","","","","","","","","","Biological resource use","Other threats","","",""
"143","Journal Article","D. O'Mahony; C. O'Reilly; P. Turner",2012,"Pine marten (Martes martes) distribution and abundance in Ireland: A cross-jurisdictional analysis using non-invasive genetic survey techniques","Ireland","Europe & Central Asia","Europe & Central Asia","Martes martes","","","","","","Logging & wood harvesting (intentional & unintentional)","","","","","","","","","Biological resource use","Other threats","","",""
"144","Journal Article","J. A. Cursach; J. R. Rau; F. Ther; J. Vilugron; C. N. Tobar",2012,"Synanthropy and marine conservation: the case of the marine otter Lontra felina in Southern Chile","Chile","Latin America & Caribbean","Latin America","Lontra felina","","","","","","Fishing & harvesting aquatic resources (intentional & unintentional)","","","Invasive non-native/alien species/diseases","","","","","","Biological resource use","Other threats","","",""
"145","Journal Article","K. E. Brzeski; M. S. Gunther; J. M. Black",2013,"Evaluating River Otter Demography Using Noninvasive Genetic Methods","USA","North America","North America","Lontra canadensis","","","","","","Hunting & trapping terrestrial animals (intentional & unintentional)","","","","","","","","","Biological resource use","Other threats","","",""
"146","Journal Article","J. R. Brandt; A. L. Brandt; F. K. Ammer; A. L. Roca; T. L. Serfass",2014,"Impact of Population Expansion on Genetic Diversity and Structure of River Otters (Lontra canadensis) in Central North America","Canada","North America","North America","Lontra canadensis","","","","","","Hunting & trapping terrestrial animals (intentional & unintentional)","","","","","","","","","Biological resource use","Other threats","","",""
"147","Journal Article","J. E. Greenhorn; J. Bowman; P. J. Wilson",2018,"Genetic monitoring suggests increasing structure following recolonization by fishers","Canada","North America","North America","Pekania pennanti","","","","","","Hunting & trapping terrestrial animals (intentional & unintentional)","Logging & wood harvesting (intentional & unintentional)","","","","","","","","Biological resource use","Other threats","","",""
"148","Journal Article","S. Gallina; A. Gonzalez-Romero",2018,"The conservation of medium-sized mammals in two private ecological reserves of Veracruz, Mexico","Mexico","Latin America & Caribbean","Latin America","Eira barbara","Galictis vittata","","","","","","","","","","","","","","Biological resource use","Other threats","","",""
"149","Journal Article","N. R. Bieber; S. P. Wilson; C. R. Allen",2018,"River Otter Distribution in Nebraska","USA","North America","North America","Lontra canadensis","","","","","","Hunting & trapping terrestrial animals (intentional & unintentional)","","","","","","","","","Biological resource use","Other threats","","",""
"150","SCC","",2012,"Small carnivores, big database: inferring possible small carnivore distribution and population trends in Israel from over 30 years of recorded sightings","Israel","Middle East & North Africa","Middle East & North Africa","Vormela peregusna","","","","","","Hunting & trapping terrestrial animals (intentional & unintentional)","","","","","","","","","Biological resource use","Other threats","","",""
"151","Otter Bulletin article","",2008,"A Working Review of the Hairy-Nosed Otter (Lutra sumatrana)","Asia","East Asia & Pacific","","Lutra sumatrana","","","","","","Hunting & trapping terrestrial animals (intentional & unintentional)","Fishing & harvesting aquatic resources (intentional & unintentional)","","Industrial & military effluents","Agricultural & forestry effluents","Wood & pulp plantations","","Problematic native species/diseases","","Biological resource use","Pollution","Agriculture & aquaculture","Invasive & other problematic species, genes & diseases",""
"152","SCC","",2009,"Distribution and habitat modelling for Colombian Weasel Mustela felipei in the Northern Andes","Colombia / Ecuador","Latin America & Caribbean","Latin America","Mustela felipei","","","","","","Hunting & trapping terrestrial animals (intentional & unintentional)","","","Industrial & military effluents","","Livestock farming & ranching","","Housing & urban areas","","Biological resource use","Pollution","Agriculture & aquaculture","Residential & commercial development",""
"153","Journal Article","J. Mathai; J. W. Duckworth; E. Meijaard; G. Fredriksson; J. Hon; A. Sebastian; M. Ancrenaz; A. J. Hearn; J. Ross; S. Cheyne; A. Wilting; C. Borneo Carnivore",2016,"Carnivore conservation planning on Borneo: identifying key carnivore landscapes, research priorities and conservation interventions","Malaysia","East Asia & Pacific","East Asia","Aonyx cinereus","Lutra lutra","Lutra sumatrana","Lutrogale perspicillata","","","Hunting & trapping terrestrial animals (intentional & unintentional)","","","Agricultural & forestry effluents","Industrial & military effluents","Wood & pulp plantations","","","","Biological resource use","Pollution","Agriculture & aquaculture","",""
"154","Otter Bulletin article","Tangkor Dong, Monorum Tep, Sotheary Lim, Sophall Soun and Tevy Chrin",2010,"Distribution of Otters in the Tropeang Roung, Koh Kong Province, Cambodia","Cambodia","East Asia & Pacific","","Lutrogale perspicillata","Lutra sumatrana","","","","","Logging & wood harvesting (intentional & unintentional)","Hunting & trapping terrestrial animals (intentional & unintentional)","","Industrial & military effluents","","Mining & quarrying","","","","Biological resource use","Pollution","Energy production & mining","",""
"155","Otter Bulletin article","",2018,"Assessment of Population of Smooth-Coated Otters Lutrogale perspicillata in Tungabhadra Otter Conservation Reserve (TOCR), North Karnataka, India","India","South Asia","","Lutrogale perspicillata","","","","","","Fishing & harvesting aquatic resources (intentional & unintentional)","Hunting & trapping terrestrial animals (intentional & unintentional)","","Not specified","","Mining & quarrying","","","","Biological resource use","Pollution","Energy production & mining","",""
"156","Otter Bulletin article","",2018,"Status of the Hairy-Nosed Otter (Lutra sumatrana) in Peninsular Malaysia","Malaysia","East Asia & Pacific","","Lutra sumatrana","","","","","","Hunting & trapping terrestrial animals (intentional & unintentional)","","","Agricultural & forestry effluents","","Recreational activities","","Mining & quarrying","","Biological resource use","Pollution","Human intrusions & disturbance","Energy production & mining",""
"157","Otter Bulletin article","Waseem Ahmad Khan and Hussain Bux Bhagat
",2010,"Otter Conservation In Pakistan
","Pakistan","South Asia","","Lutrogale perspicillata","Lutra lutra","","","","","Hunting & trapping terrestrial animals (intentional & unintentional)","","","Unspecified","","Recreational activities","","","Marine & freshwater aquaculture","Biological resource use","Pollution","Human intrusions & disturbance","Unspecified (habitat destruction)","Agriculture & aquaculture"
"158","Otter Bulletin article","",2001,"Distribution of the Neotropical Otter Lontra longicaudis in the Venezuelan Andes: Habitat and Status of its Population","Venezuela","Latin America & Caribbean","","Lontra longicaudis","","","","","","Hunting & trapping terrestrial animals (intentional & unintentional)","Not specified (Habitat deterioration)","","Not specified","","Work & other activities","","","","Biological resource use","Pollution","Human intrusions & disturbance","",""
"159","Otter Bulletin article","Angela. M. Doroff, Brian Hatfield, Alexander Burdin, Linda Nichol, Kaoru Hattoris and Vladimir Burkanov
",2011,"Status Review: Sea Otter (Enhydra lutris) Population Status and Trend
","USA / Canada","North America","","Enhydra lutris","","","","","","Hunting & trapping terrestrial animals (intentional & unintentional)","","","Industrial & military effluents","","Diseases of unknown cause","","Marine & freshwater aquaculture","","Biological resource use","Pollution","Invasive & other problematic species, genes & diseases","Agriculture & aquaculture",""
"160","Journal Article","J. Zabala; I. Zuberogoitia; I. Garin; J. Aihartza",2003,"Landscape features in the habitat selection of European mink (Mustela lutreola) in south-western Europe","Spain","Europe & Central Asia","Europe & Central Asia","Mustela lutreola","","","","","","Hunting & trapping terrestrial animals (intentional & unintentional)","","","Industrial & military effluents","","Invasive non-native/alien species/diseases","","","","Biological resource use","Pollution","Invasive & other problematic species, genes & diseases","Other threats",""
"161","Journal Article","J. L. Tison; V. Blennow; E. Palkopoulou; P. Gustafsson; A. Roos; L. Dalen",2015,"Population structure and recent temporal changes in genetic variation in Eurasian otters from Sweden","Sweden","Europe & Central Asia","Europe & Central Asia","Lutra lutra","","","","","","Hunting & trapping terrestrial animals (intentional & unintentional)","","","Industrial & military effluents","","Other","","","","Biological resource use","Pollution","Invasive & other problematic species, genes & diseases","",""
"162","Otter Bulletin article","H.A. Akpona, B. Sinsin and G.A. Mensah
",2011,"Monitoring and Threat Assessment of the Spotted-Necked Otter (Lutra maculicollis) in Southern Benin Wetlands
","Benin","Sub-Saharan Africa","","Hydrictis maculicollis","","","","","","Hunting & trapping terrestrial animals (intentional & unintentional)","","","Unspecified","","Fire & fire suppression","","Marine & freshwater aquaculture","","Biological resource use","Pollution","Natural system modifications","Agriculture & aquaculture",""
"163","Otter Bulletin article","",2020,"Eurasian Otter (Lutra lutra): Exploring Evidence in Nepal","Nepal","South Asia","","Lutra lutra","","","","","","Hunting & trapping terrestrial animals (intentional & unintentional)","Fishing & harvesting aquatic resources (intentional & unintentional)","","","","Dams & water management/use","","Livestock farming & ranching","","Biological resource use","Pollution","Natural system modifications","Agriculture & aquaculture",""
"164","Otter Bulletin article","",2009,"A Survey of Smooth Coated Otters (Lutrogale perspicillata sindica) in the Sindh Province of Pakistan","Pakistan","South Asia","","Lutrogale perspicillata","","","","","","Hunting & trapping terrestrial animals (intentional & unintentional)","Not specified (Habitat deterioration)","","Domestic & urban waste water","Industrial & military effluents","Fire & fire suppression","","Recreational activities","Annual & perennial non-timber crops","Biological resource use","Pollution","Natural system modifications","Human intrusions & disturbance","Agriculture & aquaculture"
"165","Journal Article","T. M. Cohen; T. Narkiss; A. Dolev; Y. Ben-Ari; N. Kronfeld-Schor; A. Guter; D. Saltz; G. K. Bar-Gal",2013,"Genetic Diversity of the Eurasian Otter (Lutra lutra) Population in Israel","Israel","Middle East & North Africa","Middle East & North Africa","Lutra lutra","","","","","","Hunting & trapping terrestrial animals (intentional & unintentional)","","","Unspecified","","Dams & water management/use","","Roads & railroads","","Biological resource use","Pollution","Natural system modifications","Transportation & service corridors",""
"166","Journal Article","I. Lehoczky; D. L. Dalton; J. Lanszki; Z. Sallai; M. T. Madisha; L. J. Nupen; A. Kotze",2015,"Assessment of population structure in Hungarian otter populations","Hungary","Europe & Central Asia","Europe & Central Asia","Lutra lutra","","","","","","Hunting & trapping terrestrial animals (intentional & unintentional)","","","Industrial & military effluents","","Unspecified (habitat destruction)","","Roads & railroads","","Biological resource use","Pollution","Natural system modifications","Transportation & service corridors",""
"167","SCC","",1990,"The European mink in France: past and present","France","Europe & Central Asia","Europe & Central Asia","Mustela lutreola","","","","","","Hunting & trapping terrestrial animals (intentional & unintentional)","","","Industrial & military effluents","","Dams & water management/use","","Roads & railroads","","Biological resource use","Pollution","Natural system modifications","Transportation & service corridors",""
"168","Journal Article","E. Randi; F. Davoli; M. Pierpaoli; C. Pertoldi; A. B. Madsen; V. Loeschcke",2003,"Genetic structure in otter (Lutra lutra) populations in Europe: implications for conservation","Europe","Europe & Central Asia","Europe & Central Asia","Lutra lutra","","","","","","Hunting & trapping terrestrial animals (intentional & unintentional)","","","Unspecified","","Other ecosystem modifications","","","","Biological resource use","Pollution","Natural system modifications","",""
"169","Journal Article","C. Cianfrani; L. Maiorano; A. Loy; A. Kranz; A. Lehmann; R. Maggini; A. Guisan",2013,"There and back again? Combining habitat suitability modelling and connectivity analyses to assess a potential return of the otter to Switzerland","Switzerland","Europe & Central Asia","Europe & Central Asia","Lutra lutra","","","","","","Hunting & trapping terrestrial animals (intentional & unintentional)","","","Industrial & military effluents","","Unspecified (habitat destruction)","","","","Biological resource use","Pollution","Natural system modifications","",""
"170","Journal Article","T. M. Carone; A. Guisan; C. Cianfrani; T. Simoniello; A. Loy; M. L. Carranza",2014,"A multi-temporal approach to model endangered species distribution in Europe. The case of the Eurasian otter in Italy","Italy","Europe & Central Asia","Europe & Central Asia","Lutra lutra","","","","","","Hunting & trapping terrestrial animals (intentional & unintentional)","","","Unspecified","","Unspecified (habitat destruction)","","","","Biological resource use","Pollution","Natural system modifications","",""
"171","Journal Article","E. A. Martin; M. Heurich; J. Muller; L. Bufka; O. Bubliy; J. Fickel",2017,"Genetic variability and size estimates of the Eurasian otter (Lutra lutra) population in the Bohemian Forest Ecosystem","Germany","Europe & Central Asia","Europe & Central Asia","Lutra lutra","","","","","","Hunting & trapping terrestrial animals (intentional & unintentional)","","","Unspecified","","Unspecified (habitat loss)","","","","Biological resource use","Pollution","Natural system modifications","",""
"172","Otter Bulletin article","",2004,"The Eurasian Otter in the South Caucasus","Georgia","Europe & Central Asia","","Lutra lutra","","","","","","Hunting & trapping terrestrial animals (intentional & unintentional)","Logging & wood harvesting (intentional & unintentional)","","Industrial & military effluents","","Dams & water management/use","","","","Biological resource use","Pollution","Natural system modifications","",""
"173","Journal Article","E. J. Raesly",2001,"Progress and status of river otter reintroduction projects in the United States","USA","North America","North America","Lontra canadensis","","","","","","Hunting & trapping terrestrial animals (intentional & unintentional)","","","","","","","","","Biological resource use","Pollution","Other threats","",""
"174","Journal Article","M. R. Jeffress; C. P. Paukert; J. B. Whittier; B. K. Sandercock; P. S. Gipson",2011,"Scale-dependent Factors Affecting North American River Otter Distribution in the Midwest","USA","North America","North America","Lontra canadensis","","","","","","Hunting & trapping terrestrial animals (intentional & unintentional)","","","Unspecified","","","","","","Biological resource use","Pollution","Other threats","",""
"175","Journal Article","E. K. Latch; D. G. Scognamillo; J. A. Fike; M. J. Chamberlain; O. E. Rhodes",2008,"Deciphering ecological barriers to North American river otter (Lontra canadensis) gene flow in the Louisiana landscape","USA","North America","North America","Lontra canadensis","","","","","","Hunting & trapping terrestrial animals (intentional & unintentional)","","","Unspecified","","Unspecified","","","","Biological resource use","Pollution","Residential & commercial development","",""
"176","Otter Bulletin article","",1988,"Otters in Western Greece and Corfu","Greece","Europe & Central Asia","","Lutra lutra","","","","","","Fishing & harvesting aquatic resources (intentional & unintentional)","","","Not specified","","Roads & railroads","","Livestock farming & ranching","","Biological resource use","Pollution","Transportation & service corridors","Agriculture & aquaculture",""
"177","Otter Bulletin article","",1988,"The Otter (Lutra lutra) in Brittany","France","Europe & Central Asia","","Lutra lutra","","","","","","Not specified (Habitat deterioration)","Hunting & trapping terrestrial animals (intentional & unintentional)","","Not specified","","Roads & railroads","","","","Biological resource use","Pollution","Transportation & service corridors","",""
"178","Otter Bulletin article","",2004,"Why Philosophers Should Be Interested In Otters, And Why Otters Should Be Interested In Philosophy","Netherlands","Europe & Central Asia","","Lutra lutra","","","","","","Fishing & harvesting aquatic resources (intentional & unintentional)","Not specified (Habitat deterioration)","","Not specified","","Roads & railroads","","","","Biological resource use","Pollution","Transportation & service corridors","",""
"179","Otter Bulletin article","O. Eric Ramírez-Bravo, Paola Lizbeth Moreno Barrera and Lorna Hernández-Santín",2013,"Public Participation as an Aid to Conserve Little Known Species: The Case of the Neotropical Otter Lontra Longicaudis (Olfers, 1818) in Central Mexico
","Mexico","Latin America & Caribbean","","Lontra longicaudis","","","","","","Hunting & trapping terrestrial animals (intentional & unintentional)","","","Unspecified","","","","","","Biological resource use","Pollution","Unspecified (habitat destruction)","",""
"180","Otter Bulletin article","Peter Urban",2013,"Re-Colonisation of the Eurasian Otter (Lutra lutra) in the Hron River Catchment (Slovakia) – a Preliminary Report from a Survey, or Who Reintroduced the Otter in the Hron River and Why?","Slovakia","Europe & Central Asia","","Lutra lutra","","","","","","Hunting & trapping terrestrial animals (intentional & unintentional)","","","Unspecified","","","","","","Biological resource use","Pollution","Unspecified (habitat destruction)","",""
"181","Otter Bulletin article","Leslie Thompson and Lei Lani Stelle",2014,"Prey Preference of the North American River Otter (Lontra canadensis) evaluated based on Optimal Foraging Theory","USA","North America","","Lontra canadensis","","","","","","Hunting & trapping terrestrial animals (intentional & unintentional)","","","Unspecified","","","","","","Biological resource use","Pollution","Unspecified (habitat destruction)","",""
"182","Otter Bulletin article","Prakash Chettri and Melissa Savage",2014,"A Distribution Survey for Otters along a River in Central Bhutan","Bhutan","South Asia","","Lutrogale perspicillata","Lutra lutra","Aonyx cinereus","","","","Hunting & trapping terrestrial animals (intentional & unintentional)","","","","","","","","","Biological resource use","Pollution","Unspecified (habitat destruction)","",""
"183","Journal Article","D. J. McCafferty; E. C. M. Parsons",2011,"Marine Mammal Ecotypes: Implications for Otter Conservation and Management","Global","Global","Global","Enhydra lutris","Lontra felina","","","","","Hunting & trapping terrestrial animals (intentional & unintentional)","Fishing & harvesting aquatic resources (intentional & unintentional)","","Industrial & military effluents","","","","","","Biological resource use","Pollution","","",""
"184","Journal Article","A. A. Poblete; K. Gorski; J. Moscoso",2019,"Estimation of the diet of chungungo Lontra felina (Molina, 1782) in two locations of the coast of the Biobio Region, Chile","Chile","Latin America & Caribbean","Latin America","Lontra felina","","","","","","Hunting & trapping terrestrial animals (intentional & unintentional)","","","Unspecified","","","","","","Biological resource use","Pollution","","",""
"185","Otter Bulletin article","",1986,"The River Otter, Lutra canadensis, in Canada","Canada","North America","","Lontra canadensis","","","","","","Not specified (Habitat deterioration)","","","Not specified","","","","","","Biological resource use","Pollution","","",""
"186","Otter Bulletin article","",1987,"The Smooth-Coated Otter in Nepal","Nepal","South Asia","","Lutrogale perspicillata","","","","","","Not specified (Habitat deterioration)","","","Industrial & military effluents","","","","","","Biological resource use","Pollution","","",""
"187","Otter Bulletin article","",1989,"Southern Sea Otter, the Process to Translocate and the Results of the Initial Year, August 1987 - August 1988","USA","North America","","Enhydra lutris","","","","","","Fishing & harvesting aquatic resources (intentional & unintentional)","","","Industrial & military effluents","","","","","","Biological resource use","Pollution","","",""
"188","Otter Bulletin article","",1989,"Otter Survey in the Northern Part of the Netherlands","Netherlands","Europe & Central Asia","","Lutra lutra","","","","","","Not specified (Habitat deterioration)","","","Not specified","","","","","","Biological resource use","Pollution","","",""
"189","Otter Bulletin article","",1989,"The Situation of the Otter in Flanders, Belgium","Belgium","Europe & Central Asia","","Lutra lutra","","","","","","Not specified (Habitat deterioration)","Hunting & trapping terrestrial animals (intentional & unintentional)","","Not specified","","","","","","Biological resource use","Pollution","","",""
"190","Otter Bulletin article","",2004,"Assessing The Distribution Of Reintroduced Populations Of River Otters In Pennsylvania (USA) - Development Of A Landscape- Level Approach","USA","North America","","Lontra canadensis","","","","","","Hunting & trapping terrestrial animals (intentional & unintentional)","","","Not specified","","","","","","Biological resource use","Pollution","","",""
"191","Otter Bulletin article","",2006,"Habitats, Distribution and Population Density Otter Survey in the Western Rhodopes Mountains (Southern Bulgaria)","Bulgaria","Europe & Central Asia","","Lutra lutra","","","","","","Fishing & harvesting aquatic resources (intentional & unintentional)","","","Not specified","","","","","","Biological resource use","Pollution","","",""
"192","Otter Bulletin article","",2007,"Species-Wise Disparity In Scientific Knowledge About Otters: An Obstacle To Optimal Management And Conservation Actions?","Global","Global","","Lutrinae sp.","","","","","","Not specified (Habitat deterioration)","","","Not specified","","","","","","Biological resource use","Pollution","","",""
"193","Otter Bulletin article","",2009,"Review on Research and Conservation of Otters in Nepal","Nepal","South Asia","","Lutra lutra","Aonyx cinereus","Lutrogale perspicillata","","","","Fishing & harvesting aquatic resources (intentional & unintentional)","Hunting & trapping terrestrial animals (intentional & unintentional)","","Domestic & urban waste water","Agricultural & forestry effluents","","","","","Biological resource use","Pollution","","",""
"194","Otter Bulletin article","Padma K de Silva",2011,"Status of Otter Species in the Asian Region Status for 2007
","Asia","South Asia","East Asia & Pacific","Lutra lutra","Aonyx cinereus","Lutrogale perspicillata","Lutra sumatrana","","","Logging & wood harvesting (intentional & unintentional)","Hunting & trapping terrestrial animals (intentional & unintentional)","","Industrial & military effluents","Agricultural & forestry effluents","","","","","Biological resource use","Pollution","","",""
"195","Otter Bulletin article","Petra Hájková, Barbora Zemanová, Kevin Roche and Bed?ich Hájek
",2011,"Conservation Genetics and Non-Invasive Genetic Sampling of Eurasian Otters (Lutra lutra) in the Czech and Slovak Republics
","Slovakia / Czech","Europe & Central Asia","","Lutra lutra","","","","","","Hunting & trapping terrestrial animals (intentional & unintentional)","","","Industrial & military effluents","","","","","","Biological resource use","Pollution","","",""
"196","SCC","",1990,"The conservation status of mustelids and viverrids in Southern Africa","Africa","Sub-Saharan Africa","Sub-Saharan Africa","Mellivora capensis","Hydrictis maculicollis","Aonyx capensis","","","","Hunting & trapping terrestrial animals (intentional & unintentional)","","","Agricultural & forestry effluents","","","","","","Biological resource use","Pollution","","",""
"197","Otter Bulletin article","",2020,"Update on the Status of the Eurasian Otter Lutra lutra in Armenia","Armenia","Europe & Central Asia","","Lutra lutra","","","","","","Hunting & trapping terrestrial animals (intentional & unintentional)","Fishing & harvesting aquatic resources (intentional & unintentional)","","","","","","","","Biological resource use","Pollution","","",""
"198","Journal Article","C. J. Kyle; A. Davison; C. Strobeck",2003,"Genetic structure of European pine martens (Martes martes), and evidence for introgression with M-americana in England","United Kingdom","Europe & Central Asia","Europe & Central Asia","Martes martes","","","","","","Hunting & trapping terrestrial animals (intentional & unintentional)","Logging & wood harvesting (intentional & unintentional)","","Housing & urban areas","","Annual & perennial non-timber crops","Livestock farming & ranching","Introduced genetic material","","Biological resource use","Residential & commercial development","Agriculture & aquaculture","Invasive & other problematic species, genes & diseases",""
"199","Book Section","H. Ali; R. Saleem; F. M. Qamer; W. A. Khan; S. Abbas; K. Gunasekara; M. Hazarika; M. S. Ahmed; M. Akhtar",2010,"HABITAT EVALUATION OF SMOOTH-COATED OTTER (Lutrogale perspicillata) IN INDUS PLAINS OF PAKISTAN USING REMOTE SENSING AND GIS","Pakistan","South Asia","South Asia","Lutrogale perspicillata","","","","","","Hunting & trapping terrestrial animals (intentional & unintentional)","Logging & wood harvesting (intentional & unintentional)","Fishing & harvesting aquatic resources (intentional & unintentional)","Tourism & recreation areas","","Livestock farming & ranching","","Roads & railroads","","Biological resource use","Residential & commercial development","Agriculture & aquaculture","Transportation & service corridors",""
"200","Book Section","X. Y. Gao; W. K. Yang; J. F. Qiao; K. F. Xu",2001,"Status and distribution of large mammals in Xinjiang, People's Republic of China","China","East Asia & Pacific","East Asia","Gulo gulo","","","","","","Hunting & trapping terrestrial animals (intentional & unintentional)","","","Unspecified","","Unspecified","","","","Biological resource use","Residential & commercial development","Agriculture & aquaculture","",""
"201","Otter Bulletin article","",2020,"Analysis of the Food-Web of a Population of Smooth-Coated Otters Lutrogale perspicillata (Mammalia: Mustelidae) in a Saline Littoral Mangrove Habitat","Malaysia","East Asia & Pacific","","Lutrogale perspicillata","","","","","","Hunting & trapping terrestrial animals (intentional & unintentional)","","","","","Marine & freshwater aquaculture","","","","Biological resource use","Residential & commercial development","Agriculture & aquaculture","",""
"202","Journal Article","D. D. Lima; M. Marmontel; E. Bernard",2014,"Reoccupation of historical areas by the endangered giant river otter Pteronura brasiliensis (Carnivora: Mustelidae) in Central Amazonia, Brazil","Brazil","Latin America & Caribbean","Latin America","Pteronura brasiliensis","","","","","","Hunting & trapping terrestrial animals (intentional & unintentional)","Fishing & harvesting aquatic resources (intentional & unintentional)","","Housing & urban areas","","Work & other activities","","Domestic & urban waste water","Livestock farming & ranching","Biological resource use","Residential & commercial development","Human intrusions & disturbance","Pollution","Agriculture & aquaculture"
"203","Journal Article","J. Valqui",2012,"The marine otter Lontra felina (Molina, 1782): A review of its present status and implications for future conservation","Chile / Peru","Latin America & Caribbean","Latin America","Lontra felina","","","","","","Hunting & trapping terrestrial animals (intentional & unintentional)","Fishing & harvesting aquatic resources (intentional & unintentional)","","Unspecified","","Unspecified","","","","Biological resource use","Residential & commercial development","Pollution","Other threats","Climate change & severe weather"
"204","Journal Article","M. H. Zhang; Q. X. Liu; R. Z. Piao; G. S. Jiang",2007,"The wolverine Gulo gulo population and its distribution in the Great Khingan Mountains, northeastern China","China","East Asia & Pacific","East Asia","Gulo gulo","","","","","","Logging & wood harvesting (intentional & unintentional)","Hunting & trapping terrestrial animals (intentional & unintentional)","","Housing & urban areas","","Roads & railroads","","Fire & fire suppression","","Biological resource use","Residential & commercial development","Transportation & service corridors","Natural system modifications",""
"205","Journal Article","W. J. Zielinski; R. L. Truex; F. V. Schlexer; L. A. Campbell; C. Carroll",2005,"Historical and contemporary distributions of carnivores in forests of the Sierra Nevada, California, USA","USA","North America","North America","Martes americana","Pekania pennanti","","","","","Logging & wood harvesting (intentional & unintentional)","","","Housing & urban areas","","","","","","Biological resource use","Residential & commercial development","","",""
"206","Journal Article","A. Balestrieri; L. Remonti; C. Prigioni",2006,"Reintroduction of the Eurasian badger (Meles meles) in a protected area of northern Italy","Italy","Europe & Central Asia","Europe & Central Asia","Meles meles","","","","","","Hunting & trapping terrestrial animals (intentional & unintentional)","","","Housing & urban areas","","","","","","Biological resource use","Residential & commercial development","","",""
"207","Journal Article","S. Lee; S. Lee; W. Song; M. J. Lee",2017,"Habitat Potential Mapping of Marten (Martes flavigula) and Leopard Cat (Prionailurus bengalensis) in South Korea Using Artificial Neural Network Machine Learning","South Korea","East Asia & Pacific","East Asia","Martes flavigula","","","","","","Logging & wood harvesting (intentional & unintentional)","","","","","","","","","Biological resource use","Residential & commercial development","","",""
"208","Journal Article","C. M. Aylward; J. D. Murdoch; T. M. Donovan; C. W. Kilpatrick; C. Bernier; J. Katz",2018,"Estimating distribution and connectivity of recolonizing American marten in the northeastern United States using expert elicitation techniques","USA","North America","North America","Martes americana","","","","","","Hunting & trapping terrestrial animals (intentional & unintentional)","Logging & wood harvesting (intentional & unintentional)","","Roads & railroads","","Habitat shifting & alteration","","","","Biological resource use","Transportation & service corridors","Climate change & severe weather","",""
"209","Journal Article","A. Kortello; D. Hausleitner; G. Mowat",2019,"Mechanisms influencing the winter distribution of wolverine Gulo gulo luscus ien the southern Columbia Mountains, Canada","Canada","North America","North America","Gulo gulo","","","","","","Hunting & trapping terrestrial animals (intentional & unintentional)","","","Roads & railroads","","Unspecified","","","","Biological resource use","Transportation & service corridors","Human intrusions & disturbance","",""
"210","Journal Article","R. Barrientos; L. Bolonio",2009,"The presence of rabbits adjacent to roads increases polecat road mortality","Spain","Europe & Central Asia","Europe & Central Asia","Mustela putorius","","","","","","Hunting & trapping terrestrial animals (intentional & unintentional)","","","Roads & railroads","","Invasive non-native/alien species/diseases","Introduced genetic material","","","Biological resource use","Transportation & service corridors","Invasive & other problematic species, genes & diseases","",""
"211","SCC","",1993,"The conservation status of the badger Meles meles (L., 1758) in Slovenia","Slovenia","Europe & Central Asia","Europe & Central Asia","Meles meles","","","","","","Hunting & trapping terrestrial animals (intentional & unintentional)","","","Roads & railroads","","Problematic native species/diseases","","","","Biological resource use","Transportation & service corridors","Invasive & other problematic species, genes & diseases","",""
"212","Journal Article","P. W. Bright; T. J. Smithson",2001,"Biological invasions provide a framework for reintroductions: selecting areas in England for pine marten releases","United Kingdom","Europe & Central Asia","Europe & Central Asia","Martes martes","","","","","","Hunting & trapping terrestrial animals (intentional & unintentional)","Logging & wood harvesting (intentional & unintentional)","","Roads & railroads","","","","","","Biological resource use","Transportation & service corridors","Other threats","",""
"213","Journal Article","A. A. D. Bovo; M. Magioli; A. R. Percequillo; C. Kruszynski; V. Alberici; M. A. R. Mello; L. S. Correa; J. C. Z. Gebin; Y. G. G. Ribeiro; F. B. Costa; V. N. Ramos; H. R. Benatti; B. Lopes; M. Z. A. Martins; T. R. Diniz-Reis; P. B. de Camargo; M. B. Labruna; K. Ferraz",2018,"Human-modified landscape acts as refuge for mammals in Atlantic Forest","Brazil","Latin America & Caribbean","Latin America","Galictis cuja","","","","","","Hunting & trapping terrestrial animals (intentional & unintentional)","","","Roads & railroads","","","","","","Biological resource use","Transportation & service corridors","Other threats","",""
"214","Journal Article","C. Piza-Roca; M. V. Zelfde; M. J. J. La Haye; E. Jongejans; N. Raes",2018,"European badger habitat requirements in the Netherlands - combining ecological niche models with neighbourhood analysis","Netherlands","Europe & Central Asia","Europe & Central Asia","Meles meles","","","","","","Hunting & trapping terrestrial animals (intentional & unintentional)","","","Roads & railroads","","Agricultural & forestry effluents","","","","Biological resource use","Transportation & service corridors","Pollution","Human intrusions & disturbance",""
"215","Otter Bulletin article","Fernando Marques Quintela, Fabiano Aguiar da Silva, Clodoaldo Lopes de Assis and Vanessa Cardoso Antunes
",2012,"Data on Lontra longicaudis (Carnivora: Mustelidae) Mortality in Southeast and Southern Brazil","Brazil","Latin America & Caribbean","","Lontra longicaudis","","","","","","Hunting & trapping terrestrial animals (intentional & unintentional)","","","Roads & railroads","","Agricultural & forestry effluents","","","Marine & freshwater aquaculture","Biological resource use","Transportation & service corridors","Pollution","Unspecified (habitat destruction)","Agriculture & aquaculture"
"216","Journal Article","L. R. de Almeida; M. J. R. Pereira",2017,"Ecology and biogeography of the Neotropical otter Lontra longicaudis: existing knowledge and open questions","South America","Latin America & Caribbean","Latin America","Lontra longicaudis","","","","","","Hunting & trapping terrestrial animals (intentional & unintentional)","Fishing & harvesting aquatic resources (intentional & unintentional)","","Roads & railroads","","Unspecified","","","","Biological resource use","Transportation & service corridors","Pollution","",""
"217","Journal Article","C. Carroll; R. F. Noss; P. C. Paquet",2001,"Carnivores as focal species for conservation planning in the Rocky Mountain region","USA / Canada","North America","North America","Pekania pennanti","Gulo gulo","","","","","Hunting & trapping terrestrial animals (intentional & unintentional)","Logging & wood harvesting (intentional & unintentional)","","Roads & railroads","","Housing & urban areas","","","","Biological resource use","Transportation & service corridors","Residential & commercial development","",""
"218","SCC","",1990,"The Eurasian badger: status and legislative protection","Global","Global","Global","Meles meles","","","","","","Hunting & trapping terrestrial animals (intentional & unintentional)","","","Roads & railroads","","Housing & urban areas","","","","Biological resource use","Transportation & service corridors","Residential & commercial development","",""
"219","SCC","",1991,"Some notes on terrestrial mustelids in the central Paraguayan chaco","Paraguay","Latin America & Caribbean","Latin America","Eira barbara","Galictis cuja","","","","","Hunting & trapping terrestrial animals (intentional & unintentional)","","","Roads & railroads","","","","","","Biological resource use","Transportation & service corridors","Unspecified (habitat destruction)","",""
"220","Journal Article","H. I. Griffiths; D. H. Thomas",1993,"THE STATUS OF THE BADGER MELES-MELES (L, 1758) (CARNIVORA, MUSTELIDAE) IN EUROPE","Europe","Europe & Central Asia","Europe & Central Asia","Meles meles","","","","","","Hunting & trapping terrestrial animals (intentional & unintentional)","","","Roads & railroads","","","","","","Biological resource use","Transportation & service corridors","","",""
"221","Journal Article","E. Revilla; F. Palomares; M. Delibes",2001,"Edge-core effects and the effectiveness of traditional reserves in conservation: Eurasian badgers in Donana National Park","Spain","Europe & Central Asia","Europe & Central Asia","Meles meles","","","","","","Hunting & trapping terrestrial animals (intentional & unintentional)","","","Roads & railroads","","","","","","Biological resource use","Transportation & service corridors","","",""
"222","Journal Article","E. L. Bull; K. B. Aubry; B. C. Wales",2001,"Effects of disturbance on forest carnivores of conservation concern in eastern Oregon and Washington","USA","North America","North America","Gulo gulo","Pekania pennanti","","","","","Hunting & trapping terrestrial animals (intentional & unintentional)","","","Roads & railroads","","","","","","Biological resource use","Transportation & service corridors","","",""
"223","Journal Article","E. Tomasik; J. A. Cook",2005,"Mitochondrial phylogeography and conservation genetics of wolverine (Gulo gulo) of northwestern North America","USA / Canada","North America","North America","Gulo gulo","","","","","","Hunting & trapping terrestrial animals (intentional & unintentional)","","","Roads & railroads","","","","","","Biological resource use","Transportation & service corridors","","",""
"224","Journal Article","T. A. Gorman; B. R. McMillan; J. D. Erb; C. S. Deperno; D. J. Martin",2008,"Survival and cause-specific mortality of a protected population of river otters in Minnesota","USA","North America","North America","Lontra canadensis","","","","","","Hunting & trapping terrestrial animals (intentional & unintentional)","","","Roads & railroads","","","","","","Biological resource use","Transportation & service corridors","","",""
"225","Journal Article","S. M. Webb; M. S. Boyce",2009,"Marten Fur Harvests and Landscape Change in West-Central Alberta","Canada","North America","North America","Martes americana","","","","","","Hunting & trapping terrestrial animals (intentional & unintentional)","","","Roads & railroads","","","","","","Biological resource use","Transportation & service corridors","","",""
"226","Journal Article","J. Bowman; J. C. Ray; A. J. Magoun; D. S. Johnson; F. N. Dawson",2010,"Roads, logging, and the large-mammal community of an eastern Canadian boreal forest","Canada","North America","North America","Gulo gulo","","","","","","Logging & wood harvesting (intentional & unintentional)","","","Roads & railroads","","","","","","Biological resource use","Transportation & service corridors","","",""
"227","Journal Article","C. J. Garroway; J. Bowman; P. J. Wilson",2011,"Using a genetic network to parameterize a landscape resistance surface for fishers, Pekania pennanti","Canada","North America","North America","Pekania pennanti","","","","","","Hunting & trapping terrestrial animals (intentional & unintentional)","Logging & wood harvesting (intentional & unintentional)","","Roads & railroads","","","","","","Biological resource use","Transportation & service corridors","","",""
"228","Journal Article","S. Ruette; J. M. Vandel; M. Albaret; S. Devillard",2015,"Comparative survival pattern of the syntopic pine and stone martens in a trapped rural area in France","France","Europe & Central Asia","Europe & Central Asia","Martes martes","Martes foina","","","","","Hunting & trapping terrestrial animals (intentional & unintentional)","","","Roads & railroads","","","","","","Biological resource use","Transportation & service corridors","","",""
"229","Journal Article","H. Runhaar; M. Runhaar; H. Vink",2015,"Reports on badgers Meles meles in Dutch newspapers 1900-2013: same animals, different framings?","Netherlands","Europe & Central Asia","Europe & Central Asia","Meles meles","","","","","","Hunting & trapping terrestrial animals (intentional & unintentional)","","","Roads & railroads","","","","","","Biological resource use","Transportation & service corridors","","",""
"230","Journal Article","G. Mowat; A. P. Clevenger; A. D. Kortello; D. Hausleitner; M. Barrueto; L. Smit; C. Lamb; B. Dorsey; P. K. Ott",2020,"The Sustainability of Wolverine Trapping Mortality in Southern Canada","Canada","North America","North America","Gulo gulo","","","","","","Hunting & trapping terrestrial animals (intentional & unintentional)","","","Roads & railroads","","","","","","Biological resource use","Transportation & service corridors","","",""
"231","Otter Bulletin article","",2004,"High Mortality of Nearctic River Otters on a Florida, USA Interstate Highway During an Extreme Drought","USA","North America","","Lontra canadensis","","","","","","Hunting & trapping terrestrial animals (intentional & unintentional)","","","Roads & railroads","","","","","","Biological resource use","Transportation & service corridors","","",""
"232","Otter Bulletin article","",2007,"Otter (Lutra Lutra L.) Mortalities In Southern Bulgaria: A Case Study.","Bulgaria","Europe & Central Asia","","Lutra lutra","","","","","","Hunting & trapping terrestrial animals (intentional & unintentional)","","","Roads & railroads","","","","","","Biological resource use","Transportation & service corridors","","",""
"233","Otter Bulletin article","Marjana Hönigsfeld-Adami? and Jakob Smole
",2011,"Phototraps as a Non-Invasive Method of Monitoring Otters (Lutra lutra): What can we Expect?
","Slovenia","Europe & Central Asia","","Lutra lutra","","","","","","Hunting & trapping terrestrial animals (intentional & unintentional)","","","Roads & Railroads","","","","","","Biological resource use","Transportation & service corridors","","",""
"234","SCC","",1992,"Status and economic importance of the North American badger, Taxidea taxus (Schreber)","USA","North America","North America","Taxidea taxus","","","","","","Hunting & trapping terrestrial animals (intentional & unintentional)","","","Roads & railroads","","","","","","Biological resource use","Transportation & service corridors","","",""
"235","Otter Bulletin article","Martin Hancox",1992,"Some Key Factors in Breeding, Conservation, and Sociology of Otters","Global","Global","","All sp.","","","","","","Hunting & trapping terrestrial animals (intentional & unintentional)","","","","","","","","","Biological resource use","Unspecified (habitat destruction)","","",""
"236","Otter Bulletin article","Yaqu Pacha, Lorenzo von Fersen, Victor Utreras, Ignacio Araya, Judith Denkinger and Miguel Rodriguez",1997,"The Giant Otter in Ecuador","Ecuador","Latin America & Caribbean","","Pteronura brasiliensis","","","","","","Hunting & trapping terrestrial animals (intentional & unintentional)","","","","","","","","","Biological resource use","Unspecified (habitat destruction)","","",""
"237","Otter Bulletin article","Jim Conroy, Roland Melisch and Paul Chanin",1998,"The Distribution and Status of the Eurasian Otter (Lutra lutra) in Asia - a Preliminary Review","Asia","Global","","Lutra lutra","","","","","","Hunting & trapping terrestrial animals (intentional & unintentional)","","","","","","","","","Biological resource use","Unspecified (habitat destruction)","","",""
"238","Otter Bulletin article","Chong Jong Ryol
",2011,"Distribution, Ecology and Conservation of the Common Otter (Lutra lutra) in DPRK (North Korea)
","North Korea","East Asia & Pacific","","Lutra lutra","","","","","","Hunting & trapping terrestrial animals (intentional & unintentional)","","","","","","","","","Biological resource use","Unspecified (habitat destruction)","","",""
"239","Otter Bulletin article","Fernanda Michalski, Paula C. Conceição, Joyce A. Amador, Juliana Laufer and Darren Norris
",2012,"Local Perceptions and Implications for Giant Otter (Pteronura brasiliensis) Conservation around Protected Areas in the Eastern Brazilian Amazon
","Brazil","Latin America & Caribbean","","Pteronura brasiliensis","","","","","","Hunting & trapping terrestrial animals (intentional & unintentional)","","","","","","","","","Biological resource use","Unspecified (habitat destruction)","","",""
"240","Otter Bulletin article","Oldemar Carvalho-Junior, Luis Macedo-Soare, Alesandra Bez Birolo and Tammy Snyder",2013,"A Comparative Diet Analysis of the Neotropical Otter in Santa Catarina Island, Brazil","Mexico","Latin America & Caribbean","","Lontra longicaudis","","","","","","Hunting & trapping terrestrial animals (intentional & unintentional)","","","","","","","","","Biological resource use","Unspecified (habitat destruction)","","",""
"241","Journal Article","P. W. Bright",2000,"Lessons from lean beasts: conservation biology of the mustelids","Global","Global","Global","All sp.","","","","","","Hunting & trapping terrestrial animals (intentional & unintentional)","","","","","","","","","Biological resource use","Unspecified (habitat loss and fragmentation)","","",""
"242","Journal Article","P. Cresswell; S. Harris; R. G. H. Bunce; D. J. Jefferies",1989,"THE BADGER (MELES-MELES) IN BRITAIN - PRESENT STATUS AND FUTURE POPULATION-CHANGES","United Kingdom","Europe & Central Asia","Europe & Central Asia","Meles meles","","","","","","Hunting & trapping terrestrial animals (intentional & unintentional)","","","","","","","","","Biological resource use","","","",""
"243","Journal Article","H. Kruuk; P. C. Goudswaard",1990,"EFFECTS OF CHANGES IN FISH POPULATIONS IN LAKE VICTORIA ON THE FOOD OF OTTERS (LUTRA-MACULICOLLIS SCHINZ AND AONYX-CAPENSIS LICHTENSTEIN)","Tanzania","Sub-Saharan Africa","Sub-Saharan Africa","Hydrictis maculicollis","Aonyx capensis","","","","","Fishing & harvesting aquatic resources (intentional & unintentional)","","","","","","","","","Biological resource use","","","",""
"244","Journal Article","G. A. Green; J. J. Brueggeman",1991,"SEA OTTER DIETS IN A DECLINING POPULATION IN ALASKA","USA","North America","North America","Enhydra lutris","","","","","","Fishing & harvesting aquatic resources (intentional & unintentional)","","","","","","","","","Biological resource use","","","",""
"245","Journal Article","R. C. Lacy; T. W. Clark",1993,"SIMULATION MODELING OF AMERICAN MARTEN (MARTES AMERICANA) POPULATIONS - VULNERABILITY TO EXTINCTION","USA","North America","North America","Martes americana","","","","","","Hunting & trapping terrestrial animals (intentional & unintentional)","Logging & wood harvesting (intentional & unintentional)","","","","","","","","Biological resource use","","","",""
"246","Journal Article","A. P. Clevenger",1993,"THE EUROPEAN PINE MARTEN MARTES-MARTES IN THE BALEARIC-ISLANDS, SPAIN","Spain","Europe & Central Asia","Europe & Central Asia","Martes martes","","","","","","Hunting & trapping terrestrial animals (intentional & unintentional)","","","","","","","","","Biological resource use","","","",""
"247","Journal Article","G. Proulx; A. J. Kolenosky; M. J. Badry; P. J. Cole; R. K. Drescher",1994,"A SNOWSHOE HARE SNARE SYSTEM TO MINIMIZE CAPTURE OF MARTEN","Canada","North America","North America","Martes americana","","","","","","Hunting & trapping terrestrial animals (intentional & unintentional)","","","","","","","","","Biological resource use","","","",""
"248","Journal Article","T. P. Hodgman; D. J. Harrison; D. D. Katnik; K. D. Elowe",1994,"SURVIVAL IN AN INTENSIVELY TRAPPED MARTEN POPULATION IN MAINE","USA","North America","North America","Martes americana","","","","","","Hunting & trapping terrestrial animals (intentional & unintentional)","Logging & wood harvesting (intentional & unintentional)","","","","","","","","Biological resource use","","","",""
"249","Journal Article","D. D. Katnik; D. J. Harrison; T. P. Hodgman",1994,"SPATIAL RELATIONS IN A HARVESTED POPULATION OF MARTEN IN MAINE","USA","North America","North America","Martes americana","","","","","","Hunting & trapping terrestrial animals (intentional & unintentional)","","","","","","","","","Biological resource use","","","",""
"250","Journal Article","I. D. Thompson; P. W. Colgan",1994,"MARTEN ACTIVITY IN UNCUT AND LOGGED BOREAL FORESTS IN ONTARIO","USA","North America","North America","Martes americana","","","","","","Logging & wood harvesting (intentional & unintentional)","","","","","","","","","Biological resource use","","","",""
"251","Journal Article","M. L. Riedman; J. A. Estes; M. M. Staedler; A. A. Giles; D. R. Carlson",1994,"BREEDING PATTERNS AND REPRODUCTIVE SUCCESS OF CALIFORNIA SEA OTTERS","USA","North America","North America","Enhydra lutris","","","","","","Hunting & trapping terrestrial animals (intentional & unintentional)","","","","","","","","","Biological resource use","","","",""
"252","Journal Article","B. R. Sturtevant; J. A. Bissonette; J. N. Long",1996,"Temporal and spatial dynamics of boreal forest structure in western Newfoundland: Silvicultural implications for marten habitat management","Canada","North America","North America","Martes americana","","","","","","Logging & wood harvesting (intentional & unintentional)","","","","","","","","","Biological resource use","","","",""
"253","Journal Article","J. C. Lewis; W. J. Zielinski",1996,"Historical harvest and incidental capture of fishers in California","USA","North America","North America","Pekania pennanti","","","","","","Hunting & trapping terrestrial animals (intentional & unintentional)","","","","","","","","","Biological resource use","","","",""
"254","Journal Article","J. C. Watson; G. M. Ellis; T. G. Smith; J. K. B. Ford",1997,"Updated status of the Sea Otter, Enhydra lutris, in Canada","Canada","North America","North America","Enhydra lutris","","","","","","Hunting & trapping terrestrial animals (intentional & unintentional)","","","","","","","","","Biological resource use","","","",""
"255","Journal Article","A. Landa; B. A. Tommeras",1997,"A test of aversive agents on wolverines","Norway","Europe & Central Asia","Europe & Central Asia","Gulo gulo","","","","","","Hunting & trapping terrestrial animals (intentional & unintentional)","","","","","","","","","Biological resource use","","","",""
"256","Journal Article","T. G. Chapin; D. J. Harrison; D. D. Katnik",1998,"Influence of landscape pattern on habitat use by American marten in an industrial forest","USA","North America","North America","Martes americana","","","","","","Logging & wood harvesting (intentional & unintentional)","","","","","","","","","Biological resource use","","","",""
"257","Journal Article","K. R. Foresman; D. E. Pearson",1998,"Comparison of proposed survey procedures for detection of forest carnivores","USA","North America","North America","Martes americana","Pekania pennanti","Gulo gulo","","","","Logging & wood harvesting (intentional & unintentional)","","","","","","","","","Biological resource use","","","",""
"258","Journal Article","S. Jenkinson; C. P. Wheater",1998,"The influence of public access and sett visibility on badger (Meles meles) sett disturbance and persistence","United Kingdom","Europe & Central Asia","Europe & Central Asia","Meles meles","","","","","","Hunting & trapping terrestrial animals (intentional & unintentional)","","","","","","","","","Biological resource use","","","",""
"259","Journal Article","A. Landa; O. Strand; J. D. C. Linnell; T. Skogland",1998,"Home-range sizes and altitude selection for arctic foxes and wolverines in an alpine environment","Norway","Europe & Central Asia","Europe & Central Asia","Gulo gulo","","","","","","Hunting & trapping terrestrial animals (intentional & unintentional)","","","","","","","","","Biological resource use","","","",""
"260","Journal Article","C. D. Hargis; J. A. Bissonette; D. L. Turner",1999,"The influence of forest fragmentation and landscape pattern on American martens","USA","North America","North America","Martes americana","","","","","","Logging & wood harvesting (intentional & unintentional)","","","","","","","","","Biological resource use","","","",""
"261","Journal Article","K. Kauhala; P. Helle; E. Helle; J. Korhonen",1999,"Impact of predator removal on predator and mountain hare populations in Finland","Finland","Europe & Central Asia","Europe & Central Asia","Martes martes","","","","","","Hunting & trapping terrestrial animals (intentional & unintentional)","","","","","","","","","Biological resource use","","","",""
"262","Journal Article","C. Carroll; W. J. Zielinski; R. F. Noss",1999,"Using presence-absence data to build and test spatial habitat models for the fisher in the Klamath region, USA","USA","North America","North America","Pekania pennanti","","","","","","Logging & wood harvesting (intentional & unintentional)","","","","","","","","","Biological resource use","","","",""
"263","Journal Article","J. J. Packer; J. D. S. Birks",1999,"An assessment of British farmers' and gamekeepers' experiences, attitudes and practices in relation to the European Polecat Mustela putorius","United Kingdom","Europe & Central Asia","Europe & Central Asia","Mustela putorius","","","","","","Hunting & trapping terrestrial animals (intentional & unintentional)","","","","","","","","","Biological resource use","","","",""
"264","Journal Article","A. Landa; K. Gudvangen; J. E. Swenson; E. Roskaft",1999,"Factors associated with wolverine Gulo gulo predation on domestic sheep","Norway","Europe & Central Asia","Europe & Central Asia","Gulo gulo","","","","","","Hunting & trapping terrestrial animals (intentional & unintentional)","","","","","","","","","Biological resource use","","","",""
"265","Journal Article","S. Effenberger; F. Suchentrunk",1999,"RFLP analysis of the mitochondrial DNA of otters (Lutra lutra) from Europe - implications for conservation of a flagship species","Germany","Europe & Central Asia","Europe & Central Asia","Lutra lutra","","","","","","Hunting & trapping terrestrial animals (intentional & unintentional)","","","","","","","","","Biological resource use","","","",""
"266","Journal Article","F. Potvin; L. Belanger; K. Lowell",2000,"Marten habitat selection in a clearcut boreal landscape","Canada","North America","North America","Martes americana","","","","","","Logging & wood harvesting (intentional & unintentional)","","","","","","","","","Biological resource use","","","",""
"267","Journal Article","J. O. Helldin",2000,"Population trends and harvest management of pine marten Martes martes in Scandinavia","Scandinavia","Europe & Central Asia","Europe & Central Asia","Martes martes","","","","","","Hunting & trapping terrestrial animals (intentional & unintentional)","","","","","","","","","Biological resource use","","","",""
"268","Journal Article","R. N. Williams; O. E. Rhodes; T. L. Serfass",2000,"Assessment of genetic variance among source and reintroduced fisher populations","USA","North America","North America","Pekania pennanti","","","","","","Hunting & trapping terrestrial animals (intentional & unintentional)","Logging & wood harvesting (intentional & unintentional)","","","","","","","","Biological resource use","","","",""
"269","Journal Article","G. M. Wilson; R. A. Van den Bussche; P. K. Kennedy; A. Gunn; K. Poole",2000,"Genetic variability of wolverines (Gulo gulo) from the Northwest Territories, Canada: Conservation implications","Canada","North America","North America","Gulo gulo","","","","","","Hunting & trapping terrestrial animals (intentional & unintentional)","","","","","","","","","Biological resource use","","","",""
"270","Journal Article","W. L. Gaines; P. Singleton; A. L. Gold",2000,"Conservation of rare carnivores in the North Cascades Ecosystem, western North America","USA","North America","North America","Gulo gulo","","","","","","Hunting & trapping terrestrial animals (intentional & unintentional)","","","","","","","","","Biological resource use","","","",""
"271","Journal Article","W. J. Zielinski; K. M. Slauson; C. R. Carroll; C. J. Kent; D. G. Kudrna",2001,"Status of American martens in coastal forests of the Pacific states","USA","North America","North America","Martes americana","","","","","","Logging & wood harvesting (intentional & unintentional)","","","","","","","","","Biological resource use","","","",""
"272","Journal Article","E. Virgos",2001,"Role of isolation and habitat quality in shaping species abundance: a test with badgers (Meles meles L.) in a gradient of forest fragmentation","Spain","Europe & Central Asia","Europe & Central Asia","Meles meles","","","","","","Logging & wood harvesting (intentional & unintentional)","","","","","","","","","Biological resource use","","","",""
"273","Journal Article","C. J. Kyle; J. F. Robitaille; C. Strobeck",2001,"Genetic variation and structure of fisher (Pekania pennanti) populations across North America","USA","North America","North America","Pekania pennanti","","","","","","Hunting & trapping terrestrial animals (intentional & unintentional)","Logging & wood harvesting (intentional & unintentional)","","","","","","","","Biological resource use","","","",""
"274","Journal Article","C. W. Walker; C. Vila; A. Landa; M. Linden; H. Ellegren",2001,"Genetic variation and population structure in Scandinavian wolverine (Gulo gulo) populations","Scandinavia","Europe & Central Asia","Europe & Central Asia","Gulo gulo","","","","","","Hunting & trapping terrestrial animals (intentional & unintentional)","","","","","","","","","Biological resource use","","","",""
"275","Journal Article","E. Virgos; J. L. Telleria; T. Santos",2002,"A comparison on the response to forest fragmentation by medium-sized Iberian carnivores in central Spain","Spain","Europe & Central Asia","Europe & Central Asia","Meles meles","Martes foina","","","","","Logging & wood harvesting (intentional & unintentional)","","","","","","","","","Biological resource use","","","",""
"276","Journal Article","S. Larson; R. Jameson; J. Bodkin; M. Staedler; P. Bentzen",2002,"Microsatellite DNA and mitochondrial DNA variation in remnant and translocated sea otter (Enhydra lutris) populations","USA","North America","North America","Enhydra lutris","","","","","","Hunting & trapping terrestrial animals (intentional & unintentional)","","","","","","","","","Biological resource use","","","",""
"277","Journal Article","C. J. Kyle; C. Strobeck",2002,"Connectivity of peripheral and core populations of North American wolverines","USA / Canada","North America","North America","Gulo gulo","","","","","","Hunting & trapping terrestrial animals (intentional & unintentional)","","","","","","","","","Biological resource use","","","",""
"278","Journal Article","K. B. Aubry; J. C. Lewis",2003,"Extirpation and reintroduction of fishers (Pekania pennanti) in Oregon: implications for their conservation in the Pacific states","USA","North America","North America","Pekania pennanti","","","","","","Hunting & trapping terrestrial animals (intentional & unintentional)","Logging & wood harvesting (intentional & unintentional)","","","","","","","","Biological resource use","","","",""
"279","Journal Article","L. Sadlier; I. Montgomery",2004,"The impact of sett disturbance on badger Meles meles numbers; when does protective legislation work?","United Kingdom","Europe & Central Asia","Europe & Central Asia","Meles meles","","","","","","Hunting & trapping terrestrial animals (intentional & unintentional)","","","","","","","","","Biological resource use","","","",""
"280","Journal Article","D. E. Chappell; R. A. Van den Bussche; J. Krizan; B. Patterson",2004,"Contrasting levels of genetic differentiation among populations of wolverines (Gulo gulo) from northern Canada revealed by nuclear and mitochondrial loci","Canada","North America","North America","Gulo gulo","","","","","","Hunting & trapping terrestrial animals (intentional & unintentional)","Logging & wood harvesting (intentional & unintentional)","","","","","","","","Biological resource use","","","",""
"281","Journal Article","J. D. Wright; J. Ernst",2004,"Effects of mid-winter snow depth on stand selection by Wolverines, Gulo gulo luscus, in the boreal forest","Canada","North America","North America","Gulo gulo","","","","","","Logging & wood harvesting (intentional & unintentional)","","","","","","","","","Biological resource use","","","",""
"282","Journal Article","J. Krebs; E. Lofroth; J. Copeland; V. Banci; D. Cooley; H. Golden; A. Magoun; R. Mulders; B. Shults",2004,"Synthesis of survival rates and causes of mortality in North American wolverines","USA / Canada","North America","North America","Gulo gulo","","","","","","Hunting & trapping terrestrial animals (intentional & unintentional)","","","","","","","","","Biological resource use","","","",""
"283","Journal Article","E. Virgos; A. Travaini",2005,"Relationship between small-game hunting and carnivore diversity in central Spain","Spain","Europe & Central Asia","Europe & Central Asia","Meles meles","Martes foina","","","","","Hunting & trapping terrestrial animals (intentional & unintentional)","","","","","","","","","Biological resource use","","","",""
"284","Journal Article","D. M. Burn; A. M. Doroff",2005,"Decline in sea otter (Enhydra lutris) populations along the Alaska Peninsula, 1986-2001","USA","North America","North America","Enhydra lutris","","","","","","Hunting & trapping terrestrial animals (intentional & unintentional)","","","","","","","","","Biological resource use","","","",""
"285","Journal Article","B. E. Saether; S. Engen; J. Persson; H. Broseth; A. Landa; T. Willebrand",2005,"Management strategies for the wolverine in Scandinavia","Scandinavia","Europe & Central Asia","Europe & Central Asia","Gulo gulo","","","","","","Hunting & trapping terrestrial animals (intentional & unintentional)","","","","","","","","","Biological resource use","","","",""
"286","Journal Article","X. Domingo-Roura; J. Marmi; A. Ferrando; F. Lopez-Giraldez; D. W. Macdonald; H. A. H. Jansman",2006,"Badger hair in shaving brushes comes from protected Eurasian badgers","Europe","Europe & Central Asia","Europe & Central Asia","Meles meles","","","","","","Hunting & trapping terrestrial animals (intentional & unintentional)","","","","","","","","","Biological resource use","","","",""
"287","Journal Article","A. R. Solow; A. C. Kitchener; D. L. Roberts; J. D. S. Birks",2006,"Rediscovery of the Scottish polecat, Mustela putorius: Survival or reintroduction?","United Kingdom","Europe & Central Asia","Europe & Central Asia","Mustela putorius","","","","","","Hunting & trapping terrestrial animals (intentional & unintentional)","","","","","","","","","Biological resource use","","","",""
"288","Journal Article","J. Persson; A. Landa; R. Andersen; P. Segerstrom",2006,"Reproductive characteristics of female wolverines (Gulo gulo) in Scandinavia","Scandinavia","Europe & Central Asia","Europe & Central Asia","Gulo gulo","","","","","","Hunting & trapping terrestrial animals (intentional & unintentional)","","","","","","","","","Biological resource use","","","",""
"289","Journal Article","E. L. Koen; J. Bowman; C. S. Findlay",2007,"Fisher survival in eastern Ontario","USA / Canada","North America","North America","Pekania pennanti","","","","","","Hunting & trapping terrestrial animals (intentional & unintentional)","Logging & wood harvesting (intentional & unintentional)","","","","","","","","Biological resource use","","","",""
"290","Journal Article","E. C. Lofroth; P. K. Ott",2007,"Assessment of the sustainability of wolverine harvest in British Columbia, Canada","Canada","North America","North America","Gulo gulo","","","","","","Hunting & trapping terrestrial animals (intentional & unintentional)","","","","","","","","","Biological resource use","","","",""
"291","Journal Article","K. B. Aubry; K. S. McKelvey; J. P. Copeland",2007,"Distribution and broadscale habitat relations of the wolverine in the contiguous United States","USA","North America","North America","Gulo gulo","","","","","","Hunting & trapping terrestrial animals (intentional & unintentional)","","","","","","","","","Biological resource use","","","",""
"292","Journal Article","D. Freitas; J. Gomes; T. S. Luis; L. Madruga; C. Marques; G. Baptista; L. M. Rosalino; P. Antunes; R. Santos; M. Santos-Reis",2007,"Otters and fish farms in the Sado estuary: ecological and socio-economic basis of a conflict","Portugal","Europe & Central Asia","Europe & Central Asia","Lutra lutra","","","","","","Fishing & harvesting aquatic resources (intentional & unintentional)","","","","","","","","","Biological resource use","","","",""
"293","Journal Article","G. Godbout; J. P. Ouellet",2008,"Habitat selection of American marten in a logged landscape at the southern fringe of the boreal forest","Canada","North America","North America","Martes americana","","","","","","Logging & wood harvesting (intentional & unintentional)","","","","","","","","","Biological resource use","","","",""
"294","Journal Article","V. E. Sidorovich; I. A. Solovej; A. A. Sidorovich; Rotenko, II",2008,"Effect of felling on the distribution of rodents and their predators in a transitional mixed forest","Belarus","Europe & Central Asia","Europe & Central Asia","Martes martes","","","","","","Logging & wood harvesting (intentional & unintentional)","","","","","","","","","Biological resource use","","","",""
"295","Journal Article","P. A. Lancaster; J. Bowman; B. A. Pond",2008,"Fishers, farms, and forests in eastern North America","Canada","North America","North America","Pekania pennanti","","","","","","Hunting & trapping terrestrial animals (intentional & unintentional)","Logging & wood harvesting (intentional & unintentional)","","","","","","","","Biological resource use","","","",""
"296","Journal Article","C. Leuchtenberger; G. Mourao",2008,"Social organization and territoriality of giant otters (Carnivora : Mustelidae) in a seasonally flooded savanna in Brazil","Brazil","Latin America & Caribbean","Latin America","Pteronura brasiliensis","","","","","","Hunting & trapping terrestrial animals (intentional & unintentional)","","","","","","","","","Biological resource use","","","",""
"297","Journal Article","P. J. Baker; L. Boitani; S. Harris; G. Saunders; P. C. L. White",2008,"Terrestrial carnivores and human food production: impact and management","Global","Global","Global","All sp.","","","","","","Hunting & trapping terrestrial animals (intentional & unintentional)","","","","","","","","","Biological resource use","","","",""
"298","Journal Article","F. Dalerum; B. Shults; K. Kunkel",2008,"Estimating sustainable harvest in wolverine populations using logistic regression","USA","North America","North America","Gulo gulo","","","","","","Hunting & trapping terrestrial animals (intentional & unintentional)","","","","","","","","","Biological resource use","","","",""
"299","Journal Article","R. W. Flynn; T. V. Schumacher",2009,"Temporal Changes in Population Dynamics of American Martens","USA","North America","North America","Martes americana","","","","","","Hunting & trapping terrestrial animals (intentional & unintentional)","","","","","","","","","Biological resource use","","","",""
"300","Journal Article","A. Johnson; C. Vongkhamheng; T. Saithongdam",2009,"The diversity, status and conservation of small carnivores in a montane tropical forest in northern Laos","Laos","East Asia & Pacific","East Asia","Arctonyx collaris","Mustela strigidorsa","Martes flavigula","Aonyx cinereus","","","Hunting & trapping terrestrial animals (intentional & unintentional)","","","","","","","","","Biological resource use","","","",""
"301","Journal Article","J. Persson; G. Ericsson; P. Segerstrom",2009,"Human caused mortality in the endangered Scandinavian wolverine population","Scandinavia","Europe & Central Asia","Europe & Central Asia","Gulo gulo","","","","","","Hunting & trapping terrestrial animals (intentional & unintentional)","","","","","","","","","Biological resource use","","","",""
"302","Journal Article","W. A. Khan; M. Qasim; E. Ahmad; A. A. Chaudhry; H. B. Bhaagat; M. Akhtar",2010,"Status of Smooth Coated Otter (Lutrogale perspicillata sindica) in Pakistan","Pakistan","South Asia","South Asia","Lutrogale perspicillata","","","","","","Hunting & trapping terrestrial animals (intentional & unintentional)","","","","","","","","","Biological resource use","","","",""
"303","Journal Article","B. J. Hearn; D. J. Harrison; A. K. Fuller; C. G. Lundrigan; W. J. Curran",2010,"Paradigm Shifts in Habitat Ecology of Threatened Newfoundland Martens","Canada","North America","North America","Martes americana","","","","","","Logging & wood harvesting (intentional & unintentional)","","","","","","","","","Biological resource use","","","",""
"304","Journal Article","W. J. Zielinski; J. R. Dunk; J. S. Yaeger; D. W. LaPlante",2010,"Developing and testing a landscape-scale habitat suitability model for fisher (Pekania pennanti) in forests of interior northern California","USA","North America","North America","Pekania pennanti","","","","","","Hunting & trapping terrestrial animals (intentional & unintentional)","Logging & wood harvesting (intentional & unintentional)","","","","","","","","Biological resource use","","","",""
"305","Journal Article","M. R. Uscamaita; R. Bodmer",2010,"Recovery of the Endangered giant otter Pteronura brasiliensis on the Yavari-Mirin and Yavari Rivers: a success story for CITES","Brazil","Latin America & Caribbean","Latin America","Pteronura brasiliensis","","","","","","Hunting & trapping terrestrial animals (intentional & unintentional)","","","","","","","","","Biological resource use","","","",""
"306","Journal Article","K. M. Moriarty; W. J. Zielinski; E. D. Forsman",2011,"Decline in American Marten Occupancy Rates at Sagehen Experimental Forest, California","USA","North America","North America","Martes americana","","","","","","Logging & wood harvesting (intentional & unintentional)","","","","","","","","","Biological resource use","","","",""
"307","Journal Article","J. R. Skalski; J. J. Millspaugh; M. V. Clawson; J. L. Belant; D. R. Etter; B. J. Frawley; P. D. Friedrich",2011,"Abundance Trends of American Martens in Michigan Based on Statistical Population Reconstruction","USA","North America","North America","Martes americana","","","","","","Hunting & trapping terrestrial animals (intentional & unintentional)","","","","","","","","","Biological resource use","","","",""
"308","Journal Article","P. Hapeman; E. K. Latch; J. A. Fike; O. E. Rhodes; C. W. Kilpatrick",2011,"Landscape Genetics of Fishers (Pekania pennanti) in the Northeast: Dispersal Barriers and Historical Influences","USA","North America","North America","Pekania pennanti","","","","","","Hunting & trapping terrestrial animals (intentional & unintentional)","Logging & wood harvesting (intentional & unintentional)","","","","","","","","Biological resource use","","","",""
"309","Journal Article","R. A. Mowry; M. E. Gompper; J. Beringer; L. S. Eggert",2011,"River Otter Population Size Estimation Using Noninvasive Latrine Surveys","USA","North America","North America","Lontra canadensis","","","","","","Hunting & trapping terrestrial animals (intentional & unintentional)","","","","","","","","","Biological resource use","","","",""
"310","Journal Article","P. F. Rosas-Ribeiro; F. C. W. Rosas; J. Zuanon",2012,"Conflict between Fishermen and Giant Otters Pteronura brasiliensis in Western Brazilian Amazon","Brazil","Latin America & Caribbean","Latin America","Pteronura brasiliensis","","","","","","Fishing & harvesting aquatic resources (intentional & unintentional)","","","","","","","","","Biological resource use","","","",""
"311","Journal Article","J. M. Tucker; M. K. Schwartz; R. L. Truex; K. L. Pilgrim; F. W. Allendorf",2012,"Historical and Contemporary DNA Indicate Fisher Decline and Isolation Occurred Prior to the European Settlement of California","USA","North America","North America","Pekania pennanti","","","","","","Hunting & trapping terrestrial animals (intentional & unintentional)","Logging & wood harvesting (intentional & unintentional)","","","","","","","","Biological resource use","","","",""
"312","Journal Article","J. G. Casanovas; J. Barrull; I. Mate; J. M. Zorrilla; J. Ruiz-Olmo; J. Gosalbez; M. Salicru",2012,"Shaping carnivore communities by predator control: competitor release revisited","Europe","Europe & Central Asia","Europe & Central Asia","Meles meles","Martes foina","","","","","Hunting & trapping terrestrial animals (intentional & unintentional)","","","","","","","","","Biological resource use","","","",""
"313","Journal Article","M. Carrera; M. J. Nabte; D. E. Udrizar-Sauthier",2012,"Geographic distribution, natural history and conservation of the lesser grison Galictis cuja (Carnivora: Mustelidae) from Central Patagonia, Argentina","Argentina","Latin America & Caribbean","Latin America","Galictis cuja","","","","","","Hunting & trapping terrestrial animals (intentional & unintentional)","","","","","","","","","Biological resource use","","","",""
"314","Journal Article","F. Barbieri; R. Machado; C. A. Zappes; L. R. de Oliveira",2012,"Interactions between the Neotropical otter (Lontra longicaudis) and gillnet fishery in the southern Brazilian coast","Brazil","Latin America & Caribbean","Latin America","Lontra longicaudis","","","","","","Hunting & trapping terrestrial animals (intentional & unintentional)","","","","","","","","","Biological resource use","","","",""
"315","Journal Article","M. Elmeros; T. E. Holm; L. Haugaard; A. B. Madsen",2012,"Prevalence of embedded shotgun pellets in protected and in legally hunted medium-sized carnivores in Denmark","Denmark","Europe & Central Asia","Europe & Central Asia","Lutra lutra","Meles meles","","","","","Hunting & trapping terrestrial animals (intentional & unintentional)","","","","","","","","","Biological resource use","","","",""
"316","Journal Article","P. Cross; F. A. V. St John; S. Khan; A. Petroczi",2013,"Innovative Techniques for Estimating Illegal Activities in a Human-Wildlife-Management Conflict","United Kingdom","Europe & Central Asia","Europe & Central Asia","Meles meles","","","","","","Hunting & trapping terrestrial animals (intentional & unintentional)","","","","","","","","","Biological resource use","","","",""
"317","Journal Article","A. W. Byrne; J. O'Keeffe; D. P. Sleeman; J. Davenport; S. W. Martin",2013,"Impact of culling on relative abundance of the European badger (Meles meles) in Ireland","Ireland","Europe & Central Asia","Europe & Central Asia","Meles meles","","","","","","Hunting & trapping terrestrial animals (intentional & unintentional)","","","","","","","","","Biological resource use","","","",""
"318","Journal Article","R. R. Reeves; K. McClellan; T. B. Werner",2013,"Marine mammal bycatch in gillnet and other entangling net fisheries, 1990 to 2011","Global","Global","Global","Enhydra lutris","Lontra felina","","","","","Hunting & trapping terrestrial animals (intentional & unintentional)","","","","","","","","","Biological resource use","","","",""
"319","Journal Article","L. S. Cano; J. L. Telleria",2013,"Local ecological knowledge as a tool for assessing the status of threatened vertebrates: a case study in Vietnam","Vietnam","East Asia & Pacific","East Asia","Lutra lutra","Aonyx cinereus","","","","","Hunting & trapping terrestrial animals (intentional & unintentional)","Logging & wood harvesting (intentional & unintentional)","","","","","","","","Biological resource use","","","",""
"320","Journal Article","J. Barrull; I. Mate; M. Salicru; J. Palet; J. G. Casanovas; J. Gosalbez; J. Ruiz-Olmo",2014,"Differential response of a carnivore community to predator control: a spatio-temporal observational study","Spain","Europe & Central Asia","Europe & Central Asia","Martes foina","Meles meles","","","","","Hunting & trapping terrestrial animals (intentional & unintentional)","","","","","","","","","Biological resource use","","","",""
"321","Journal Article","J. D. Sauder; J. L. Rachlow",2014,"Both forest composition and configuration influence landscape-scale habitat selection by fishers (Pekania pennanti) in mixed coniferous forests of the Northern Rocky Mountains","USA","North America","North America","Pekania pennanti","","","","","","Logging & wood harvesting (intentional & unintentional)","","","","","","","","","Biological resource use","","","",""
"322","Journal Article","C. N. Z. Coudrat; C. Nanthavong; S. Sayavong; A. Johnson; J. B. Johnston; W. G. Robichaud",2014,"Conservation importance of Nakai-Nam Theun National Protected Area, Laos, for small carnivores based on camera trap data","Laos","East Asia & Pacific","East Asia","Melogale sp.","Arctonyx collaris","Martes flavigula","Lutrinae sp.","","","Hunting & trapping terrestrial animals (intentional & unintentional)","","","","","","","","","Biological resource use","","","",""
"323","Journal Article","M. Recharte; I. G. Bride; M. Bowler",2014,"A recovering flagship: giant otters, communities and tourism in northern Peru","Peru","Latin America & Caribbean","Latin America","Pteronura brasiliensis","","","","","","Hunting & trapping terrestrial animals (intentional & unintentional)","","","","","","","","","Biological resource use","","","",""
"324","Journal Article","K. S. McKelvey; K. B. Aubry; N. J. Anderson; A. P. Clevenger; J. P. Copeland; K. S. Heinemeyer; R. M. Inman; J. R. Squires; J. S. Waller; K. L. Pilgrim; M. K. Schwartz",2014,"Recovery of Wolverines in the Western United States: Recent Extirpation and Recolonization or Range Retraction and Expansion?","USA","North America","North America","Gulo gulo","","","","","","Hunting & trapping terrestrial animals (intentional & unintentional)","","","","","","","","","Biological resource use","","","",""
"325","Journal Article","A. H. Akpona; C. Djagoun; L. A. Harrington; A. T. Kabre; G. A. Mensah; B. Sinsin",2015,"Conflict between spotted-necked otters and fishermen in Hlan River, Benin","Benin","Sub-Saharan Africa","Sub-Saharan Africa","Hydrictis maculicollis","","","","","","Fishing & harvesting aquatic resources (intentional & unintentional)","","","","","","","","","Biological resource use","","","",""
"326","Journal Article","W. W. Chen; C. Newman; Z. J. Liu; Y. Kaneko; K. Omote; R. Masuda; C. D. Buesching; D. W. Macdonald; Z. Q. Xie; Y. B. Zhou",2015,"The illegal exploitation of hog badgers (Arctonyx collaris) in China: genetic evidence exposes regional population impacts","China","East Asia & Pacific","East Asia","Arctonyx collaris","","","","","","Hunting & trapping terrestrial animals (intentional & unintentional)","","","","","","","","","Biological resource use","","","",""
"327","Journal Article","V. Gervasi; H. Broseth; E. B. Nilsen; H. Ellegren; O. Flagstad; J. D. C. Linnell",2015,"Compensatory immigration counteracts contrasting conservation strategies of wolverines (Gulo gulo) within Scandinavia","Scandinavia","Europe & Central Asia","Europe & Central Asia","Gulo gulo","","","","","","Hunting & trapping terrestrial animals (intentional & unintentional)","","","","","","","","","Biological resource use","","","",""
"328","Journal Article","J. Hon; A. J. Hearn; J. Ross; H. Samejima; D. M. Augeri; J. Mathai; A. Mohamed; R. Boonratana; G. Fredriksson; S. M. Cheyne; M. Heydon; Rustam; R. Alfred; G. Semiadi; H. Bernard; D. W. Macdonald; J. L. Belant; S. Kramer-Schadt; A. Wilting",2016,"Predicted distribution of the yellow-throated marten Martes flavigula (Mammalia: Carnivora: Mustelidae) on Borneo","Malaysia","East Asia & Pacific","East Asia","Martes flavigula","","","","","","Logging & wood harvesting (intentional & unintentional)","","","","","","","","","Biological resource use","","","",""
"329","Journal Article","S. Ahmad; S. Hameed; H. Ali; T. U. Khan; T. Mehmood; M. A. Nawaz",2016,"Carnivores' diversity and conflicts with humans in Musk Deer National Park, Azad Jammu and Kashmir, Pakistan","Pakistan","South Asia","South Asia","Martes foina","Martes flavigula","","","","","Hunting & trapping terrestrial animals (intentional & unintentional)","","","","","","","","","Biological resource use","","","",""
"330","Journal Article","J. C. Lewis; K. J. Jenkins; P. J. Happe; D. J. Manson; M. McCalmon",2016,"Landscape-scale habitat selection by fishers translocated to the Olympic Peninsula of Washington","USA / Canada","North America","North America","Pekania pennanti","","","","","","Logging & wood harvesting (intentional & unintentional)","","","","","","","","","Biological resource use","","","",""
"331","Journal Article","O. Cordova; J. R. Rau",2016,"Interaction between artisanal fishery and the top predator Lontra felina in Chile","Chile","Latin America & Caribbean","Latin America","Lontra felina","","","","","","Hunting & trapping terrestrial animals (intentional & unintentional)","","","","","","","","","Biological resource use","","","",""
"332","Journal Article","M. C. Bridger; C. J. Johnson; M. P. Gillingham",2017,"Working with experts to quantify changes in the abundance of furbearers following rapid and large-scale forest harvesting","Canada","North America","North America","Martes americana","","","","","","Logging & wood harvesting (intentional & unintentional)","","","","","","","","","Biological resource use","","","",""
"333","Journal Article","N. G. Dawson; J. P. Colella; M. P. Small; K. D. Stone; S. L. Talbot; J. A. Cook",2017,"Historical biogeography sets the foundation for contemporary conservation of martens (genus Martes) in northwestern North America","USA","North America","North America","Martes americana","","","","","","Logging & wood harvesting (intentional & unintentional)","","","","","","","","","Biological resource use","","","",""
"334","Journal Article","J. Mathai; R. Sollmann; M. E. Meredith; J. L. Belant; J. Niedballa; L. Buckingham; S. T. Wong; S. Asad; A. Wilting",2017,"Fine-scale distributions of carnivores in a logging concession in Sarawak, Malaysian Borneo","Malaysia","East Asia & Pacific","East Asia","Martes flavigula","","","","","","Logging & wood harvesting (intentional & unintentional)","Hunting & trapping terrestrial animals (intentional & unintentional)","","","","","","","","Biological resource use","","","",""
"335","Journal Article","Y. Hua; Y. C. Xu; W. Zhang; B. Li",2017,"Complete mitochondrial genome reveals the phylogenetic relationship of sable Martes zibellina linkouensis","China","East Asia & Pacific","East Asia","Martes zibellina","","","","","","Hunting & trapping terrestrial animals (intentional & unintentional)","","","","","","","","","Biological resource use","","","",""
"336","Journal Article","W. C. Zhu; Q. G. Wei; S. Y. Xue; H. X. Zhang; T. S. Lv; H. H. Zhang",2017,"Isolation and Characterization of Microsatellite Markers for the Sable, Martes zibellina (Mammalia: Mustelidae)","China","East Asia & Pacific","East Asia","Martes zibellina","","","","","","Hunting & trapping terrestrial animals (intentional & unintentional)","","","","","","","","","Biological resource use","","","",""
"337","Journal Article","S. H. Son; H. S. Hwang; J. K. Lee; T. K. Eom; C. R. Park; E. J. Lee; J. H. Kang; S. J. Rhim",2017,"Influence of tree thinning on the abundance of mammals in a Japanese larch Larix kaempferi plantation","South Korea","East Asia & Pacific","East Asia","Meles meles","","","","","","Logging & wood harvesting (intentional & unintentional)","","","","","","","","","Biological resource use","","","",""
"338","Journal Article","P. M. Kukka; T. S. Jung; J. F. Robitaille; F. K. A. Schmiegelow",2017,"Temporal variation in the population characteristics of harvested wolverine (Gulo gulo) in northwestern Canada","Canada","North America","North America","Gulo gulo","","","","","","Hunting & trapping terrestrial animals (intentional & unintentional)","","","","","","","","","Biological resource use","","","",""
"339","Journal Article","N. H. Carter; J. V. Lopez-Bao; J. T. Bruskotter; M. Gore; G. Chapron; A. Johnson; Y. Epstein; M. Shrestha; J. Frank; O. Ohrens; A. Treves",2017,"A conceptual framework for understanding illegal killing of large carnivores","Sweden","Europe & Central Asia","Europe & Central Asia","Gulo gulo","","","","","","Hunting & trapping terrestrial animals (intentional & unintentional)","","","","","","","","","Biological resource use","","","",""
"340","Journal Article","M. L. Allen; B. Wojcik; B. E. Evans; E. E. Iehl; R. E. Barker; M. E. Wheeler; B. E. Peterson; R. I. Dohm; M. A. Mueller; L. O. Olson; B. Ederer; M. Stewart; S. Crimmins; K. Pemble; J. Van Stappen; E. Olson; T. R. Van Deelen",2018,"Detection of Endangered American Martens (Martes americana) in Apostle Islands National Lakeshore, Wisconsin","USA","North America","North America","Martes americana","","","","","","Hunting & trapping terrestrial animals (intentional & unintentional)","Logging & wood harvesting (intentional & unintentional)","","","","","","","","Biological resource use","","","",""
"341","Journal Article","V. G. Monakhov; M. V. Modorov; M. N. Ranyuk",2018,"Genetic Effects of Sable (Martes zibellina L.) Reintroduction in Western Siberia","Russia","Europe & Central Asia","Europe & Central Asia","Martes zibellina","","","","","","Hunting & trapping terrestrial animals (intentional & unintentional)","","","","","","","","","Biological resource use","","","",""
"342","Journal Article","N. C. Pimenta; A. L. S. Goncalves; G. H. Shepard; V. W. Macedo; A. P. A. Barnett",2018,"The return of giant otter to the Baniwa Landscape: A multi-scale approach to species recovery in the middle Icana River, Northwest Amazonia, Brazil","Brazil","Latin America & Caribbean","Latin America","Pteronura brasiliensis","","","","","","Hunting & trapping terrestrial animals (intentional & unintentional)","","","","","","","","","Biological resource use","","","",""
"343","Journal Article","L. Zhang; Q. Y. Wang; L. Yang; F. Li; B. P. L. Chan; Z. S. Xiao; S. Li; D. Z. Song; Z. J. Piao; P. F. Fan",2018,"The neglected otters in China: Distribution change in the past 400 years and current conservation status","China","East Asia & Pacific","East Asia","Aonyx cinereus","Lutrogale perspicillata","Lutra lutra","","","","Hunting & trapping terrestrial animals (intentional & unintentional)","","","","","","","","","Biological resource use","","","",""
"344","Journal Article","P. Siriwat; V. Nijman",2018,"Illegal pet trade on social media as an emerging impediment to the conservation of Asian otters species","Thailand","East Asia & Pacific","East Asia","Aonyx cinereus","Lutrogale perspicillata","","","","","Hunting & trapping terrestrial animals (intentional & unintentional)","","","","","","","","","Biological resource use","","","",""
"345","Journal Article","L. G. Poley; A. J. Magoun; M. D. Robards; R. L. Klimstra",2018,"Distribution and occupancy of wolverines on tundra, northwestern Alaska","USA","North America","North America","Gulo gulo","","","","","","Hunting & trapping terrestrial animals (intentional & unintentional)","","","","","","","","","Biological resource use","","","",""
"346","Journal Article","N. C. Pimenta; A. P. Antunes; A. A. Barnett; V. W. Macedo; G. H. Shepard",2018,"Differential resilience of Amazonian otters along the Rio Negro in the aftermath of the 20th century international fur trade","Brazil","Latin America & Caribbean","Latin America","Lontra longicaudis","Pteronura brasiliensis","","","","","Hunting & trapping terrestrial animals (intentional & unintentional)","","","","","","","","","Biological resource use","","","",""
"347","Journal Article","F. Li; B. P. L. Chan",2018,"Past and present: the status and distribution of otters (Carnivora: Lutrinae sp.) in China","China","East Asia & Pacific","East Asia","Lutra lutra","Lutrogale perspicillata","Aonyx cinereus","","","","Hunting & trapping terrestrial animals (intentional & unintentional)","","","","","","","","","Biological resource use","","","",""
"348","Journal Article","M. S. Delheimer; K. M. Moriarty; M. A. Ltniniell; B. V. Woodruff",2019,"If a tree falls in a forest: implications of forest structure persistence for the Pacific marten (Martes caurina)","USA","North America","North America","Martes caurina","","","","","","Logging & wood harvesting (intentional & unintentional)","","","","","","","","","Biological resource use","","","",""
"349","Journal Article","K. M. Moriarty; K. B. Aubry; C. N. Morozumi; B. L. Howell; P. J. Happe; K. J. Jenkins; K. L. Pilgrim; M. K. Schwartz",2019,"Status of Pacific Martens (Martes caurina) on the Olympic Peninsula, Washington","USA","North America","North America","Martes caurina","","","","","","Logging & wood harvesting (intentional & unintentional)","","","","","","","","","Biological resource use","","","",""
"350","Journal Article","K. M. Moriarty; J. Verschuyl; A. J. Kroll; R. Davis; J. Chapman; B. Hollen",2019,"Describing vegetation characteristics used by two rare forest-dwelling species: Will established reserves provide for coastal marten in Oregon?","USA","North America","North America","Martes caurina","","","","","","Logging & wood harvesting (intentional & unintentional)","","","","","","","","","Biological resource use","","","",""
"351","Journal Article","K. M. Slauson; W. J. Zielinski; T. A. Kirk; D. W. LaPlante",2019,"A Landscape Habitat Suitability Model for the Humboldt Marten (Martes caurina humboldtensis) in Coastal California and Coastal Oregon","USA","North America","North America","Martes caurina","","","","","","Logging & wood harvesting (intentional & unintentional)","","","","","","","","","Biological resource use","","","",""
"352","Journal Article","A. A. Grabham; G. Ventress; M. W. Hayward",2019,"The diet of denning female Europeanpine martens (Martes martes) in Galloway Forest District, South West Scotland, Great Britain","United Kingdom","Europe & Central Asia","Europe & Central Asia","Martes martes","","","","","","Hunting & trapping terrestrial animals (intentional & unintentional)","Logging & wood harvesting (intentional & unintentional)","","","","","","","","Biological resource use","","","",""
"353","Journal Article","L. A. Harrington; D. W. Macdonald; N. D'Cruze",2019,"Popularity of pet otters on YouTube: evidence of an emerging trade threat","South East Asia","East Asia & Pacific","East Asia","Aonyx cinereus","Lutrogale perspicillata","","","","","Hunting & trapping terrestrial animals (intentional & unintentional)","","","","","","","","","Biological resource use","","","",""
"354","Journal Article","S. Kundu; V. Kumar; K. Tyagi; S. Rath; A. Pakrashi; P. C. Saren; L. Kosygin; K. Chandra",2019,"Mitochondrial DNA detects Arctonyx collaris from burnt body parts: a wildlife forensic case study in Indo-Burma biodiversity hotspot","Myanmar","East Asia & Pacific","East Asia","Arctonyx collaris","","","","","","Hunting & trapping terrestrial animals (intentional & unintentional)","","","","","","","","","Biological resource use","","","",""
"355","Journal Article","V. Gervasi; J. D. C. Linnell; H. Broseth; O. Gimenez",2019,"Failure to coordinate management in transboundary populations hinders the achievement of national management goals: The case of wolverines in Scandinavia","Scandinavia","Europe & Central Asia","Europe & Central Asia","Gulo gulo","","","","","","Hunting & trapping terrestrial animals (intentional & unintentional)","","","","","","","","","Biological resource use","","","",""
"356","Journal Article","M. Barrueto; M. A. Sawaya; A. P. Clevenger",2020,"Low wolverine (Gulo gulo) density in a national park complex of the Canadian Rocky Mountains","Canada","North America","North America","Gulo gulo","","","","","","Hunting & trapping terrestrial animals (intentional & unintentional)","","","","","","","","","Biological resource use","","","",""
"357","Journal Article","G. M. J. Lansink; R. Esparza-Sala; M. Joensuu; A. Koskela; D. Bujn?kov; O. Kleven; O. Flagstad; T. Ollila; I. Kojola; J. Aspi; L. Kvist",2020,"Population genetics of the wolverine in Finland: the road to recovery?","Finland","Europe & Central Asia","Europe & Central Asia","Gulo gulo","","","","","","Hunting & trapping terrestrial animals (intentional & unintentional)","","","","","","","","","Biological resource use","","","",""
"358","Otter Bulletin article","",1986,"The Status of the Sea Otter in Canada","Canada","North America","","Enhydra lutris","","","","","","Hunting & trapping terrestrial animals (intentional & unintentional)","","","","","","","","","Biological resource use","","","",""
"359","Otter Bulletin article","Vadim E. Sidorovich and Genadij O. Lauzhel",1992,"Numbers of Otters and Approach to Population Estimation in Byelorussia","Belarus","Europe & Central Asia","","Lutra lutra","","","","","","Hunting & trapping terrestrial animals (intentional & unintentional)","","","","","","","","","Biological resource use","","","",""
"360","Otter Bulletin article","Sheila Macdonald and Chris Mason",1992,"A Note on Lutra longicaudis in Costa Rica","Costa Rica","Latin America & Caribbean","","Lontra longicaudis","","","","","","Logging & wood harvesting (intentional & unintentional)","","","","","","","","","Biological resource use","","","",""
"361","Otter Bulletin article","Anibal Parera",1993,"The Neotropical River Otter Lutra longicaudis in Iberá Lagoon, Argentina","Argentina","Latin America & Caribbean","","Lontra longicaudis","","","","","","Hunting & trapping terrestrial animals (intentional & unintentional)","","","","","","","","","Biological resource use","","","",""
"362","Otter Bulletin article","A.C. Gutleb, W. Henninger, G. Loupal and A. Kranz",1995,"Evidence for Illegal Attempts to Kill Otters (Lutra lutra) in Austria","Austria ","Europe & Central Asia","","Lutra lutra","","","","","","Hunting & trapping terrestrial animals (intentional & unintentional)","","","","","","","","","Biological resource use","","","",""
"363","Otter Bulletin article","J. R. A. Butler and  J. T. du Toit",1995,"Diet and Conservation Status of Cape Clawless Otters in Eastern Zimbabwe","Zimbabwe","Sub-Saharan Africa","","Aonyx capensis","","","","","","Hunting & trapping terrestrial animals (intentional & unintentional)","Logging & wood harvesting (intentional & unintentional)","","","","","","","","Biological resource use","","","",""
"364","Otter Bulletin article","Václav Hlavá? and Ales Toman",1996,"Estimating River Otter Lutra longicaudis Population in Iberá Lagoon Using Direct Sightings Methodology","Argentina","Latin America & Caribbean","","Lontra longicaudis","","","","","","Hunting & trapping terrestrial animals (intentional & unintentional)","","","","","","","","","Biological resource use","","","",""
"365","Otter Bulletin article","Juan Ricardo Gómez, Jeffrey P. Jorgenson and Ricardo Valbuena",1999,"Report on the Rehabilitation and Release of Two Giant River Otter (Pteronura brasiliensis) Pups in the Bita River (Vichada, Colombia)","Colombia","Latin America & Caribbean","","Pteronura brasiliensis","","","","","","Hunting & trapping terrestrial animals (intentional & unintentional)","","","","","","","","","Biological resource use","","","",""
"366","Otter Bulletin article","",2001,"Observations on the distribution and conservation status of the Neotropical river otter (Lontra longicaudis) in the coastal lagoons of the Uruguayan Atlantic basin and their main tributaries","Uruguay","Latin America & Caribbean","","Lontra longicaudis","","","","","","Hunting & trapping terrestrial animals (intentional & unintentional)","","","","","","","","","Biological resource use","","","",""
"367","Otter Bulletin article","",2002,"Otters And Fyke Nets -Some Aspects Which Need Further Attention","Germany","Europe & Central Asia","","Lutra lutra","","","","","","Fishing & harvesting aquatic resources (intentional & unintentional)","","","","","","","","","Biological resource use","","","",""
"368","Otter Bulletin article","",2002,"Giant Otter Project in Peru Field Trip and Activity Report - 2001","Peru","Latin America & Caribbean","","Pteronura brasiliensis","","","","","","Not specified (Habitat deterioration)","","","","","","","","","Biological resource use","","","",""
"369","Otter Bulletin article","",2002,"On the Tracks of the Congo Clawless Otter (Aonyx congicus) in Gabon)","Gabon","Sub-Saharan Africa","","Aonyx congicus","","","","","","Logging & wood harvesting (intentional & unintentional)","Fishing & harvesting aquatic resources (intentional & unintentional)","Hunting & trapping terrestrial animals (intentional & unintentional)","","","","","","","Biological resource use","","","",""
"370","Otter Bulletin article","",2002,"Historical and Actual Presence of the Giant Otter (Pteronura brasiliensis) on the Lower Meta River, Department of Casanare - Colombia Orinoquia","Colombia","Latin America & Caribbean","","Pteronura brasiliensis","","","","","","Fishing & harvesting aquatic resources (intentional & unintentional)","Hunting & trapping terrestrial animals (intentional & unintentional)","","","","","","","","Biological resource use","","","",""
"371","Otter Bulletin article","",2003,"New Findings On Otters In Guinea-Bissau","Guinea-Bissau","Sub-Saharan Africa","","Aonyx capensis","Hydrictis maculicollis","","","","","Hunting & trapping terrestrial animals (intentional & unintentional)","Fishing & harvesting aquatic resources (intentional & unintentional)","","","","","","","","Biological resource use","","","",""
"372","Otter Bulletin article","",2003,"Protecting Fish Farms from Predation by the Eurasian Otter (Lutra lutra) in the Limousin Region of Central France: First Results","France","Europe & Central Asia","","Lutra lutra","","","","","","Fishing & harvesting aquatic resources (intentional & unintentional)","","","","","","","","","Biological resource use","","","",""
"373","Otter Bulletin article","",2004,"The Neotropical Otter Lontra Longicaudis Feeding Habits In A Marine Coastal Area, Southern Brazil","Brazil","Latin America & Caribbean","","Lontra longicaudis","","","","","","Fishing & harvesting aquatic resources (intentional & unintentional)","","","","","","","","","Biological resource use","","","",""
"374","Otter Bulletin article","",2004,"Giant Otter Project In Peru: Field Trip And Activity Report - 2005","Peru","Latin America & Caribbean","","Pteronura brasiliensis","","","","","","Not specified (Habitat deterioration)","","","","","","","","","Biological resource use","","","",""
"375","Otter Bulletin article","",2006,"Status Of Eurasian Otter (Lutra lutra) in Iran","Iran","Middle East & North Africa","","Lutra lutra","","","","","","Hunting & trapping terrestrial animals (intentional & unintentional)","Fishing & harvesting aquatic resources (intentional & unintentional)","","","","","","","","Biological resource use","","","",""
"376","Otter Bulletin article","",2008,"Range Extension And A Case For A Persistent Population Of River Otters (Lontra canadensis) In New Mexico","USA","North America","","Lontra canadensis","","","","","","Hunting & trapping terrestrial animals (intentional & unintentional)","","","","","","","","","Biological resource use","","","",""
"377","Otter Bulletin article","",2008,"A Specimen of Hairy-Nosed Otter Lutra sumatrana from Far Northern Myanmar","Myanmar","East Asia & Pacific","","Lutra sumatrana","","","","","","Hunting & trapping terrestrial animals (intentional & unintentional)","","","","","","","","","Biological resource use","","","",""
"378","Otter Bulletin article","",2008,"Potential Conflict between Fishermen and Giant Otter (Pteronura brasiliensis) Populations by Fishermen in Response to Declining Stocks of Arowana Fish (Osteoglossum bicirrhosum) in Northeastern Peru","Peru","Latin America & Caribbean","","Pteronura brasiliensis","","","","","","Fishing & harvesting aquatic resources (intentional & unintentional)","","","","","","","","","Biological resource use","","","",""
"379","Otter Bulletin article","",2008,"Mortality of the Marine Otter (Lontra felina) in Southern Peru","Peru","Latin America & Caribbean","","Lontra felina","","","","","","Fishing & harvesting aquatic resources (intentional & unintentional)","","","","","","","","","Biological resource use","","","",""
"380","Otter Bulletin article","",2008,"Seasonal Variation in Latrine Site Visitation and Scent Marking by Nearctic River Otters (Lontra canadensis)","USA","North America","","Lontra canadensis","","","","","","Hunting & trapping terrestrial animals (intentional & unintentional)","Not specified (Habitat deterioration)","","","","","","","","Biological resource use","","","",""
"381","Otter Bulletin article","Janice Reed-Smith, Isaac Oluoch, Mark Origa, Tua Samweli Kihedu, Majaliwa Musiba Muhabi, Mandy Musumba Yusuf, Mordecai Ogada, Alex Lobora and Thomas Serfass
",2010,"Consumptive Uses of and Lore pertaining to Spotted-Necked Otters in East Africa – a Preliminary Report from the Lake Victoria Area of Kenya, Tanzania, and Uganda
","Kenya, Tanzania, Uganda","Sub-Saharan Africa","","Hydrictis maculicollis","","","","","","Hunting & trapping terrestrial animals (intentional & unintentional)","","","","","","","","","Biological resource use","","","",""
"382","Otter Bulletin article","Mia Bisther
",2011,"Otters Caught in Traps: A Minor Problem or the Tip of an Iceberg?
","Sweden","Europe & Central Asia","","Lutra lutra","","","","","","Hunting & trapping terrestrial animals (intentional & unintentional)","","","","","","","","","Biological resource use","","","",""
"383","Otter Bulletin article","Kayoko Yamamoto and Motokazu Ando",2011,"Trends in Otter-Related Newspaper Articles in Japan over 135 Years
","Japan","East Asia & Pacific","","Lutra lutra","","","","","","Hunting & trapping terrestrial animals (intentional & unintentional)","","","","","","","","","Biological resource use","","","",""
"384","Otter Bulletin article","Miriam Marmontel, Cristina Isis Buck Silva, Robinson Botero-Arias and Hadad A. Miguel
",2011,"Rescue, Tagging and Release of a Neotropical Otter (Lontra longicaudis) in Western Brazilian Amazon
","Brazil","Latin America & Caribbean","","Lontra longicaudis","","","","","","Hunting & trapping terrestrial animals (intentional & unintentional)","","","","","","","","","Biological resource use","","","",""
"385","Otter Bulletin article","Chris R. Shepherd and Panjit Tansom",2013,"Seizure Of Live Otters In Bangkok Airport, Thailand","Thailand","South Asia","","Lutrogale perspicillata","Aonyx cinereus","","","","","Hunting & trapping terrestrial animals (intentional & unintentional)","","","","","","","","","Biological resource use","","","",""
"386","Otter Bulletin article","Chris R. Shepherd and Vincent Nijman",2014,"Otters in the Mong La Wildlife Market, with a First Record of Hairy-Nosed Otter Lutra sumatrana in Trade in Myanmar","Myanmar","East Asia & Pacific","","Lutra sumatrana","","","","","","Hunting & trapping terrestrial animals (intentional & unintentional)","","","","","","","","","Biological resource use","","","",""
"387","Otter Bulletin article","Erik Meijaard",2014,"A Review of Historical Habitat and Threats to Small-Clawed Otters on Java","Indonesia","East Asia & Pacific","","Aonyx cinereus","","","","","","Hunting & trapping terrestrial animals (intentional & unintentional)","","","","","","","","","Biological resource use","","","",""
"388","SCC","",1990,"The distribution and status of the badger in Glamorgan, Wales","United Kingdom","Europe & Central Asia","Europe & Central Asia","Meles meles","","","","","","Hunting & trapping terrestrial animals (intentional & unintentional)","","","","","","","","","Biological resource use","","","",""
"389","SCC","",1991,"Mustelids in Ladakh, India","India","South Asia","South Asia","Martes foina","Lutra lutra","","","","","Hunting & trapping terrestrial animals (intentional & unintentional)","","","","","","","","","Biological resource use","","","",""
"390","SCC","",1991,"Badger sett protection in Britain","United Kingdom","Europe & Central Asia","Europe & Central Asia","Meles meles","","","","","","Hunting & trapping terrestrial animals (intentional & unintentional)","","","","","","","","","Biological resource use","","","",""
"391","SCC","",1991,"The Eurasian badger: an update on status and protective legislation","Global","Global","Global","Meles meles","","","","","","Hunting & trapping terrestrial animals (intentional & unintentional)","","","","","","","","","Biological resource use","","","",""
"392","SCC","",1992,"Stone martens Martes foina in Siena, Italy","Italy","Europe & Central Asia","Europe & Central Asia","Martes foina","","","","","","Hunting & trapping terrestrial animals (intentional & unintentional)","","","","","","","","","Biological resource use","","","",""
"393","SCC","",1992,"Reintroduction of polecat (Mustela putorius) and pine marten (Martes martes) in Britain","United Kingdom","Europe & Central Asia","Europe & Central Asia","Mustela lutreola","","","","","","Hunting & trapping terrestrial animals (intentional & unintentional)","","","","","","","","","Biological resource use","","","",""
"394","SCC","",1993,"Status of martens and genets in the Balearic and Pityusic Islands, Spain","Spain","Europe & Central Asia","Europe & Central Asia","Martes martes","Martes foina","","","","","Hunting & trapping terrestrial animals (intentional & unintentional)","","","","","","","","","Biological resource use","","","",""
"395","SCC","",1997,"Badger conservation and fox hunting in Flanders (Belgium)","Belgium","Europe & Central Asia","Europe & Central Asia","Meles meles","","","","","","Hunting & trapping terrestrial animals (intentional & unintentional)","","","","","","","","","Biological resource use","","","",""
"396","SCC","",2003,"The diversity and conservation of mustelids, viverrids, and herpestids in a disturbed forest in Peninsular Malaysia","Malaysia","East Asia & Pacific","East Asia","Martes flavigula","","","","","","Logging & wood harvesting (intentional & unintentional)","Hunting & trapping terrestrial animals (intentional & unintentional)","","","","","","","","Biological resource use","","","",""
"397","SCC","",2008,"Occurrence and conservation status of small carnivores in two protected areas in Arunachal Pradesh, north-east India","India","South Asia","South Asia","Martes flavigula","Arctonyx collaris","Aonyx cinereus","Lutrogale perspicillata","Lutra lutra","","Hunting & trapping terrestrial animals (intentional & unintentional)","","","","","","","","","Biological resource use","","","",""
"398","SCC","",2008,"Status and distribution of small carnivores in Myanmar","Myanmar","East Asia & Pacific","East Asia","Arctonyx collaris","","","","","","Hunting & trapping terrestrial animals (intentional & unintentional)","","","","","","","","","Biological resource use","","","",""
"399","SCC","",2009,"Small carnivorans from southern Benin: a preliminary assessment of diversity and hunting pressure","Benin","Sub-Saharan Africa","Sub-Saharan Africa","Hydrictis maculicollis","Aonyx capensis","","","","","Hunting & trapping terrestrial animals (intentional & unintentional)","","","","","","","","","Biological resource use","","","",""
"400","SCC","",2011,"Research priorities for the small carnivores of Colombia","Colombia","Latin America & Caribbean","Latin America","Eira barbara","Galictis vittata","","","","","Hunting & trapping terrestrial animals (intentional & unintentional)","","","","","","","","","Biological resource use","","","",""
"401","SCC","",2012,"Observations of small carnivores in Jakarta wildlife markets, Indonesia, with notes on trade in Javan Ferret Badger Melogale orientalis and on the increasing demand for Common Palm Civet Paradoxurus hermaphroditus for civet coffee production","Indonesia","East Asia & Pacific","East Asia","Melogale orientalis","","","","","","Hunting & trapping terrestrial animals (intentional & unintentional)","","","","","","","","","Biological resource use","","","",""
"402","SCC","",2012,"Notes on live ferret badger Melogale trade in Java","Indonesia","East Asia & Pacific","East Asia","Melogale sp.","","","","","","Hunting & trapping terrestrial animals (intentional & unintentional)","","","","","","","","","Biological resource use","","","",""
"403","SCC","",2013,"Records of small carnivores from in and around Namdapha Tiger Reserve, Arunachal Pradesh, India","India","South Asia","South Asia","Martes flavigula","Aonyx cinereus","","","","","Logging & wood harvesting (intentional & unintentional)","Hunting & trapping terrestrial animals (intentional & unintentional)","","","","","","","","Biological resource use","","","",""
"404","SCC","",2014,"Status and ethnobiology of Mountain Weasel Mustela altaica in Humla district, Nepal","Nepal","South Asia","South Asia","Mustela altaica","","","","","","Hunting & trapping terrestrial animals (intentional & unintentional)","","","","","","","","","Biological resource use","","","",""
"405","SCC","",2014,"Current distribution and conservation status of small carnivores in Thailand: a baseline review","Thailand","East Asia & Pacific","East Asia","Aonyx cinereus","","","","","","Hunting & trapping terrestrial animals (intentional & unintentional)","","","","","","","","","Biological resource use","","","",""
"406","SCC","",2017,"A revised global conservation assessment of the Javan Ferret Badger Melogale orientalis","Indonesia","East Asia & Pacific","East Asia","Melogale orientalis","","","","","","Hunting & trapping terrestrial animals (intentional & unintentional)","Logging & wood harvesting (intentional & unintentional)","","","","","","","","Biological resource use","","","",""
"407","Otter Bulletin article","",2015,"Occurrence of the Smooth-Coated Otter Lutrogale perspicillata (Geoffroy, 1826) in Punjab, India","India","South Asia","South Asia","Lutrogale perspicillata","","","","","","Hunting & trapping terrestrial animals (intentional & unintentional)","","","","","","","","","Biological resource use","","","",""
"408","Otter Bulletin article","",2016,"The Conservation Status Of Otters In Prek Toal Core Area, Tonle Sap Lake, Cambodia ","Cambodia","East Asia & Pacific","","Lutrinae sp.","","","","","","Hunting & trapping terrestrial animals (intentional & unintentional)","","","","","","","","","Biological resource use","","","",""
"409","Otter Bulletin article","",2016,"The Eurasian Otter Lutra lutra in Afghanistan: A Review of the Sparse Available Information","Afghanistan ","Middle East & North Africa","","Lutra lutra","","","","","","Hunting & trapping terrestrial animals (intentional & unintentional)","","","","","","","","","Biological resource use","","","",""
"410","Otter Bulletin article","",2016,"Camera Sighting of Congo Clawless Otter in the Midst of a Rapid Development on Mainland Equatorial Guinea","Equatorial Guinea","Sub-Saharan Africa","","Aonyx congicus","","","","","","Not specified (Habitat deterioration)","","","","","","","","","Biological resource use","","","",""
"411","Otter Bulletin article","",2017,"Records of Smooth-Coated Otter Lutrogale perspicillata (Geoffroy, 1826) from the Krishna River Delta of South India","India","South Asia","","Lutrogale perspicillata","","","","","","Fishing & harvesting aquatic resources (intentional & unintentional)","Hunting & trapping terrestrial animals (intentional & unintentional)","","","","","","","","Biological resource use","","","",""
"412","Otter Bulletin article","",2017,"Recent Seizures of Live Otters in Southeast Asia","East Asia","East Asia & Pacific","","Aonyx cinereus","","","","","","Fishing & harvesting aquatic resources (intentional & unintentional)","","","","","","","","","Biological resource use","","","",""
"413","Otter Bulletin article","",2017,"Distribution of and Threats to the Eurasian Otter (Lutra lutra) in the Anzali Wetland, Iran","Iran","Middle East & North Africa","","Lutra lutra","","","","","","Fishing & harvesting aquatic resources (intentional & unintentional)","","","","","","","","","Biological resource use","","","",""
"414","Otter Bulletin article","",2018,"Attack of Otter on Humans in Thrissur, Kerala, India","India","South Asia","","Lutrogale perspicillata","","","","","","Fishing & harvesting aquatic resources (intentional & unintentional)","","","","","","","","","Biological resource use","","","",""
"415","Otter Bulletin article","",2018,"Smooth-Coated Otter Lutrogale perspicillata receives Formal Protection in Indonesia, but Small -Clawed Otter Aonyx cinereus does not","Indonesia","East Asia & Pacific","","Lutrogale perspicillata","Aonyx cinereus","","","","","Hunting & trapping terrestrial animals (intentional & unintentional)","","","","","","","","","Biological resource use","","","",""
"416","Otter Bulletin article","",2018,"Population Status and Activity Pattern of Smooth-Coated Otter (Lutrogale perspicillata) in Bhitarkanika National Park, Odisha, Eastern India","India","South Asia","","Lutrogale perspicillata","","","","","","Hunting & trapping terrestrial animals (intentional & unintentional)","Not specified (Habitat deterioration)","","","","","","","","Biological resource use","","","",""
"417","Otter Bulletin article","",2018,"A Distribution Survey For Otters In Sikkim, India","India","South Asia","","Lutrinae sp.","","","","","","Not specified (Habitat deterioration)","","","","","","","","","Biological resource use","","","",""
"418","Otter Bulletin article","",2018,"New Altitudinal Record of Neotropical Otter (Lontra longicaudis Olfers, 1818) and Conflict with Fish Farmers in Mexico","Mexico","Latin America & Caribbean","","Lontra longicaudis","","","","","","Fishing & harvesting aquatic resources (intentional & unintentional)","","","","","","","","","Biological resource use","","","",""
"419","Otter Bulletin article","",2018,"Notes on Neotropical Otter (Lontra longicaudis) Hunting, a Possible Underestimated Threat in Colombia","Colombia","Latin America & Caribbean","","Lontra longicaudis","","","","","","Hunting & trapping terrestrial animals (intentional & unintentional)","","","","","","","","","Biological resource use","","","",""
"420","Otter Bulletin article","",2019,"Spotted-Necked Otter (Hydrictis maculicollis) Distribution and Determining Factors of Habitat Occurrence in the Lower Ouémé Valley, Southern Benin","Benin","Sub-Saharan Africa","","Hydrictis maculicollis","","","","","","Fishing & harvesting aquatic resources (intentional & unintentional)","","","","","","","","","Biological resource use","","","",""
"421","Otter Bulletin article","",2019,"Improved Legislation and Stronger Enforcement Actions needed as the Online Otter Trade in Indonesia continues","Indonesia","East Asia & Pacific","","Aonyx cinereus","","","","","","Hunting & trapping terrestrial animals (intentional & unintentional)","","","","","","","","","Biological resource use","","","",""
"422","Otter Bulletin article","",2019,"Stronger International Regulations and Increased Enforcement Effort is needed to end the Illegal Trade in Otters in Asia","Asia","East Asia & Pacific","","Lutrinae sp.","","","","","","Hunting & trapping terrestrial animals (intentional & unintentional)","","","","","","","","","Biological resource use","","","",""
"423","Otter Bulletin article","",2020,"The Situation of Pet Otters in Japan – Warning by Vets","Japan","East Asia & Pacific","","Aonyx cinereus","","","","","","Hunting & trapping terrestrial animals (intentional & unintentional)","","","","","","","","","Biological resource use","","","",""
"424","Otter Bulletin article","",2020,"A Review of the Hairy-Nosed Otter (Lutra sumatrana) in Borneo and a Recent Sighting at Danum Valley Conservation Area, Sabah","Malaysia","East Asia & Pacific","","Lutra sumatrana","","","","","","Hunting & trapping terrestrial animals (intentional & unintentional)","","","","","","","","","Biological resource use","","","",""
"425","Otter Bulletin article","",2020,"A Distribution Survey For Otters In Sikkim, India","India","South Asia","","Lutra lutra","Aonyx cinereus","Lutrogale perspicillata","","","","Not specified","","","","","","","","","Biological resource use","","","",""
"426","Journal Article","C. M. Aylward; J. D. Murdoch; C. W. Kilpatrick",2020,"Multiscale landscape genetics of American marten at their southern range periphery","USA","North America","North America","Martes americana","","","","","","Habitat shifting & alteration","","","Logging & wood harvesting (intentional & unintentional)","","Housing & urban areas","","","","Climate change & severe weather","Biological resource use","Residential & commercial development","",""
"427","Journal Article","J. Ruiz-Olmo; J. Jimenez; W. Chacon",2007,"The importance of ponds for the otter (Lutra lutra) during drought periods in Mediterranean ecosystems: A case study in Bergantes River","Spain","Europe & Central Asia","Europe & Central Asia","Lutra lutra","","","","","","Droughts","","","","","","","","","Climate change & severe weather","Other threats","","",""
"428","Journal Article","C. M. Aylward; J. D. Murdoch; C. W. Kilpatrick",2019,"Genetic legacies of translocation and relictual populations of American marten at the southeastern margin of their distribution","USA","North America","North America","Martes americana","","","","","","Habitat shifting & alteration","","","Housing & urban areas","","Logging & wood harvesting (intentional & unintentional)","","","","Climate change & severe weather","Residential & commercial development","Biological resource use","",""
"429","Journal Article","N. Heim; J. T. Fisher; A. Clevenger; J. Paczkowski; J. Volpe",2017,"Cumulative effects of climate and landscape change drive spatial distribution of Rocky Mountain wolverine (Gulo gulo L.)","USA","North America","North America","Gulo gulo","","","","","","Habitat shifting & alteration","","","Unspecified","","Roads & railroads","","","","Climate change & severe weather","Residential & commercial development","Transportation & service corridors","",""
"430","Journal Article","D. W. Macdonald; C. Newman; C. D. Buesching; P. Nouvellet",2010,"Are badgers 'Under The Weather'? Direct and indirect impacts of climate variation on European badger (Meles meles) population dynamics","United Kingdom","Europe & Central Asia","Europe & Central Asia","Meles meles","","","","","","Habitat shifting & alteration","","","Roads & railroads","","","","","","Climate change & severe weather","Transportation & service corridors","","",""
"431","Journal Article","E. C. Lofroth; J. A. Krebs; W. L. Harrower; D. Lewis",2007,"Food habits of wolverine Gulo gulo in montane ecosystems of British Columbia, Canada","Canada","North America","North America","Gulo gulo","","","","","","Habitat shifting & alteration","","","","","","","","","Climate change & severe weather","","","",""
"432","Journal Article","J. F. Brodie; E. Post",2010,"Nonlinear responses of wolverine populations to declining winter snowpack","USA / Canada","North America","North America","Gulo gulo","","","","","","Habitat shifting & alteration","","","","","","","","","Climate change & severe weather","","","",""
"433","Journal Article","S. Peacock",2011,"Projected 21st century climate change for wolverine habitats within the contiguous United States","USA","North America","North America","Gulo gulo","","","","","","Habitat shifting & alteration","","","","","","","","","Climate change & severe weather","","","",""
"434","Journal Article","C. Cianfrani; G. Le Lay; L. Maiorano; H. F. Satizabal; A. Loy; A. Guisan",2011,"Adapting global conservation strategies to climate change at the European scale: The otter as a flagship species","Europe","Europe & Central Asia","Europe & Central Asia","Lutra lutra","","","","","","Habitat shifting & alteration","","","","","","","","","Climate change & severe weather","","","",""
"435","Journal Article","J. Zigouris; F. N. Dawson; J. Bowman; R. M. Gillett; J. A. Schaefer; C. J. Kyle",2012,"Genetic isolation of wolverine (Gulo gulo) populations at the eastern periphery of their North American distribution","USA / Canada","North America","North America","Gulo gulo","","","","","","Habitat shifting & alteration","","","","","","","","","Climate change & severe weather","","","",""
"436","Journal Article","T. N. Wasserman; S. A. Cushman; J. S. Littell; A. J. Shirk; E. L. Landguth",2013,"Population connectivity and genetic diversity of American marten (Martes americana) in the United States northern Rocky Mountains in a climate change context","USA","North America","North America","Martes americana","","","","","","Habitat shifting & alteration","","","","","","","","","Climate change & severe weather","","","",""
"437","Journal Article","A. A. Ahlers; L. A. Cotner; P. J. Wolff; M. A. Mitchell; E. J. Heske; R. L. Schooley",2015,"Summer Precipitation Predicts Spatial Distributions of Semiaquatic Mammals","USA","North America","North America","Neovison vison","","","","","","Droughts","","","","","","","","","Climate change & severe weather","","","",""
"438","Journal Article","S. E. Albeke; N. P. Nibbelink; M. Ben-David",2015,"Modeling Behavior by Coastal River Otter (Lontra Canadensis) in Response to Prey Availability in Prince William Sound, Alaska: A Spatially-Explicit Individual-Based Approach","USA","North America","North America","Lontra canadensis","","","","","","Other impacts","","","","","","","","","Climate change & severe weather","","","",""
"439","Journal Article","A. E. Formoso; M. Dolsan; R. A. Sosa; P. Teta",2016,"A new distributional record for Lyncodon patagonicus (Carnivora: Mustelidae), one of the smallest and least known mustelids of South America","Argentina","Latin America & Caribbean","Latin America","Lyncodon patagonicus","","","","","","Habitat shifting & alteration","","","","","","","","","Climate change & severe weather","","","",""
"440","Journal Article","W. J. Zielinski; J. M. Tucker; K. M. Rennie",2017,"Niche overlap of competing carnivores across climatic gradients and the conservation implications of climate change at geographic range margins","USA","North America","North America","Pekania pennanti","Martes americana","","","","","Habitat shifting & alteration","","","","","","","","","Climate change & severe weather","","","",""
"441","Journal Article","M. A. Navarro; J. Quadros",2017,"Impact of a natural disaster on the habitat and occurrence of Lontra longicaudis (Mustelidae, Carnivora) in Serra da Prata, Parana, Brazil","Brazil","Latin America & Caribbean","Latin America","Lontra longicaudis","","","","","","Other impacts","","","","","","","","","Climate change & severe weather","","","",""
"442","Journal Article","C. Cianfrani; O. Broennimann; A. Loy; A. Guisan",2018,"More than range exposure: Global otter vulnerability to climate change","Global","Global","Global","Lutrinae sp.","","","","","","Habitat shifting & alteration","","","","","","","","","Climate change & severe weather","","","",""
"443","Journal Article","H. Ylonen; M. Haapakoski; T. Sievert; J. Sundell",2019,"Voles and weasels in the boreal Fennoscandian small mammal community: what happens if the least weasel disappears due to climate change?","United Kingdom","Europe & Central Asia","Europe & Central Asia","Mustela nivalis","","","","","","Habitat shifting & alteration","","","","","","","","","Climate change & severe weather","","","",""
"444","Journal Article","A. P. Clevenger",2013,"Mitigating Highways for a Ghost: Data Collection Challenges and Implications for Managing Wolverines and Transportation Corridors","Canada","North America","North America","Gulo gulo","","","","","","Habitat shifting & alteration","","","","","","","","","Climate change & severe weather","","","",""
"445","Journal Article","S. K. Carter; F. C. W. Rosas",1997,"Biology and conservation of the giant otter Pteronura brasiliensis","South America","Latin America & Caribbean","Latin America","Pteronura brasiliensis","","","","","","Mining & quarrying","","","Hunting & trapping terrestrial animals (intentional & unintentional)","Logging & wood harvesting (intentional & unintentional)","Roads & railroads","","Dams & water management/use","Industrial & military effluents","Energy production & mining","Biological resource use","Transportation & service corridors","Natural system modifications","Pollution"
"446","Otter Bulletin article","Juan Pablo Gallo",1996,"Distribution of the Neotropical River Otter (Lutra longicaudis annectens Major, 1897) in the Rio Yaqui, Sonora, Mexico","Mexico","Latin America & Caribbean","","Lontra longicaudis","","","","","","Mining & quarrying","","","Hunting & trapping terrestrial animals (intentional & unintentional)","","","","","","Energy production & mining","Biological resource use","","",""
"447","Otter Bulletin article","Anabela Trindade, Nuno Farinha, Elsa Florêncio and Mónica Sousa",1995,"Otter Conservation in Portugal: Distribution and Status of Lutra lutra in Five Protected Areas of the Country","Portugal","Europe & Central Asia","","Lutra lutra","","","","","","Renewable energy","Mining & quarrying","","Industrial & military effluents","Agricultural & forestry effluents","Marine & freshwater aquaculture","","Fire & fire suppression","Hunting & trapping terrestrial animals (intentional & unintentional)","Energy production & mining","Pollution","Agriculture & aquaculture","Natural system modifications","Biological resource use"
"448","Otter Bulletin article","Paul Yoxon",1994,"The International Otter Survival Fund","UK","Europe & Central Asia","","Lutra lutra","","","","","","Mining & quarrying","","","","","","","","","Energy production & mining","","","",""
"449","Journal Article","I. R. Pecingina; R. G. Popa",2018,"STUDY ON EVALUATING THE CONSERVATION STATUS OF SPECIES OF MAMMALS AT THE NATURAL PROTECTED AREA GILORT RIVER""""","Romania","Europe & Central Asia","Europe & Central Asia","Lutra lutra","","","","","","Recreational activities","","","Other ecosystem modifications","","Renewable energy","","Livestock farming & ranching","","Human intrusions & disturbance","Natural system modifications","Energy production & mining","Agriculture & aquaculture",""
"450","Journal Article","M. Marcelli; R. Fusillo",2009,"Assessing range re-expansion and recolonization of human-impacted landscapes by threatened species: a case study of the otter (Lutra lutra) in Italy","Italy","Europe & Central Asia","Europe & Central Asia","Lutra lutra","","","","","","Unspecified","","","Unspecified","","Roads & railroads","","","","Human intrusions & disturbance","Pollution","Transportation & service corridors","",""
"451","Otter Bulletin article","",2006,"The Otter (Lutra lutra L.) on Corfu Island (Greece): Situation in 2006","Greece","Europe & Central Asia","","Lutra lutra","","","","","","Not specified","","","Not specified","","Other ecosystem modifications","","Not specified","","Human intrusions & disturbance","Residential & commercial development","Natural system modifications","Pollution",""
"452","Journal Article","I. A. P. de Oliveira; D. Norris; F. Michalski",2015,"Anthropogenic and seasonal determinants of giant otter sightings along waterways in the northern Brazilian Amazon","Brazil","Latin America & Caribbean","Latin America","Pteronura brasiliensis","","","","","","Work & other activities","","","Housing & urban areas","","","","","","Human intrusions & disturbance","Residential & commercial development","","",""
"453","Otter Bulletin article","Christof Schenck, Jessica Groenendijk and Frank Hajek",1999,"Giant Otter Project In Peru: Field Trip And Activity Report - 1998","Peru","Latin America & Caribbean","","Pteronura brasiliensis","","","","","","Recreational activities","","","Tourism & recreation areas","","","","","","Human intrusions & disturbance","Residential & commercial development","","",""
"454","Journal Article","J. Krebs; E. C. Lofroth; I. Parfitt",2007,"Multiscale habitat use by wolverines in British Columbia, Canada","Canada","North America","North America","Gulo gulo","","","","","","Recreational activities","","","Roads & railroads","","","","","","Human intrusions & disturbance","Transportation & service corridors","","",""
"455","Journal Article","E. C. Lofroth; J. Krebs",2007,"The abundance and distribution of wolverines in British Columbia, Canada","Canada","North America","North America","Gulo gulo","","","","","","Recreational activities","","","Roads & railroads","","","","","","Human intrusions & disturbance","Transportation & service corridors","","",""
"456","Otter Bulletin article","Anibal F. Parera",1992,"Present Knowledge on the Giant Otter in Argentina","Argentina","Latin America & Caribbean","","Pteronura brasiliensis","","","","","","Unspecified","","","","","","","","","Human intrusions & disturbance","Unspecified (habitat destruction)","","",""
"457","Journal Article","J. P. GalloReynoso; G. B. Rathbun",1997,"Status of sea otters (Enhydra lutris) in Mexico","Mexico","Latin America & Caribbean","Latin America","Enhydra lutris","","","","","","Other (expanding human population)","","","","","","","","","Human intrusions & disturbance","","","",""
"458","Journal Article","K. Shenoy; S. Varma; K. V. D. Prasad",2006,"Factors determining habitat choice of the smooth-coated otter, Lutrogale perspicillata in a South Indian river system","India","South Asia","South Asia","Lutrogale perspicillata","","","","","","Work & other activities","","","","","","","","","Human intrusions & disturbance","","","",""
"459","Journal Article","J. F. Charre-Medellin; C. Lopez-Gonzalez; A. Lozano; A. F. Guzman",2011,"Current status of knowledge on the neotropical otter (Lontra longicaudis annectens) in Durango, Mexico","Mexico","Latin America & Caribbean","Latin America","Lontra longicaudis","","","","","","Unspecified","","","","","","","","","Human intrusions & disturbance","","","",""
"460","Journal Article","K. M. Slauson; W. J. Zielinski; M. K. Schwartz",2017,"Ski Areas affect Pacific Marten Movement, Habitat Use, and Density","USA","North America","North America","Martes caurina","","","","","","Recreational activities","","","","","","","","","Human intrusions & disturbance","","","",""
"461","Journal Article","K. Heinemeyer; J. Squires; M. Hebblewhite; J. J. O'Keefe; J. D. Holbrook; J. Copeland",2019,"Wolverines in winter: indirect habitat loss and functional responses to backcountry recreation","USA","North America","North America","Gulo gulo","","","","","","Recreational activities","","","","","","","","","Human intrusions & disturbance","","","",""
"462","Journal Article","I. C. Weinberger; S. Muff; A. Kranz; F. Bontadina",2019,"Riparian vegetation provides crucial shelter for resting otters in a human-dominated landscape","Austria","Europe & Central Asia","Europe & Central Asia","Lutra lutra","","","","","","Recreational activities","","","","","","","","","Human intrusions & disturbance","","","",""
"463","Journal Article","S. Hong; M. Di Febbraro; A. Loy; P. Cowan; G. J. Joo",2020,"Large scale faecal (spraint) counts indicate the population status of endangered Eurasian otters (Lutra lutra)","South Korea","East Asia & Pacific","East Asia","Lutra lutra","","","","","","Work & other activities","","","","","","","","","Human intrusions & disturbance","","","",""
"464","Otter Bulletin article","Christoph Schenck and Elke Staib",1995,"News from the Giant Otter Project in Peru","Peru","Latin America & Caribbean","","Pteronura brasiliensis","","","","","","Recreational activities","","","","","","","","","Human intrusions & disturbance","","","",""
"465","Otter Bulletin article","Christof Schenck, Elke Staib and Ilse Storch",1997,"1996 News from the Giant Otter Project in Peru","Peru","Latin America & Caribbean","","Pteronura brasiliensis","","","","","","Recreational activities","","","","","","","","","Human intrusions & disturbance","","","",""
"466","Otter Bulletin article","",2018,"Feeding Ecology and Spraint Deposition Sites of the Neotropical Otter (Lontra longicaudis) at Cavernas do Peruaçu National Park, Brazil","Brazil","Latin America & Caribbean","","Lontra longicaudis","","","","","","Recreational activities","","","","","","","","","Human intrusions & disturbance","","","",""
"467","Otter Bulletin article","",2020,"Holt-Based Activity Patterns of Smooth-Coated Otter (Lutrogale perspicillata) in the Lower Kinabatangan Wildlife Sanctuary, Sabah, Malaysia","Malaysia","East Asia & Pacific","","Lutrogale perspicillata","","","","","","Not specified","","","","","","","","","Human intrusions & disturbance","","","",""
"468","Otter Bulletin article","Alex Lewis, Richard Cuthbert, Matthew Denny, Katharine Gotto and Geoff Hilton",1997,"The Giant Otter, Pteronura brasiliensis, in Caño la Brea, Sucre State, Venezuela","Venezuela","Latin America & Caribbean","","Pteronura brasiliensis","","","","","","Viral/prion-induced diseases","","","Hunting & trapping terrestrial animals (intentional & unintentional)","","Recreational activities","","","","Invasive & other problematic species, genes & diseases","Biological resource use","Human intrusions & disturbance","",""
"469","Journal Article","J. Torres; S. Manas; S. Palazon; J. C. Cena; J. Miquel; C. Feliu",2003,"Helminth parasites of Mustela lutreola (Linnaeus, 1761) and M-vison Schreber, 1777 in Spain","Spain","Europe & Central Asia","Europe & Central Asia","Mustela lutreola","","","","","","Problematic native species/diseases","","","","","","","","","Invasive & other problematic species, genes & diseases","Biological resource use","Pollution","Natural system modifications",""
"470","Journal Article","D. S. M. Guzman; A. Carvajal; J. F. Garcia-Marin; M. C. Ferreras; V. Perez; M. Mitchell; F. Urra; J. C. Cena",2008,"Aleutian disease serology, protein electrophoresis, and pathology of the European mink (Mustela lutreola) from Navarra, Spain","Spain","Europe & Central Asia","Europe & Central Asia","Mustela lutreola","","","","","","Viral/prion-induced diseases","","","Hunting & trapping terrestrial animals (intentional & unintentional)","","Industrial & military effluents","","Roads & railroads","","Invasive & other problematic species, genes & diseases","Biological resource use","Pollution","Transportation & service corridors",""
"471","Journal Article","F. Palomares; J. V. Lopez-Bao; G. Telletxea; J. C. Cena; P. Fournier; G. Giralda; F. Urra",2017,"Activity and home range in a recently widespread European mink population in Western Europe","Europe","Europe & Central Asia","Europe & Central Asia","Mustela lutreola","","","","","","Invasive non-native/alien species/diseases","","","Hunting & trapping terrestrial animals (intentional & unintentional)","","Industrial & military effluents","","","","Invasive & other problematic species, genes & diseases","Biological resource use","Pollution","",""
"472","SCC","",1997,"The status of small carnivore species in Niokolo-Koba National Park, Senegal","Senegal","Sub-Saharan Africa","Sub-Saharan Africa","Mellivora capensis","Aonyx capensis","","","","","Invasive non-native/alien species/diseases","","","Fishing & harvesting aquatic resources (intentional & unintentional)","","","","","","Invasive & other problematic species, genes & diseases","Biological resource use","","",""
"473","Journal Article","S. Amstislavsky; H. Lindeberg; J. Aalto; M. W. Kennedy",2008,"Conservation of the European mink (Mustela lutreola): Focus on reproduction and reproductive technologies","Europe","Europe & Central Asia","Europe & Central Asia","Mustela lutreola","","","","","","Introduced genetic material","Invasive non-native/alien species/diseases","","Dams & water management/use","","Hunting & trapping terrestrial animals (intentional & unintentional)","","Industrial & military effluents","","Invasive & other problematic species, genes & diseases","Natural system modifications","Biological resource use","Pollution",""
"474","SCC","",1993,"The current state of research into the status of the European mink(Mustela lutreola)in Belarus","Belarus","Europe & Central Asia","Europe & Central Asia","Mustela lutreola","","","","","","Invasive non-native/alien species/diseases","","","Dams & water management/use","","Industrial & military effluents","","","","Invasive & other problematic species, genes & diseases","Natural system modifications","Pollution","",""
"475","SCC","",2007,"Modelling the incidence of fragmentation at different scales in the European Mink Mustela lutreola population and the expansion of the American Mink Mustela vison in Biscay","Spain","Europe & Central Asia","Europe & Central Asia","Mustela lutreola","","","","","","Invasive non-native/alien species/diseases","","","Dams & water management/use","","Housing & urban areas","","","","Invasive & other problematic species, genes & diseases","Natural system modifications","Residential & commercial development","",""
"476","Journal Article","K. Shapiro; M. Miller; J. Mazet",2012,"TEMPORAL ASSOCIATION BETWEEN LAND-BASED RUNOFF EVENTS AND CALIFORNIA SEA OTTER (ENHYDRA LUTRIS NEREIS) PROTOZOAL MORTALITIES","USA","North America","North America","Enhydra lutris","","","","","","Viral/prion-induced diseases","","","Other ecosystem modifications","","","","","","Invasive & other problematic species, genes & diseases","Natural system modifications","","",""
"477","Journal Article","C. Fournier-Chambrillon; J. Torres; J. Miquel; A. Andre; J. Michaux; K. Lemberger; G. G. Carrera; P. Fournier",2018,"Severe parasitism by Versteria mustelae (Gmelin, 1790) in the critically endangered European mink Mustela lutreola (Linnaeus, 1761) in Spain","Spain","Europe & Central Asia","Europe & Central Asia","Mustela lutreola","","","","","","Problematic native species/diseases","","","Dams & water management/use","","","","","","Invasive & other problematic species, genes & diseases","Natural system modifications","","",""
"478","Book Section","R. M. Santymire; T. M. Livieri; H. Branvold-Faber; P. E. Marinari",2014,"The Black-Footed Ferret: On the Brink of Recovery?","USA","North America","North America","Mustela nigripes","","","","","","Problematic native species/diseases","","","","","Annual & perennial non-timber crops","Livestock farming & ranching","","","Invasive & other problematic species, genes & diseases","Other threats","Agriculture & aquaculture","",""
"479","Journal Article","S. M. Wisely; D. B. McDonald; S. W. Buskirk",2003,"Evaluation of the genetic management of the endangered black-footed ferret (Mustela nigripes)","USA","North America","North America","Mustela nigripes","","","","","","Problematic native species/diseases","","","","","Annual & perennial non-timber crops","Livestock farming & ranching","","","Invasive & other problematic species, genes & diseases","Other threats","Agriculture & aquaculture","",""
"480","Journal Article","D. E. Biggins; B. J. Miller; L. R. Hanebury; R. A. Powell",2011,"Mortality of Siberian polecats and black-footed ferrets released onto prairie dog colonies","USA","North America","North America","Mustela nigripes","","","","","","Problematic native species/diseases","","","","","Annual & perennial non-timber crops","Livestock farming & ranching","","","Invasive & other problematic species, genes & diseases","Other threats","Agriculture & aquaculture","",""
"481","Journal Article","D. E. Biggins",2012,"INFORMATION ON BLACK-FOOTED FERRET BIOLOGY COLLECTED WITHIN THE FRAMEWORK OF FERRET CONSERVATION","USA","North America","North America","Mustela nigripes","","","","","","Problematic native species/diseases","","","","","Annual & perennial non-timber crops","Livestock farming & ranching","","","Invasive & other problematic species, genes & diseases","Other threats","Agriculture & aquaculture","",""
"482","Journal Article","B. Miller; R. P. Reading",2012,"CHALLENGES TO BLACK-FOOTED FERRET RECOVERY: PROTECTING PRAIRIE DOGS","USA","North America","North America","Mustela nigripes","","","","","","Problematic native species/diseases","","","","","Annual & perennial non-timber crops","Livestock farming & ranching","","","Invasive & other problematic species, genes & diseases","Other threats","Agriculture & aquaculture","",""
"483","Journal Article","K. M. Brickner; M. B. Grenier; A. E. Crosier; J. N. Pauli",2014,"Foraging plasticity in a highly specialized carnivore, the endangered black-footed ferret","USA","North America","North America","Mustela nigripes","","","","","","Problematic native species/diseases","","","","","Annual & perennial non-timber crops","Livestock farming & ranching","","","Invasive & other problematic species, genes & diseases","Other threats","Agriculture & aquaculture","",""
"484","Journal Article","C. Kreuder; M. A. Miller; D. A. Jessup; L. J. Lowenstein; M. D. Harris; J. A. Ames; T. E. Carpenter; P. A. Conrad; J. A. K. Mazet",2003,"Patterns of mortality in southern sea otters (Enhydra lutris nereis) from 1998-2001","USA","North America","North America","Enhydra lutris","","","","","","Viral/prion-induced diseases","","","","","","","","","Invasive & other problematic species, genes & diseases","Other threats","","",""
"485","Journal Article","C. K. Johnson; M. T. Tinker; J. A. Estes; P. A. Conrad; M. Staedler; M. A. Miller; D. A. Jessup; J. A. K. Mazet",2009,"Prey choice and habitat use drive sea otter pathogen exposure in a resource-limited coastal system","USA","North America","North America","Enhydra lutris","","","","","","Viral/prion-induced diseases","","","","","","","","","Invasive & other problematic species, genes & diseases","Other threats","","",""
"486","Journal Article","D. S. Jachowski; J. J. Millspaugh; D. E. Biggins; T. M. Livieri; M. R. Matchett; C. D. Rittenhouse",2011,"Resource Selection by Black-Footed Ferrets in South Dakota and Montana","USA","North America","North America","Mustela nigripes","","","","","","Problematic native species/diseases","","","","","","","","","Invasive & other problematic species, genes & diseases","Other threats","","",""
"487","Journal Article","K. T. Shoemaker; R. C. Lacy; M. L. Verant; B. W. Brook; T. M. Livieri; P. S. Miller; D. A. Fordham; H. R. Akcakaya",2014,"Effects of prey metapopulation structure on the viability of black-footed ferrets in plague-impacted landscapes: a metamodelling approach","USA","North America","North America","Mustela nigripes","","","","","","Problematic native species/diseases","","","","","","","","","Invasive & other problematic species, genes & diseases","Other threats","","",""
"488","Journal Article","T. M. Potter; J. A. Hanna; L. Freer",2007,"Human North American river otter (Lontra canadensis) attack","USA","North America","North America","Lontra canadensis","","","","","","Viral/prion-induced diseases","","","","","","","","","Invasive & other problematic species, genes & diseases","Other threats","","",""
"489","Journal Article","K. Kuker; L. Barrett-Lennard",2010,"A re-evaluation of the role of killer whales Orcinus orca in a population decline of sea otters Enhydra lutris in the Aleutian Islands and a review of alternative hypotheses","USA","North America","North America","Enhydra lutris","","","","","","Problematic native species/diseases","","","Industrial & military effluents","","","","","","Invasive & other problematic species, genes & diseases","Pollution","Invasive & other problematic species, genes & diseases","",""
"490","Book Section","I. Zuberogoitia; J. M. P. de Ana",2014,"Population trends and evolution of the knowledge of European Mustela lutreola (Linnaeus, 1761) and American mink Neovison vison (Schreber, 1777) in Bizkaia","Spain","Europe & Central Asia","Europe & Central Asia","Mustela lutreola","","","","","","Invasive non-native/alien species/diseases","","","Industrial & military effluents","","Dams & water management/use","","","","Invasive & other problematic species, genes & diseases","Pollution","Natural system modifications","",""
"491","SCC","",2002,"Current distribution and status of the European mink (Mustela lutreola L.,1761) in Spain","Spain","Europe & Central Asia","Europe & Central Asia","Mustela lutreola","","","","","","Invasive non-native/alien species/diseases","Introduced genetic material","","Industrial & military effluents","","Roads & railroads","","Dams & water management/use","","Invasive & other problematic species, genes & diseases","Pollution","Transportation & service corridors","Natural system modifications",""
"492","Journal Article","M. W. Gabriel; L. W. Woods; G. M. Wengert; N. Stephenson; J. M. Higley; C. Thompson; S. M. Matthews; R. A. Sweitzer; K. Purcell; R. H. Barrett; S. M. Keller; P. Gaffney; M. Jones; R. Poppenga; J. E. Foley; R. N. Brown; D. L. Clifford; B. N. Sacks",2015,"Patterns of Natural and Human-Caused Mortality Factors of a Rare Forest Carnivore, the Fisher (Pekania pennanti) in California","USA","North America","North America","Pekania pennanti","","","","","","Problematic native species/diseases","","","Agricultural & forestry effluents","","Roads & railroads","","","","Invasive & other problematic species, genes & diseases","Pollution","Transportation & service corridors","",""
"493","Journal Article","R. A. Sweitzer; V. D. Popescu; R. H. Barrett; K. L. Purcell; C. M. Thompson",2015,"Reproduction, abundance, and population growth for a fisher (Pekania pennanti) population in the Sierra National Forest, California","USA","North America","North America","Pekania pennanti","","","","","","Problematic native species/diseases","","","Agricultural & forestry effluents","","Roads & railroads","","","","Invasive & other problematic species, genes & diseases","Pollution","Transportation & service corridors","",""
"494","Journal Article","B. C. Taylor; R. M. Brotheridge; D. A. Jessup; J. L. Stott",2002,"Measurement of serum immunoglobulin concentration in killer whales and sea otters by radial immunodiffusion","USA","North America","North America","Enhydra lutris","","","","","","Viral/prion-induced diseases","","","Industrial & military effluents","","","","","","Invasive & other problematic species, genes & diseases","Pollution","","",""
"495","Journal Article","E. VanWormer; M. A. Miller; P. A. Conrad; M. E. Grigg; D. Rejmanek; T. E. Carpenter; J. A. K. Mazet",2014,"Using Molecular Epidemiology to Track Toxoplasma gondii from Terrestrial Carnivores to Marine Hosts: Implications for Public Health and Conservation","USA","North America","North America","Enhydra lutris","","","","","","Viral/prion-induced diseases","","","Unspecified","","","","","","Invasive & other problematic species, genes & diseases","Residential & commercial development","","",""
"496","Journal Article","S. Palazon; J. C. Cena; J. Ruiz-Olmo; A. Cena; J. Gosalbez; A. Gomez-Gayubo",2003,"Trends in distribution of the European mink (Mustela lutreola L., 1761) in Spain: 1950-1999","Spain","Europe & Central Asia","Europe & Central Asia","Mustela lutreola","","","","","","Invasive non-native/alien species/diseases","","","Roads & railroads","","Industrial & military effluents","","","","Invasive & other problematic species, genes & diseases","Transportation & service corridors","Pollution","",""
"497","Journal Article","R. A. Sweitzer; V. D. Popescu; C. M. Thompson; K. L. Purcell; R. H. Barrett; G. M. Wengert; M. W. Gabriel; L. W. Woods",2016,"Mortality Risks and Limits to Population Growth of Fishers","USA","North America","North America","Pekania pennanti","","","","","","Viral/prion-induced diseases","","","Roads & railroads","","Agricultural & forestry effluents","","","","Invasive & other problematic species, genes & diseases","Transportation & service corridors","Pollution","",""
"498","Journal Article","H. Kruuk; A. Moorhouse; J. W. H. Conroy; L. Durbin; S. Frears",1989,"AN ESTIMATE OF NUMBERS AND HABITAT PREFERENCES OF OTTERS LUTRA-LUTRA IN SHETLAND, UK","United Kingdom","Europe & Central Asia","Europe & Central Asia","Lutra lutra","","","","","","Viral/prion-induced diseases","","","","","","","","","Invasive & other problematic species, genes & diseases","","","",""
"499","Journal Article","L. B. Keith; J. R. Cary",1991,"MUSTELID, SQUIRREL, AND PORCUPINE POPULATION TRENDS DURING A SNOWSHOE HARE CYCLE","Canada","North America","North America","Mustela frenata","Mustela erminea","Neovison vison","","","","Problematic native species/diseases","","","","","","","","","Invasive & other problematic species, genes & diseases","","","",""
"500","Journal Article","E. S. Williams; K. Mills; D. R. Kwiatkowski; E. T. Thorne; A. Boergerfields",1994,"PLAGUE IN A BLACK-FOOTED FERRET (MUSTELA NIGRIPES)","USA","North America","North America","Mustela nigripes","","","","","","Problematic native species/diseases","","","","","","","","","Invasive & other problematic species, genes & diseases","","","",""
"501","Journal Article","T. L. Serfass; M. T. Whary; R. L. Peper; R. P. Brooks; T. J. Swimley; W. R. Lawrence; C. E. Rupprecht",1995,"Rabies in a river otter (Lontra canadensis) intended for reintroduction","USA","North America","North America","Lontra canadensis","","","","","","Viral/prion-induced diseases","","","","","","","","","Invasive & other problematic species, genes & diseases","","","",""
"502","Journal Article","V. Sidorovich; H. Kruuk; D. W. Macdonald",1999,"Body size, and interactions between European and American mink (Mustela lutreola and M-vison) in Eastern Europe","Belarus","Europe & Central Asia","Europe & Central Asia","Mustela lutreola","","","","","","Invasive non-native/alien species/diseases","","","","","","","","","Invasive & other problematic species, genes & diseases","","","",""
"503","Journal Article","T. Lode",1999,"Genetic bottleneck in the threatened western population of European mink Mustela lutreola","France","Europe & Central Asia","Europe & Central Asia","Mustela lutreola","","","","","","Invasive non-native/alien species/diseases","","","","","","","","","Invasive & other problematic species, genes & diseases","","","",""
"504","Journal Article","V. E. Sidorovich; A. G. Polozov; G. O. Lauzhel; D. A. Krasko",2000,"Dietary overlap among generalist carnivores in relation to the impact of the introduced raccoon dog Nyctereutes procyonoides on native predators in northern Belarus","Belarus","Europe & Central Asia","Europe & Central Asia","Martes martes","Meles meles","Mustela putorius","","","","Invasive non-native/alien species/diseases","","","","","","","","","Invasive & other problematic species, genes & diseases","","","",""
"505","Journal Article","D. Wilkinson; G. C. Smith; R. J. Delahay; L. M. Rogers; C. L. Cheeseman; R. S. Clifton-Hadley",2000,"The effects of bovine tuberculosis (Mycobacterium bovis) on mortality in a badger (Meles meles) population in England","United Kingdom","Europe & Central Asia","Europe & Central Asia","Meles meles","","","","","","Problematic native species/diseases","","","","","","","","","Invasive & other problematic species, genes & diseases","","","",""
"506","Journal Article","A. Davison; H. I. Griffiths; R. C. Brookes; T. Maran; D. W. Macdonald; V. E. Sidorovich; A. C. Kitchener; I. Irizar; I. Villate; J. Gonzalez-Esteban; J. C. Cena; A. Cena; I. Moya; S. P. Minano",2000,"Mitochondrial DNA and palaeontological evidence for the origins of endangered European mink, Mustela lutreola","Europe","Europe & Central Asia","Europe & Central Asia","Mustela lutreola","","","","","","Introduced genetic material","","","","","","","","","Invasive & other problematic species, genes & diseases","","","",""
"507","Journal Article","V. Sidorovich; D. W. MacDonald",2001,"Density dynamics and changes in habitat use by the European mink and other native mustelids in connection with the American mink expansion in Belarus","Belarus","Europe & Central Asia","Europe & Central Asia","Mustela lutreola","","","","","","Invasive non-native/alien species/diseases","","","","","","","","","Invasive & other problematic species, genes & diseases","","","",""
"508","Journal Article","S. Manas; J. C. Cena; J. Ruiz-Olmo; S. Palazon; M. Domingo; J. B. Wolfinbarger; M. E. Bloom",2001,"Aleutian mink disease parvovirus in wild riparian carnivores in Spain","Europe","Europe & Central Asia","Europe & Central Asia","Mustela lutreola","","","","","","Viral/prion-induced diseases","","","","","","","","","Invasive & other problematic species, genes & diseases","","","",""
"509","Journal Article","N. Yamaguchi; D. W. Macdonald",2001,"Detection of Aleutian disease antibodies in feral American mink in southern England","United Kingdom","Europe & Central Asia","Europe & Central Asia","Lutra lutra","Mustela putorius","Neovison vison","","","","Invasive non-native/alien species/diseases","","","","","","","","","Invasive & other problematic species, genes & diseases","","","",""
"510","Journal Article","M. A. Miller; I. A. Gardner; A. Packham; J. K. Mazet; K. D. Hanni; D. Jessup; J. Estes; R. Jameson; E. Dodd; B. C. Barr; L. J. Lowenstine; F. M. Gulland; P. A. Conrad",2002,"Evaluation of an indirect fluorescent antibody test (IFAT) for demonstration of antibodies to Toxoplasma gondii in the sea otter (Enhydra lutris)","USA","North America","North America","Enhydra lutris","","","","","","Viral/prion-induced diseases","","","","","","","","","Invasive & other problematic species, genes & diseases","","","",""
"511","Journal Article","K. D. Lafferty; L. R. Gerber",2002,"Good medicine for conservation biology: The intersection of epidemiology and conservation theory","USA","North America","North America","Enhydra lutris","","","","","","Viral/prion-induced diseases","","","","","","","","","Invasive & other problematic species, genes & diseases","","","",""
"512","Journal Article","D. W. Macdonald; L. A. Harrington",2003,"The American mink: the triumph and tragedy of adaptation out of context","Europe","Europe & Central Asia","Europe & Central Asia","Mustela lutreola","","","","","","Invasive non-native/alien species/diseases","","","","","","","","","Invasive & other problematic species, genes & diseases","","","",""
"513","Journal Article","R. Burns; E. S. Williams; D. O'Toole; J. P. Dubey",2003,"Toxoplasma gondii infections in captive black-footed ferrets (Mustela nigripes), 1992-1998: Clinical signs, serology, pathology, and prevention","USA","North America","North America","Mustela nigripes","","","","","","Problematic native species/diseases","","","","","","","","","Invasive & other problematic species, genes & diseases","","","",""
"514","Journal Article","A. S. Hammer; H. H. Dietz; T. H. Andersen; L. Nielsen; M. Blixenkrone-Moeller",2004,"Distemper virus as a cause of central nervous disease and death in badgers (Meles meles) in Denmark","Denmark","Europe & Central Asia","Europe & Central Asia","Meles meles","","","","","","Viral/prion-induced diseases","","","","","","","","","Invasive & other problematic species, genes & diseases","","","",""
"515","Journal Article","C. Fournier-Chambrillon; B. Aasted; A. Perrot; D. Pontier; F. Sauvage; M. Artois; J. M. Cassiede; X. Chauby; A. Dal Molin; C. Simon; P. Fournier",2004,"Antibodies to aleutian mink disease parvovirus in free-ranging European mink (Mustela lutreola) and other small carnivores from Southwestern France","France","Europe & Central Asia","Europe & Central Asia","Mustela lutreola","","","","","","Viral/prion-induced diseases","","","","","","","","","Invasive & other problematic species, genes & diseases","","","",""
"516","Journal Article","G. Suzan; G. Ceballos",2005,"The role of feral mammals on wildlife infectious disease prevalence in two nature reserves within Mexico City limits","Mexico","Latin America & Caribbean","Latin America","Mustela frenata","","","","","","Problematic native species/diseases","","","","","","","","","Invasive & other problematic species, genes & diseases","","","",""
"517","Journal Article","T. Lode; G. Guiral; D. Peltier",2005,"European mink-polecat hybridization events: Hazards from natural process?","Europe","Europe & Central Asia","Europe & Central Asia","Mustela lutreola","Mustela putorius","","","","","Introduced genetic material","","","","","","","","","Invasive & other problematic species, genes & diseases","","","",""
"518","Journal Article","P. A. Conrad; M. A. Miller; C. Kreuder; E. R. James; J. Mazet; H. Dabritz; D. A. Jessup; F. Gulland; M. E. Grigg",2005,"Transmission of Toxoplasma: Clues from the study of sea otters as sentinels of Toxoplasma gondii flow into the marine environment","USA","North America","North America","Enhydra lutris","","","","","","Viral/prion-induced diseases","","","","","","","","","Invasive & other problematic species, genes & diseases","","","",""
"519","Journal Article","J. Schwartz; B. Aldridge; M. Blanchard; F. C. Mohr; J. Stott",2005,"The development of methods for immunophenotypic and lymphocyte function analyzes for assessment of Southern sea otter (Enhydra lutris nereis) health","USA","North America","North America","Enhydra lutris","","","","","","Viral/prion-induced diseases","","","","","","","","","Invasive & other problematic species, genes & diseases","","","",""
"520","Journal Article","J. R. Crait; M. Ben-David",2006,"River otters in Yellowstone Lake depend on a declining cutthroat trout population","USA","North America","North America","Lontra canadensis","","","","","","Invasive non-native/alien species/diseases","","","","","","","","","Invasive & other problematic species, genes & diseases","","","",""
"521","Journal Article","V. E. Sidorovich; I. A. Solovej",2007,"The stoat Mustela erminea population decline in northern Belarus and its consequences for weasels Mustela nivalis","Belarus","Europe & Central Asia","Europe & Central Asia","Mustela erminea","","","","","","Invasive non-native/alien species/diseases","","","","","","","","","Invasive & other problematic species, genes & diseases","","","",""
"522","Journal Article","L. Bonesi; S. Palazon",2007,"The American mink in Europe: Status, impacts, and control","Europe","Europe & Central Asia","Europe & Central Asia","Mustela lutreola","","","","","","Invasive non-native/alien species/diseases","","","","","","","","","Invasive & other problematic species, genes & diseases","","","",""
"523","Journal Article","J. Bowman; A. G. Kidd; R. M. Gorman; A. I. Schulte-Hostedde",2007,"Assessing the potential for impacts by feral mink on wild mink in Canada","Canada","North America","North America","Neovison vison","","","","","","Invasive non-native/alien species/diseases","","","","","","","","","Invasive & other problematic species, genes & diseases","","","",""
"524","Journal Article","N. J. Thomas; J. P. Dubey; D. S. Lindsay; R. A. Cole; C. U. Meteyer",2007,"Protozoal meningoencephalitis in sea otters (Enhydra lutris): a histopathological and immunohistochemical study of naturally occurring cases","USA","North America","North America","Enhydra lutris","","","","","","Viral/prion-induced diseases","","","","","","","","","Invasive & other problematic species, genes & diseases","","","",""
"525","Journal Article","J. K. Gaydos; P. A. Conrad; K. V. K. Gilardi; G. M. Blundell; M. Ben-David",2007,"Does human proximity affect antibody prevalence in marine-foraging river otters (Lontra canadensis)?","USA","North America","North America","Lontra canadensis","","","","","","Viral/prion-induced diseases","","","","","","","","","Invasive & other problematic species, genes & diseases","","","",""
"526","Journal Article","V. E. Sidorovich; A. A. Sidorovich; V. V. Ivanovskij; M. M. Pikulik; E. P. Shinkevich",2008,"The structure of vertebrate predator community in north-eastern Belarus before and after naturalization of the American mink and raccoon dog","Belarus","Europe & Central Asia","Europe & Central Asia","Mustela lutreola","Mustela putorius","Mustela erminea","Meles meles","Martes martes","","Invasive non-native/alien species/diseases","","","","","","","","","Invasive & other problematic species, genes & diseases","","","",""
"527","Journal Article","J. Torres; J. Miquel; P. Fournier; C. Fournier-Chambrillon; M. Liberge; R. Fons; C. Feliu",2008,"Helminth communities of the autochthonous mustelids Mustela lutreola and M. putorius and the introduced Neovison vison in south-western France","France","Europe & Central Asia","Europe & Central Asia","Mustela lutreola","Mustela putorius","","","","","Problematic native species/diseases","","","","","","","","","Invasive & other problematic species, genes & diseases","","","",""
"528","Journal Article","J. Philippa; C. Fournier-Chambrillon; P. Fournier; W. Schaftenaar; M. van de Bildt; R. van Herweijnen; T. Kuiken; M. Liabeuf; S. Ditcharry; L. Joubert; M. Begnier; A. Osterhaus",2008,"SEROLOGIC SURVEY FOR SELECTED VIRAL PATHOGENS IN FREE-RANGING ENDANGERED EUROPEAN MINK (MUSTELA LUTREOLA) AND OTHER MUSTELIDS FROM SOUTH-WESTERN FRANCE","France","Europe & Central Asia","Europe & Central Asia","Mustela lutreola","","","","","","Viral/prion-induced diseases","","","","","","","","","Invasive & other problematic species, genes & diseases","","","",""
"529","Journal Article","S. M. Wisely; J. Howard; S. A. Williams; O. Bain; R. M. Santymire; K. D. Bardsley; E. S. Williams",2008,"An unidentified filarial species and its impact on fitness in wild populations of the black-footed ferret (Mustela nigripes)","USA","North America","North America","Mustela nigripes","","","","","","Problematic native species/diseases","","","","","","","","","Invasive & other problematic species, genes & diseases","","","",""
"530","Journal Article","A. G. Kidd; J. Bowman; D. Lesbarreres; A. I. Schulte-Hostedde",2009,"Hybridization between escaped domestic and wild American mink (Neovison vison)","Canada","North America","North America","Neovison vison","","","","","","Invasive non-native/alien species/diseases","Introduced genetic material","","","","","","","","Invasive & other problematic species, genes & diseases","","","",""
"531","Journal Article","M. W. Cunningham; D. B. Shindle; A. B. Allison; S. P. Terrell; D. G. Mead; M. Owen",2009,"Canine Distemper Epizootic in Everglades Mink","USA","North America","North America","Neovison vison","","","","","","Viral/prion-induced diseases","","","","","","","","","Invasive & other problematic species, genes & diseases","","","",""
"532","Journal Article","M. A. Miller; B. C. Barr; R. Nordhausen; E. R. James; S. L. Magargal; M. Murray; P. A. Conrad; S. Toy-Choutka; D. A. Jessup; M. E. Grigg",2009,"Ultrastructural and molecular confirmation of the development of Sarcocystis neurona tissue cysts in the central nervous system of southern sea otters (Enhydra lutris nereis)","USA","North America","North America","Enhydra lutris","","","","","","Viral/prion-induced diseases","","","","","","","","","Invasive & other problematic species, genes & diseases","","","",""
"533","Journal Article","S. Larson; D. Monson; B. Ballachey; R. Jameson; S. K. Wasser",2009,"Stress-related hormones and genetic diversity in sea otters (Enhydra lutris)","USA / Canada","North America","North America","Enhydra lutris","","","","","","Other","","","","","","","","","Invasive & other problematic species, genes & diseases","","","",""
"534","Journal Article","L. Fasola; C. Chehebar; D. W. Macdonald; G. Porro; M. H. Cassini",2009,"Do alien North American mink compete for resources with native South American river otter in Argentinean Patagonia?","Argentina","Latin America & Caribbean","Latin America","Lontra provocax","","","","","","Invasive non-native/alien species/diseases","","","","","","","","","Invasive & other problematic species, genes & diseases","","","",""
"535","Journal Article","E. Sherrard-Smith; J. Cable; E. A. Chadwick",2009,"Distribution of Eurasian otter biliary parasites, Pseudamphistomum truncatum and Metorchis albidus (Family Opisthorchiidae), in England and Wales","United Kingdom","Europe & Central Asia","Europe & Central Asia","Lutra lutra","","","","","","Invasive non-native/alien species/diseases","","","","","","","","","Invasive & other problematic species, genes & diseases","","","",""
"536","Journal Article","V. R. Simpson; A. J. Tomlinson; F. M. Molenaar",2009,"Prevalence, distribution and pathological significance of the bile fluke Pseudamphistomum truncatum in Eurasian otters (Lutra lutra) in Great Britain","United Kingdom","Europe & Central Asia","Europe & Central Asia","Lutra lutra","","","","","","Invasive non-native/alien species/diseases","","","","","","","","","Invasive & other problematic species, genes & diseases","","","",""
"537","Journal Article","M. L. Meli; P. Simmler; V. Cattori; F. Martinez; A. Vargas; F. Palomares; J. V. Lopez-Bao; M. A. Simon; G. Lopez; L. Leon-Vizcaino; R. Hofmann-Lehmann; H. Lutz",2010,"Importance of canine distemper virus (CDV) infection in free-ranging Iberian lynxes (Lynx pardinus)","Spain","Europe & Central Asia","Europe & Central Asia","Martes foina","","","","","","Viral/prion-induced diseases","","","","","","","","","Invasive & other problematic species, genes & diseases","","","",""
"538","Journal Article","E. Dandar; L. Szabo; M. Heltai; A. Doszpoly",2010,"PCR screening of mammalian predators (Carnivora) for adenoviruses and herpesviruses: the first detection of a mustelid herpesvirus in Hungary","Hungary","Europe & Central Asia","Europe & Central Asia","Meles meles","","","","","","Viral/prion-induced diseases","","","","","","","","","Invasive & other problematic species, genes & diseases","","","",""
"539","Journal Article","B. Torracca; F. Macchioni; M. Masetti; S. Gabrielli; L. Guardone; M. C. Prati; M. Magi",2010,"FIRST RECOVERY OF BIRD ACANTHOCEPHALAN SPHAERIROSTRIS LANCEOIDES IN AN EURASIAN BADGER (MELES MELES) IN ITALY","Italy","Europe & Central Asia","Europe & Central Asia","Meles meles","","","","","","Problematic native species/diseases","","","","","","","","","Invasive & other problematic species, genes & diseases","","","",""
"540","Journal Article","M. Moinet; C. Fournier-Chambrillon; G. Andre-Fontaine; S. Aulagnier; A. Mesplede; B. Blanchard; V. Descarsin; P. Dumas; Y. Dumas; C. Coic; L. Couzi; P. Fournier",2010,"LEPTOSPIROSIS IN FREE-RANGING ENDANGERED EUROPEAN MINK (MUSTELA LUTREOLA) AND OTHER SMALL CARNIVORES (MUSTELIDAE, VIVERRIDAE) FROM SOUTHWESTERN FRANCE","France","Europe & Central Asia","Europe & Central Asia","Mustela lutreola","","","","","","Problematic native species/diseases","","","","","","","","","Invasive & other problematic species, genes & diseases","","","",""
"541","Journal Article","M. R. Matchett; D. E. Biggins; V. Carlson; B. Powell; T. Rocke",2010,"Enzootic Plague Reduces Black-Footed Ferret (Mustela nigripes) Survival in Montana","USA","North America","North America","Mustela nigripes","","","","","","Problematic native species/diseases","","","","","","","","","Invasive & other problematic species, genes & diseases","","","",""
"542","Journal Article","M. A. Miller; B. A. Byrne; S. S. Jang; E. M. Dodd; E. Dorfmeier; M. D. Harris; J. Ames; D. Paradies; K. Worcester; D. A. Jessup; W. A. Miller",2010,"Enteric bacterial pathogen detection in southern sea otters (Enhydra lutris nereis) is associated with coastal urbanization and freshwater runoff","USA","North America","North America","Enhydra lutris","","","","","","Viral/prion-induced diseases","","","","","","","","","Invasive & other problematic species, genes & diseases","","","",""
"543","Journal Article","J. M. Wendte; M. A. Miller; A. K. Nandra; S. M. Peat; P. R. Crosbie; P. A. Conrad; M. E. Grigg",2010,"Limited genetic diversity among Sarcocystis neurona strains infecting southern sea otters precludes distinction between marine and terrestrial isolates","USA","North America","North America","Enhydra lutris","","","","","","Viral/prion-induced diseases","","","","","","","","","Invasive & other problematic species, genes & diseases","","","",""
"544","Journal Article","M. A. Miller; P. A. Conrad; M. Harris; B. Hatfield; G. Langlois; D. A. Jessup; S. L. Magargal; A. E. Packham; S. Toy-Choutka; A. C. Melli; M. A. Murray; F. M. Gulland; M. E. Grigg",2010,"A protozoal-associated epizootic impacting marine wildlife: Mass-mortality of southern sea otters (Enhydra lutris nereis) due to Sarcocystis neurona infection","USA","North America","North America","Enhydra lutris","","","","","","Viral/prion-induced diseases","","","","","","","","","Invasive & other problematic species, genes & diseases","","","",""
"545","Journal Article","D. Rejmanek; M. A. Miller; M. E. Grigg; P. R. Crosbie; P. A. Conrad",2010,"Molecular characterization of Sarcocystis neurona strains from opossums (Didelphis virginiana) and intermediate hosts from Central California","USA / Canada","North America","North America","Enhydra lutris","","","","","","Viral/prion-induced diseases","","","","","","","","","Invasive & other problematic species, genes & diseases","","","",""
"546","Journal Article","J. L. Larkin; M. Gabriel; R. W. Gerhold; M. J. Yabsley; J. C. Wester; J. G. Humphreys; R. Beckstead; J. P. Dubey",2011,"PREVALENCE TO TOXOPLASMA GONDII AND SARCOCYSTIS SPP. IN A REINTRODUCED FISHER (Pekania pennanti) POPULATION IN PENNSYLVANIA","USA","North America","North America","Pekania pennanti","","","","","","Problematic native species/diseases","","","","","","","","","Invasive & other problematic species, genes & diseases","","","",""
"547","Journal Article","M. T. Cabria; J. R. Michaux; B. J. Gomez-Moliner; D. Skumatov; T. Maran; P. Fournier; J. L. de Luzuriaga; R. Zardoya",2011,"Bayesian analysis of hybridization and introgression between the endangered european mink (Mustela lutreola) and the polecat (Mustela putorius)","Europe","Europe & Central Asia","Europe & Central Asia","Mustela lutreola","","","","","","Introduced genetic material","","","","","","","","","Invasive & other problematic species, genes & diseases","","","",""
"548","Journal Article","K. Kauhala; R. Kowalczyk",2011,"Invasion of the raccoon dog Nyctereutes procyonoides in Europe: History of colonization, features behind its success, and threats to native fauna","Europe","Europe & Central Asia","Europe & Central Asia","Mustela putorius","Meles meles","Martes martes","","","","Invasive non-native/alien species/diseases","","","","","","","","","Invasive & other problematic species, genes & diseases","","","",""
"549","Journal Article","L. A. Nituch; J. Bowman; K. B. Beauclerc; A. I. Schulte-Hostedde",2011,"Mink Farms Predict Aleutian Disease Exposure in Wild American Mink","USA / Canada","North America","North America","Neovison vison","","","","","","Problematic native species/diseases","","","","","","","","","Invasive & other problematic species, genes & diseases","","","",""
"550","Journal Article","T. Goldstein; V. A. Gill; P. Tuomi; D. Monson; A. Burdin; P. A. Conrad; J. L. Dunn; C. Field; C. Johnson; D. A. Jessup; J. Bodkin; A. M. Doroff",2011,"ASSESSMENT OF CLINICAL PATHOLOGY AND PATHOGEN EXPOSURE IN SEA OTTERS (ENHYDRA LUTRIS) BORDERING THE THREATENED POPULATION IN ALASKA","USA / Russia","North America","North America","Enhydra lutris","","","","","","Viral/prion-induced diseases","","","","","","","","","Invasive & other problematic species, genes & diseases","","","",""
"551","Journal Article","J. C. Mangel; T. Whitty; G. Medina-Vogel; J. Alfaro-Shigueto; C. Caceres; B. J. Godley",2011,"Latitudinal variation in diet and patterns of human interaction in the marine otter","South America","Latin America & Caribbean","Latin America","Lontra felina","","","","","","Invasive non-native/alien species/diseases","","","","","","","","","Invasive & other problematic species, genes & diseases","","","",""
"552","Journal Article","P. Tavernier; K. Baert; M. van de Bildt; T. Kuiken; A. Cay; S. Maes; S. Roels; J. Gouwy; K. Van den Berge",2012,"A distemper outbreak in beech martens (Martes foina) in Flanders","Belgium","Europe & Central Asia","Europe & Central Asia","Martes foina","","","","","","Viral/prion-induced diseases","","","","","","","","","Invasive & other problematic species, genes & diseases","","","",""
"553","Journal Article","R. C. Abbott; J. E. Osorio; C. M. Bunck; T. E. Rocke",2012,"Sylvatic Plague Vaccine: A New Tool for Conservation of Threatened and Endangered Species?","USA","North America","North America","Mustela nigripes","","","","","","Problematic native species/diseases","","","","","","","","","Invasive & other problematic species, genes & diseases","","","",""
"554","Journal Article","Y. Melero; M. Plaza; G. Santulli; D. Saavedra; J. Gosalbez; J. Ruiz-Olmo; S. Palazon",2012,"Evaluating the effect of American mink, an alien invasive species, on the abundance of a native community: is coexistence possible?","Spain","Europe & Central Asia","Europe & Central Asia","Mustela putorius","","","","","","Invasive non-native/alien species/diseases","","","","","","","","","Invasive & other problematic species, genes & diseases","","","",""
"555","Journal Article","C. M. Gherman; A. D. Sandor; Z. Kalmar; M. Marinov; A. D. Mihalca",2012,"First report of Borrelia burgdorferi sensu lato in two threatened carnivores: the Marbled polecat, Vormela peregusna and the European mink, Mustela lutreola (Mammalia: Mustelidae)","Europe","Europe & Central Asia","Europe & Central Asia","Vormela peregusna","Mustela lutreola","","","","","Problematic native species/diseases","","","","","","","","","Invasive & other problematic species, genes & diseases","","","",""
"556","Journal Article","J. R. R. Fernandez; N. J. Thomas; R. R. Dubielzig; R. Drees",2012,"Osteosarcoma of the Maxilla with Concurrent Osteoma in a Southern Sea Otter (Enhydra lutris nereis)","USA","North America","North America","Enhydra lutris","","","","","","Viral/prion-induced diseases","","","","","","","","","Invasive & other problematic species, genes & diseases","","","",""
"557","Journal Article","M. Podra; A. Gomez; S. Palazon",2013,"Do American mink kill European mink? Cautionary message for future recovery efforts","Spain","Europe & Central Asia","Europe & Central Asia","Mustela lutreola","","","","","","Invasive non-native/alien species/diseases","","","","","","","","","Invasive & other problematic species, genes & diseases","","","",""
"558","Journal Article","C. J. Brand",2013,"Wildlife Mortality Investigation and Disease Research: Contributions of the USGS National Wildlife Health Center to Endangered Species Management and Recovery","USA","North America","North America","Mustela nigripes","","","","","","Problematic native species/diseases","","","","","","","","","Invasive & other problematic species, genes & diseases","","","",""
"559","Journal Article","C. L. White; K. L. Schuler; N. J. Thomas; J. L. Webb; J. T. Saliki; H. S. Ip; J. P. Dubey; E. R. Frame",2013,"PATHOGEN EXPOSURE AND BLOOD CHEMISTRY IN THE WASHINGTON, USA POPULATION OF NORTHERN SEA OTTERS (ENHYDRA LUTRIS KENYONI)","USA","North America","North America","Enhydra lutris","","","","","","Industrial & military effluents","","","","","","","","","Pollution","","","",""
"560","Journal Article","J. Megid; C. R. Teixeira; A. Cortez; M. B. Heinemann; J. Antunes; F. Fornazari; F. B. Rassy; L. J. Richtzenhain",2013,"Canine distemper virus infection in a lesser grison (Galictis cuja): first report and virus phylogeny","Brazil","Latin America & Caribbean","Latin America","Galictis cuja","","","","","","Viral/prion-induced diseases","","","","","","","","","Invasive & other problematic species, genes & diseases","","","",""
"561","Journal Article","E. A. Chadwick; J. Cable; A. Chinchen; J. Francis; E. Guy; E. F. Kean; S. C. Paul; S. E. Perkins; E. Sherrard-Smith; C. Wilkinson; D. W. Forman",2013,"Seroprevalence of Toxoplasma gondii in the Eurasian otter (Lutra lutra) in England and Wales","United Kingdom","Europe & Central Asia","Europe & Central Asia","Lutra lutra","","","","","","Viral/prion-induced diseases","","","","","","","","","Invasive & other problematic species, genes & diseases","","","",""
"562","Journal Article","G. Santulli; S. Palazon; Y. Melero; J. Gosalbez; X. Lambin",2014,"Multi-season occupancy analysis reveals large scale competitive exclusion of the critically endangered European mink by the invasive non-native American mink in Spain","Spain","Europe & Central Asia","Europe & Central Asia","Mustela lutreola","","","","","","Invasive non-native/alien species/diseases","","","","","","","","","Invasive & other problematic species, genes & diseases","","","",""
"563","Journal Article","S. E. Carrasco; B. B. Chomel; V. A. Gill; A. M. Doroff; M. A. Miller; K. A. Burek-Huntington; R. W. Kasten; B. A. Byrne; T. Goldstein; J. A. K. Mazet",2014,"Bartonella spp. Exposure in Northern and Southern Sea Otters in Alaska and California","USA","North America","North America","Enhydra lutris","","","","","","Viral/prion-induced diseases","","","","","","","","","Invasive & other problematic species, genes & diseases","","","",""
"564","Journal Article","S. E. Carrasco; B. B. Chomel; V. A. Gill; R. W. Kasten; R. G. Maggi; E. B. Breitschwerdt; B. A. Byrne; K. A. Burek-Huntington; M. A. Miller; T. Goldstein; J. A. K. Mazet",2014,"Novel Bartonella infection in northern and southern sea otters (Enhydra lutris kenyoni and Enhydra lutris nereis)","USA","North America","North America","Enhydra lutris","","","","","","Viral/prion-induced diseases","","","","","","","","","Invasive & other problematic species, genes & diseases","","","",""
"565","Journal Article","D. A. Poo-Munoz; L. E. Escobar; A. T. Peterson; F. Astorga; J. F. Organ; G. Medina-Vogel",2014,"Galictis cuja (Mammalia): An update of current knowledge and geographic distribution","South America","Latin America & Caribbean","Latin America","Galictis cuja","","","","","","","Invasive non-native/alien species/diseases","","","","","","","","Invasive & other problematic species, genes & diseases","","","",""
"566","Journal Article","J. N. Niemuth; C. W. Sanders; C. B. Mooney; C. Olfenbuttel; C. S. DePerno; M. K. Stoskopf",2014,"NEPHROLITHIASIS IN FREE-RANGING NORTH AMERICAN RIVEROTTER (LONTRA CANADENSIS) IN NORTH CAROLINA, USA","USA","North America","North America","Lontra canadensis","","","","","","Problematic native species/diseases","","","","","","","","","Invasive & other problematic species, genes & diseases","","","",""
"567","Journal Article","S. T. Peper; R. L. Peper; G. V. Kollias; R. P. Brooks; S. S. Stevens; T. L. Serfass",2014,"EFFICACY OF TWO CANINE DISTEMPER VACCINES IN WILD NEARCTIC RIVER OTTERS (LONTRA CANADENSIS)","USA","North America","North America","Lontra canadensis","","","","","","Viral/prion-induced diseases","","","","","","","","","Invasive & other problematic species, genes & diseases","","","",""
"568","Journal Article","M. A. Sepulveda; R. S. Singer; E. A. Silva-Rodriguez; A. Eguren; P. Stowhas; K. Pelican",2014,"Invasive American Mink: Linking Pathogen Risk Between Domestic and Endangered Carnivores","Chile","Latin America & Caribbean","Latin America","Lontra provocax","","","","","","Viral/prion-induced diseases","","","","","","","","","Invasive & other problematic species, genes & diseases","","","",""
"569","Journal Article","D. Malatesta; V. R. Simpson; R. Fusillo; M. Marcelli; L. Bongiovanni; M. Romanucci; C. Palmieri; L. Della Salda",2014,"First description of adiaspiromycosis in an Eurasian otter (Lutra lutra) in Italy","Italy","Europe & Central Asia","Europe & Central Asia","Lutra lutra","","","","","","Problematic native species/diseases","","","","","","","","","Invasive & other problematic species, genes & diseases","","","",""
"570","Journal Article","R. Barrientos",2015,"Adult sex-ratio distortion in the native European polecat is related to the expansion of the invasive American mink","Europe","Europe & Central Asia","Europe & Central Asia","Mustela putorius","","","","","","Invasive non-native/alien species/diseases","","","","","","","","","Invasive & other problematic species, genes & diseases","","","",""
"571","Journal Article","T. F. F. Ng; M. A. Miller; N. O. Kondov; E. M. Dodd; F. Batac; M. Manzer; S. Ives; J. T. Saliki; X. T. Deng; E. Delwart",2015,"ORAL PAPILLOMATOSIS CAUSED BY ENHYDRA LUTRIS PAPILLOMAVIRUS 1 (EIPV-1) IN SOUTHERN SEA OTTERS (ENHYDRA LUTRIS NEREIS) IN CALIFORNIA, USA","USA","North America","North America","Enhydra lutris","","","","","","Viral/prion-induced diseases","","","","","","","","","Invasive & other problematic species, genes & diseases","","","",""
"572","Journal Article","Y. Rico; J. Morris-Pocock; J. Zigouris; J. J. Nocera; C. J. Kyle",2015,"Lack of Spatial Immunogenetic Structure among Wolverine (Gulo gulo) Populations Suggestive of Broad Scale Balancing Selection","Canada","North America","North America","Gulo gulo","","","","","","Other ","","","","","","","","","Invasive & other problematic species, genes & diseases","","","",""
"573","Journal Article","S. Manas; A. Gomez; V. Asensio; S. Palazon; M. Podra; O. E. Alarcia; J. Ruiz-Olmo; J. Casal",2016,"PREVALENCE OF ANTIBODY TO ALEUTIAN MINK DISEASE VIRUS IN EUROPEAN MINK (MUSTELA LUTREOLA) AND AMERICAN MINK (NEOVISON VISON) IN SPAIN","Spain","Europe & Central Asia","Europe & Central Asia","Mustela lutreola","","","","","","Invasive non-native/alien species/diseases","","","","","","","","","Invasive & other problematic species, genes & diseases","","","",""
"574","Journal Article","M. Alvarado-Rybak; L. Solano-Gallego; J. Millan",2016,"A review of piroplasmid infections in wild carnivores worldwide: importance for domestic animal health and wildlife conservation","Europe","Europe & Central Asia","Europe & Central Asia","Martes foina","Meles meles","","","","","Problematic native species/diseases","","","","","","","","","Invasive & other problematic species, genes & diseases","","","",""
"575","Journal Article","S. T. Peper; R. L. Peper; D. H. Mitcheltree; G. V. Kollias; R. P. Brooks; S. S. Stevens; T. L. Serfass",2016,"Low Titers of Canine Distemper Virus Antibody in Wild Fishers (Pekania pennanti) in the Eastern USA","USA","North America","North America","Pekania pennanti","","","","","","Viral/prion-induced diseases","","","","","","","","","Invasive & other problematic species, genes & diseases","","","",""
"576","Journal Article","S. T. Peper; R. L. Peper; D. H. Mitcheltree; G. V. Kollias; R. P. Brooks; S. S. Stevens; T. L. Serfass",2016,"Utility of two modified-live virus canine distemper vaccines in wild-caught fishers (Pekania pennanti)","USA","North America","North America","Pekania pennanti","","","","","","Viral/prion-induced diseases","","","","","","","","","Invasive & other problematic species, genes & diseases","","","",""
"577","Journal Article","J. Torres; J. Miquel; C. Fournier-Chambrillon; A. Andre; F. U. Maya; G. G. Carrera; P. Fournier",2016,"First report of Filaria martis Gmelin, 1790 in the European mink, Mustela lutreola (Linnaeus, 1761)","Europe","Europe & Central Asia","Europe & Central Asia","Mustela lutreola","","","","","","Invasive non-native/alien species/diseases","","","","","","","","","Invasive & other problematic species, genes & diseases","","","",""
"578","Journal Article","I. Zuberogoitia; M. Podra; S. Palazon; A. Gomez; N. Zabala; J. Zabala",2016,"Misleading interpretation of shifting baseline syndrome in the conservation of European mink","Europe","Europe & Central Asia","Europe & Central Asia","Mustela lutreola","","","","","","Invasive non-native/alien species/diseases","","","","","","","","","Invasive & other problematic species, genes & diseases","","","",""
"579","Journal Article","K. Shapiro; M. A. Miller; A. E. Packham; B. Aguilar; P. A. Conrad; E. Vanwormer; M. J. Murray",2016,"Dual congenital transmission of Toxoplasma gondii and Sarcocystis neurona in a late-term aborted pup from a chronically infected southern sea otter (Enhydra lutris nereis)","USA","North America","North America","Enhydra lutris","","","","","","Viral/prion-induced diseases","","","","","","","","","Invasive & other problematic species, genes & diseases","","","",""
"580","Journal Article","N. van de Velde; B. Devleesschauwer; M. Leopold; L. Begeman; L. Usseldijk; S. Hiemstra; J. Ijzer; A. Brownlow; N. Davison; J. Haelters; T. Jauniaux; U. Siebert; P. Dorny; S. De Craeye",2016,"Toxoplasma gondii in stranded marine mammals from the North Sea and Eastern Atlantic Ocean: Findings and diagnostic difficulties","Europe","Europe & Central Asia","Europe & Central Asia","Lutra lutra","","","","","","Viral/prion-induced diseases","","","","","","","","","Invasive & other problematic species, genes & diseases","","","",""
"581","Journal Article","B. Moretti; O. F. Al-Sheikhly; M. Guerrini; M. Theng; B. K. Gupta; M. K. Haba; W. A. Khan; A. A. Khan; F. Barbanera",2017,"Phylogeography of the smooth-coated otter (Lutrogale perspicillata): distinct evolutionary lineages and hybridization with the Asian small-clawed otter (Aonyx cinereus)","Singapore","East Asia & Pacific","East Asia","Lutrogale perspicillata","","","","","","Introduced genetic material","","","","","","","","","Invasive & other problematic species, genes & diseases","","","",""
"582","Journal Article","C. Lempp; N. Jungwirth; M. L. Grilo; A. Reckendorf; A. Ulrich; A. van Neer; R. Bodewes; V. M. Pfankuche; C. Bauer; A. Osterhaus; W. Baumgartner; U. Siebertf",2017,"Pathological findings in the red fox (Vulpes vulpes), stone marten (Martes foina) and raccoon dog (Nyctereutes procyonoides), with special emphasis on infectious and zoonotic agents in Northern Germany","Germany","Europe & Central Asia","Europe & Central Asia","Martes foina","","","","","","Problematic native species/diseases","","","","","","","","","Invasive & other problematic species, genes & diseases","","","",""
"583","Journal Article","D. Cano-Terriza; R. Guerra; E. Mozos; B. Rodriguez-Sanchez; C. Borge; I. Garcia-Bocanegra",2017,"FATAL ACINETOBACTER BAUMANNII INFECTION IN THE CRITICALLY ENDANGERED EUROPEAN MINK (MUSTELA LUTREOLA)","Europe","Europe & Central Asia","Europe & Central Asia","Mustela lutreola","","","","","","Problematic native species/diseases","","","","","","","","","Invasive & other problematic species, genes & diseases","","","",""
"584","Journal Article","D. J. Salkeld",2017,"Vaccines for Conservation: Plague, Prairie Dogs & Black-Footed Ferrets as a Case Study","USA","North America","North America","Mustela nigripes","","","","","","Problematic native species/diseases","","","","","","","","","Invasive & other problematic species, genes & diseases","","","",""
"585","Journal Article","D. W. Tripp; T. E. Rocke; J. P. Runge; R. C. Abbott; M. W. Miller",2017,"Burrow Dusting or Oral Vaccination Prevents Plague-Associated Prairie Dog Colony Collapse","USA","North America","North America","Mustela nigripes","","","","","","Problematic native species/diseases","","","","","","","","","Invasive & other problematic species, genes & diseases","","","",""
"586","Journal Article","E. L. Mize; S. M. Grassel; H. B. Britten",2017,"FLEAS OF BLACK-FOOTED FERRETS (MUSTELA NIGRIPES) AND THEIR POTENTIAL ROLE IN THE MOVEMENT OF PLAGUE","USA","North America","North America","Mustela nigripes","","","","","","Problematic native species/diseases","","","","","","","","","Invasive & other problematic species, genes & diseases","","","",""
"587","Journal Article","P. E. Martino; L. E. Samartino; N. O. Stanchi; N. E. Radman; E. J. Parrado",2017,"Serology and protein electrophoresis for evidence of exposure to 12 mink pathogens in free-ranging American mink (Neovison vison) in Argentina","Argentina","Latin America & Caribbean","Latin America","Neovison vison","","","","","","Problematic native species/diseases","","","","","","","","","Invasive & other problematic species, genes & diseases","","","",""
"588","Journal Article","J. Bowman; K. Beauclerc; A. H. Farid; H. Fenton; C. F. C. Klutsch; A. I. Schulte-Hostedde",2017,"Hybridization of domestic mink with wild American mink (Neovison vison) in eastern Canada","Canada","North America","North America","Neovison vison","","","","","","Invasive non-native/alien species/diseases","","","","","","","","","Invasive & other problematic species, genes & diseases","","","",""
"589","Journal Article","J. C. G. Borges; D. D. Lima; E. M. da Silva; A. L. D. Moreira; M. Marmontel; V. L. Carvalho; R. D. Amaral; S. M. Lazzarini; L. C. Alves",2017,"Cryptosporidium spp. and Giardia sp in aquatic mammals in northern and northeastern Brazil","Brazil","Latin America & Caribbean","Latin America","Pteronura brasiliensis","Lontra longicaudis","","","","","Problematic native species/diseases","","","","","","","","","Invasive & other problematic species, genes & diseases","","","",""
"590","Journal Article","D. M. Ethier; J. B. Sayers; C. J. Kyle; J. J. Nocera; D. Ojkic; D. Campbell",2017,"THE OCCURRENCE OF PATHOGENS IN AN ENDANGERED POPULATION OF AMERICAN BADGERS (TAXIDEA TAXUS JACKSONI) IN ONTARIO, CANADA","Canada","North America","North America","Taxidea taxus","","","","","","Problematic native species/diseases","","","","","","","","","Invasive & other problematic species, genes & diseases","","","",""
"591","Journal Article","A. M. Capuano; M. Miller; D. E. Stallknecht; M. Moriarty; M. Plancarte; E. Dodd; F. Batac; W. M. Boyce",2017,"Serologic Detection of Subtype-specific Antibodies to Influenza A Viruses in Southern Sea Otters (Enhydra lutris nereis)","USA","North America","North America","Enhydra lutris","","","","","","Viral/prion-induced diseases","","","","","","","","","Invasive & other problematic species, genes & diseases","","","",""
"592","Journal Article","M. A. Miller; T. L. Burgess; E. M. Dodd; J. C. Rhyan; S. S. Jang; B. A. Byrne; F. M. D. Gulland; M. J. Murray; S. Toy-Choutka; P. A. Conrad; C. L. Field; I. F. Sidor; W. A. Smith",2017,"ISOLATION AND CHARACTERIZATION OF A NOVEL MARINE BRUCELLA FROM A SOUTHERN SEA OTTER (ENHYDRA LUTRIS NEREIS), CALIFORNIA, USA","USA","North America","North America","Enhydra lutris","","","","","","Viral/prion-induced diseases","","","","","","","","","Invasive & other problematic species, genes & diseases","","","",""
"593","Journal Article","J. D. Siqueira; T. F. Ng; M. Miller; L. L. Li; X. T. Deng; E. Dodd; F. Batac; E. Delwart",2017,"ENDEMIC INFECTION OF STRANDED SOUTHERN SEA OTTERS (ENHYDRA LUTRIS NEREIS) WITH NOVEL PARVOVIRUS, POLYOMAVIRUS, AND ADENOVIRUS","USA","North America","North America","Enhydra lutris","","","","","","Viral/prion-induced diseases","","","","","","","","","Invasive & other problematic species, genes & diseases","","","",""
"594","Journal Article","M. Podra; A. Gomez",2018,"Rapid expansion of the American mink poses a serious threat to the European mink in Spain","Spain","Europe & Central Asia","Europe & Central Asia","Mustela lutreola","","","","","","Invasive non-native/alien species/diseases","","","","","","","","","Invasive & other problematic species, genes & diseases","","","",""
"595","Journal Article","R. Pesapane; E. Dodd; N. Javeed; M. Miller; J. Foley",2018,"Molecular characterization and prevalence of Halarachne halichoeri in threatened southern sea otters (Enhydra lutris nereis)","USA","North America","North America","Enhydra lutris","","","","","","Viral/prion-induced diseases","","","","","","","","","Invasive & other problematic species, genes & diseases","","","",""
"596","Journal Article","J. V. Z. Echenique; M. P. Soares; C. S. Mascarenhas; P. M. Bandarra; P. Quadros; D. Driemeier; A. L. Schild",2018,"Lontra longicaudis infected with canine parvovirus and parasitized by Dioctophyma renale","Brazil","Latin America & Caribbean","Latin America","Lontra longicaudis","","","","","","Viral/prion-induced diseases","","","","","","","","","Invasive & other problematic species, genes & diseases","","","",""
"597","Journal Article","M. Barros; O. Cabezon; J. P. Dubey; S. Almeria; M. P. Ribas; L. E. Escobar; B. Ramos; G. Medina-Vogel",2018,"Toxoplasma gondii infection in wild mustelids and cats across an urban-rural gradient","Chile","Latin America & Caribbean","Latin America","Lontra provocax","","","","","","Viral/prion-induced diseases","","","","","","","","","Invasive & other problematic species, genes & diseases","","","",""
"598","Journal Article","A. Penezic; R. Moriano; M. Spasic; D. Cirovic",2018,"First report of a naturally patent infection with Dirofilaria immitis in an otter (Lutra lutra)","Serbia","Europe & Central Asia","Europe & Central Asia","Lutra lutra","","","","","","Problematic native species/diseases","","","","","","","","","Invasive & other problematic species, genes & diseases","","","",""
"599","Journal Article","M. Viscardi; M. Santoro; M. T. Clausi; L. Cozzolino; N. Decaro; M. L. Colaianni; G. Fusco",2019,"Molecular detection and characterization of carnivore parvoviruses in free-ranging Eurasian otters (Lutra lutra) in southern Italy","Italy","Europe & Central Asia","Europe & Central Asia","Lutra lutra","","","","","","Viral/prion-induced diseases","","","","","","","","","Invasive & other problematic species, genes & diseases","","","",""
"600","Journal Article","J. P. Colella; R. E. Wilson; S. L. Talbot; J. A. Cook",2019,"Implications of introgression for wildlife translocations: the case of North American martens","USA / Canada","North America","North America","Martes caurina","","","","","","Introduced genetic material","","","","","","","","","Invasive & other problematic species, genes & diseases","","","",""
"601","Journal Article","M. K. Lucid; A. Rankin; J. Sullivan; L. Robinson; S. Ehlers; S. Cushman",2019,"A carnivores' oasis? An isolated fisher (Pekania pennanti) population provides insight on persistence of a metapopulation","USA","North America","North America","Pekania pennanti","","","","","","","","","","","","","","","Invasive & other problematic species, genes & diseases","","","",""
"602","Journal Article","A. M. Ionica; G. Deak; G. D'Amico; G. F. Stan; G. B. Chisamera; I. C. Constantinescu; C. Adam; M. Lefkaditis; C. M. Gherman; A. D. Mihalca",2019,"Thelazia callipaeda in mustelids from Romania with the European badger, Meles meles, as a new host for this parasite","Romania","Europe & Central Asia","Europe & Central Asia","Meles meles","","","","","","Problematic native species/diseases","","","","","","","","","Invasive & other problematic species, genes & diseases","","","",""
"603","Journal Article","C. E. S. Dent; M. A. Miller; F. Batac; E. Dodd; W. Smith; R. Pesapane; J. Foley",2019,"Pathology and epidemiology of nasopulmonary acariasis (Halarachne sp.) in southern sea otters (Enhydra lutris nereis)","USA","North America","North America","Enhydra lutris","","","","","","Viral/prion-induced diseases","","","","","","","","","Invasive & other problematic species, genes & diseases","","","",""
"604","Journal Article","J. R. Harley; V. A. Gill; S. Lee; K. Kannan; V. Santana; K. Burek-Huntington; T. M. O'Hara",2019,"Concentrations of organohalogens (PCBs, DDTs, PBDEs) in hunted and stranded Northern sea otters (Enhydra lutris kenyoni) in Alaska from 1992 to 2010: Links to pathology and feeding ecology","USA","North America","North America","Enhydra lutris","","","","","","Viral/prion-induced diseases","","","","","","","","","Invasive & other problematic species, genes & diseases","","","",""
"605","Journal Article","K. M. Shanebeck; C. Lagrue",2019,"Acanthocephalan parasites in sea otters: Why we need to look beyond associated mortality horizontal ellipsis","USA","North America","North America","Enhydra lutris","","","","","","Viral/prion-induced diseases","","","","","","","","","Invasive & other problematic species, genes & diseases","","","",""
"606","Journal Article","K. M. Shanebeck; J. Lakemeyer; U. Siebert; K. Lehnert",2020,"Novel infections of Corynosoma enhydri and Profilicollis sp. (Acanthocephala: Polymorphidae) identified in sea otters Enhydra lutris","USA","North America","North America","Enhydra lutris","","","","","","","Viral/prion-induced diseases","","","","","","","","Invasive & other problematic species, genes & diseases","","","",""
"607","Journal Article","E. A. E. Smith; M. T. Tinker; E. L. Whistler; D. J. Kennett; R. L. Vellanoweth; D. Gifford-Gonzalez; M. G. Hylkema; S. D. Newsome",2020,"Reductions in the dietary niche of southern sea otters (Enhydra lutris nereis) from the Holocene to the Anthropocene","USA","North America","North America","Enhydra lutris","","","","","","","Viral/prion-induced diseases","","","","","","","","Invasive & other problematic species, genes & diseases","","","",""
"608","Otter Bulletin article","Christof Schenck and Elke Staib",1995,"The Giant Otter Project In Peru 1995","Peru","Latin America & Caribbean","","Pteronura brasiliensis","","","","","","Viral/prion-induced diseases","","","","","","","","","Invasive & other problematic species, genes & diseases","","","",""
"609","SCC","",1991,"Distribution and status of minks in Byelorussia","Belarus","Europe & Central Asia","Europe & Central Asia","Mustela lutreola","","","","","","Invasive non-native/alien species/diseases","","","","","","","","","Invasive & other problematic species, genes & diseases","","","",""
"610","SCC","",1992,"Reintroduction of the Black-footed ferret","USA","North America","North America","Mustela nigripes","","","","","","Problematic native species/diseases","","","","","","","","","Invasive & other problematic species, genes & diseases","","","",""
"611","SCC","",1993,"Helminth infestation in a declining population of European mink (Mustella lutreola) in Belarus","Belarus","Europe & Central Asia","Europe & Central Asia","Mustela lutreola","","","","","","Problematic native species/diseases","","","","","","","","","Invasive & other problematic species, genes & diseases","","","",""
"612","SCC","",1993,"The European mink – Why is it declining?","Europe","Europe & Central Asia","Europe & Central Asia","Mustela lutreola","","","","","","Invasive non-native/alien species/diseases","","","","","","","","","Invasive & other problematic species, genes & diseases","","","",""
"613","SCC","",1997,"Parasites and diseases of Irish badgers (Meles meles)","Ireland","Europe & Central Asia","Europe & Central Asia","Meles meles","","","","","","Problematic native species/diseases","","","","","","","","","Invasive & other problematic species, genes & diseases","","","",""
"614","SCC","",1999,"The modern state of European mink (Mustela lutreola L.) populations","Russia  ","Europe & Central Asia","Europe & Central Asia","Mustela lutreola","","","","","","Invasive non-native/alien species/diseases","","","","","","","","","Invasive & other problematic species, genes & diseases","","","",""
"615","SCC","",2000,"Behavioural interactions between the naturalized American mink Mustela vison and the native riparian mustelids, NE Belarus, with implications for population changes","Belarus","Europe & Central Asia","Europe & Central Asia","Mustela lutreola","","","","","","Invasive non-native/alien species/diseases","","","","","","","","","Invasive & other problematic species, genes & diseases","","","",""
"616","SCC","",2001,"Badgers (Meles meles) in Fenit Island, and their presence or absence on other islands in Co. Kerry, Ireland","Ireland","Europe & Central Asia","Europe & Central Asia","Meles meles","","","","","","Problematic native species/diseases","","","","","","","","","Invasive & other problematic species, genes & diseases","","","",""
"617","SCC","",2001,"Findings on the ecology of hybrids between the European mink Mustela lutreola and polecat M. putorius at the Lovat upper reaches, NE Belarus","Belarus","Europe & Central Asia","Europe & Central Asia","Mustela lutreola","","","","","","Introduced genetic material","","","","","","","","","Invasive & other problematic species, genes & diseases","","","",""
"618","SCC","",2006,"European Mink Mustela lutreola as a host of the Spirometra erinaceieuropaei","Europe / Russia","Europe & Central Asia","Europe & Central Asia","Mustela lutreola","","","","","","Problematic native species/diseases","","","","","","","","","Invasive & other problematic species, genes & diseases","","","",""
"619","SCC","",2009,"Reintroducing the Black-footed Ferret Mustela nigripes to the Great Plains of North America","USA","North America","North America","Mustela nigripes","","","","","","Problematic native species/diseases","","","","","","","","","Invasive & other problematic species, genes & diseases","","","",""
"620","Journal Article","J. K. Frey; M. T. Calkins",2014,"Snow cover and riparian habitat determine the distribution of the short-tailed weasel (Mustela erminea) at its southern range limits in arid western North America","USA","North America","North America","Mustela erminea","","","","","","Dams & water management/use","","","Livestock farming & ranching","","Habitat shifting & alteration","","","","Natural system modifications","Agriculture & aquaculture","Climate change & severe weather","Other threats",""
"621","Book Section","N. M. Pedroso; T. Sales-Luis; M. Santos-Reis",2014,"The Eurasian otter Lutra lutra (Linnaeus, 1758) in Portugal","Portugal","Europe & Central Asia","Europe & Central Asia","Lutra lutra","","","","","","Dams & water management/use","Other ecosystem modifications","","Unspecified ","","Invasive non-native/alien species/diseases","","Recreational activities","","Natural system modifications","Agriculture & aquaculture","Invasive & other problematic species, genes & diseases","Human intrusions & disturbance",""
"622","SCC","",1997,"Black-footed ferret (Mustela nigripes): Conservation update","USA","North America","North America","Mustela nigripes","","","","","","Other ecosystem modifications","","","Annual & perennial non-timber crops","Livestock farming & ranching","Problematic native species/diseases","","","","Natural system modifications","Agriculture & aquaculture","Invasive & other problematic species, genes & diseases","Other threats",""
"623","Journal Article","R. Mirzaei; J. Conroy; P. Yoxon",2010,"OTTERS IN THE HAWR AL AZIM WETLAND, IRAN","Iran","Middle East & North Africa","Middle East & North Africa","Lutra lutra","Lutrogale perspicillata","","","","","Dams & water management/use","Other ecosystem modifications","","Unspecified (habitat destruction)","","Unspecified","","Hunting & trapping terrestrial animals (intentional & unintentional)","","Natural system modifications","Agriculture & aquaculture","Pollution","Biological resource use",""
"624","Journal Article","W. Spencer; H. Rustigian-Romsos; J. Strittholt; R. Scheller; W. Zielinski; R. Truex",2011,"Using occupancy and population models to assess habitat conservation opportunities for an isolated carnivore population","USA","North America","North America","Pekania pennanti","","","","","","Fire & fire suppression","","","Hunting & trapping terrestrial animals (intentional & unintentional)","Logging & wood harvesting (intentional & unintentional)","Problematic native species/diseases","","Roads & railroads","","Natural system modifications","Biological resource use","Invasive & other problematic species, genes & diseases","Transportation & service corridors",""
"625","Journal Article","G. I. Hobbs; E. A. Chadwick; M. W. Bruford; F. M. Slater",2011,"Bayesian clustering techniques and progressive partitioning to identify population structuring within a recovering otter population in the UK","United Kingdom","Europe & Central Asia","Europe & Central Asia","Lutra lutra","","","","","","Unspecified (habitat destruction)","","","Hunting & trapping terrestrial animals (intentional & unintentional)","","Unspecified","","","","Natural system modifications","Biological resource use","Pollution","",""
"626","Journal Article","G. Medina-Vogel; C. Gonzalez-Lagos",2008,"Habitat use and diet of endangered southern river otter Lontra provocax in a predominantly palustrine wetland in Chile","Chile","Latin America & Caribbean","Latin America","Lontra provocax","","","","","","Other ecosystem modifications","","","Hunting & trapping terrestrial animals (intentional & unintentional)","","","","","","Natural system modifications","Biological resource use","","",""
"627","Journal Article","C. Battisti; G. Amori; F. M. Angelici; L. Luiselli; M. Zapparoli",2011,"Can the grey literature help us understand the decline and extinction of the Near Threatened Eurasian otter Lutra lutra in Latium, central Italy?","Italy","Europe & Central Asia","Europe & Central Asia","Lutra lutra","","","","","","Unspecified (habitat destruction)","","","Hunting & trapping terrestrial animals (intentional & unintentional)","","","","","","Natural system modifications","Biological resource use","","",""
"628","SCC","",2013,"Small carnivore records from a threatened habitat linkage in Terengganu, Peninsular Malaysia","Malaysia","East Asia & Pacific","East Asia","Martes flavigula","Aonyx cinereus","Lutrogale perspicillata","","","","Dams & water management/use","","","","","","","","","Natural system modifications","Biological resource use","","",""
"629","Journal Article","I. Torre; A. Raspall; A. Arrizabalaga; M. Diaz",2018,"Weasel (Mustela nivalis) decline in NE Spain: prey or land use change?","Spain","Europe & Central Asia","Europe & Central Asia","Mustela nivalis","","","","","","Other ecosystem modifications","","","Habitat shifting & alteration","","Roads & railroads","","","","Natural system modifications","Climate change & severe weather","Transportation & service corridors","",""
"630","Journal Article","P. R. Beja",1992,"EFFECTS OF FRESH-WATER AVAILABILITY ON THE SUMMER DISTRIBUTION OF OTTERS LUTRA-LUTRA IN THE SOUTHWEST COAST OF PORTUGAL","Portugal","Europe & Central Asia","Europe & Central Asia","Lutra lutra","","","","","","Dams & water management/use","","","Recreational activities","","","","","","Natural system modifications","Human intrusions & disturbance","","",""
"631","Journal Article","K. Juhasz; B. A. Lukacs; M. Perpek; S. A. Nagy; Z. Vegvari",2013,"Effects of extensive fishpond management and human disturbance factors on Eurasian otter (Lutra lutra L. 1758) populations in Eastern Europe","Europe","Europe & Central Asia","Europe & Central Asia","Lutra lutra","","","","","","Other ecosystem modifications","","","Unspecified","","","","","","Natural system modifications","Human intrusions & disturbance","","",""
"632","Journal Article","S. M. Matthews; J. M. Higley; J. S. Yaeger; T. K. Fuller",2011,"Density of Fishers and the Efficacy of Relative Abundance Indices and Small-Scale Occupancy Estimation to Detect a Population Decline on the Hoopa Valley Indian Reservation, California","USA","North America","North America","Pekania pennanti","","","","","","Fire & fire suppression","","","Viral/prion-induced diseases","","","","","","Natural system modifications","Invasive & other problematic species, genes & diseases","","",""
"633","Journal Article","K. Shapiro; M. W. Silver; J. L. Largier; P. A. Conrad; J. A. K. Mazet",2012,"Association of Toxoplasma gondii oocysts with fresh, estuarine, and marine macroaggregates","USA","North America","North America","Enhydra lutris","","","","","","Other ecosystem modifications","","","Viral/prion-induced diseases","","","","","","Natural system modifications","Invasive & other problematic species, genes & diseases","","",""
"634","Journal Article","A. E. Rosenblatt; J. C. Nifong; M. R. Heithaus; M. W. Parry; F. J. Mazzotti",2014,"New Record of Everglades Mink in Everglades National Park from the Stomach of an American Alligator","USA","North America","North America","Neovison vison","","","","","","Dams & water management/use","","","Invasive non-native/alien species/diseases","","","","","","Natural system modifications","Invasive & other problematic species, genes & diseases","","",""
"635","SCC","",1992,"The European mink, Mustela lutreola, in protected areas in the former Soviet Union","Europe","Europe & Central Asia","Europe & Central Asia","Mustela lutreola","","","","","","Dams & water management/use","","","Invasive non-native/alien species/diseases","","","","","","Natural system modifications","Invasive & other problematic species, genes & diseases","","",""
"636","Journal Article","T. Lode",2002,"An endangered species as indicator of freshwater quality: fractal diagnosis of fragmentation within a European mink, Mustela lutreola, population","Europe","Europe & Central Asia","Europe & Central Asia","Mustela lutreola","","","","","","Dams & water management/use","","","Industrial & military effluents","Agricultural & forestry effluents","","","","","Natural system modifications","Pollution","","",""
"637","Book Section","R. Kuhn",2014,"The French National otter Lutra lutra (Linnaeus, 1758) Action Plan","France","Europe & Central Asia","Europe & Central Asia","Lutra lutra","","","","","","Unspecified (habitat destruction)","","","Roads & railroads","","Marine & freshwater aquaculture","","","","Natural system modifications","Transportation & service corridors","Agriculture & aquaculture","",""
"638","Book Section","R. Berzins; S. Ruette",2014,"Status of the polecat Mustela putorius (Linnaeus, 1758) in France and management implications","France","Europe & Central Asia","Europe & Central Asia","Mustela putorius","","","","","","Other ecosystem modifications","","","Roads & railroads","","Agricultural & forestry effluents","","","","Natural system modifications","Transportation & service corridors","Pollution","",""
"639","Book","V. Cirelli; V. Sanchez-Cordero",2009,"SELECTION OF RESTORATION AND CONSERVATION AREAS USING SPECIES ECOLOGICAL NICHE MODELING: A CASE STUDY OF THE RIVER OTTER LONTRA LONGICAUDIS ANNECTENS IN CENTRAL MEXICO","Mexico","Latin America & Caribbean","Latin America","Lontra longicaudis","","","","","","Other ecosystem modifications","","","","","","","","","Natural system modifications","","","",""
"640","Journal Article","C. H. van Niekerk; M. J. Somers; J. A. J. Nel",1998,"Freshwater availability and distribution of Cape clawless otter spraints and resting places along the south-west coast of South Africa","South Africa","Sub-Saharan Africa","Sub-Saharan Africa","Aonyx capensis","","","","","","Other ecosystem modifications","","","","","","","","","Natural system modifications","","","",""
"641","Journal Article","M. R. Perrin; C. Carugati",2000,"Habitat use by the Cape clawless otter and the spotted-necked otter in the KwaZulu-Natal Drakensberg, South Africa","South Africa","Sub-Saharan Africa","Sub-Saharan Africa","Aonyx capensis","Hydrictis maculicollis","","","","","Other ecosystem modifications","","","","","","","","","Natural system modifications","","","",""
"642","Journal Article","J. Prenda; P. Lopez-Nieves; R. Bravo",2001,"Conservation of otter (Lutra lutra) in a Mediterranean area: the importance of habitat quality and temporal variation in water availability","Spain","Europe & Central Asia","Europe & Central Asia","Lutra lutra","","","","","","Other ecosystem modifications","","","","","","","","","Natural system modifications","","","",""
"643","Journal Article","G. Medina-Vogel; V. S. Kaufman; R. Monsalve; V. Gomez",2003,"The influence of riparian vegetation, woody debris, stream morphology and human activity on the use of rivers by southern river otters in Lontra provocax in Chile","Chile","Latin America & Caribbean","Latin America","Lontra provocax","","","","","","Other ecosystem modifications","","","","","","","","","Natural system modifications","","","",""
"644","Journal Article","P. Fournier; C. Maizeret; D. Jimenez; J. P. Chusseau; S. Aulagnier; F. Spitz",2007,"Habitat utilization by sympatric European mink Mustela lutreola and polecats Mustela putorius in south-western France","France","Europe & Central Asia","Europe & Central Asia","Mustela lutreola","Mustela putorius","","","","","Dams & water management/use","","","","","","","","","Natural system modifications","","","",""
"645","Journal Article","N. M. Pedroso; T. Sales-Luis; M. Santos-Reis",2007,"Use of Aguieira Dam by Eurasian otters in Central Portugal","Portugal","Europe & Central Asia","Europe & Central Asia","Lutra lutra","","","","","","Dams & water management/use","","","","","","","","","Natural system modifications","","","",""
"646","Journal Article","M. J. Santos; N. M. Pedroso; J. P. Ferreira; H. M. Matos; T. Sales-Luis; I. Pereira; C. Baltazar; C. Grilo; A. T. Candido; I. Sousa; M. Santos-Reis",2008,"Assessing dam implementation impact on threatened carnivores: the case of Alqueva in SE Portugal","Portugal","Europe & Central Asia","Europe & Central Asia","Lutra lutra","Mustela putorius","","","","","Dams & water management/use","","","","","","","","","Natural system modifications","","","",""
"647","Journal Article","M. H. Cassini; L. Fasola; C. Chehebar; D. W. Macdonald",2010,"Defining conservation status using limited information: the case of Patagonian otters Lontra provocax in Argentina","Argentina","Latin America & Caribbean","Latin America","Lontra provocax","","","","","","Unspecified (habitat destruction)","","","","","","","","","Natural system modifications","","","",""
"648","Journal Article","R. M. Scheller; W. D. Spencer; H. Rustigian-Romsos; A. D. Syphard; B. C. Ward; J. R. Strittholt",2011,"Using stochastic simulation to evaluate competing risks of wildfires and fuels management on an isolated forest carnivore","USA","North America","North America","Pekania pennanti","","","","","","Fire & fire suppression","","","","","","","","","Natural system modifications","","","",""
"649","Journal Article","P. Ferreras; A. Travaini; S. C. Zapata; M. Delibes",2011,"Short-term responses of mammalian carnivores to a sudden collapse of rabbits in Mediterranean Spain","Spain","Europe & Central Asia","Europe & Central Asia","Meles meles","","","","","","Other ecosystem modifications","","","","","","","","","Natural system modifications","","","",""
"650","Journal Article","I. Zuberogoitia; H. Zalewska; J. Zabala; A. Zalewski",2013,"The impact of river fragmentation on the population persistence of native and alien mink: an ecological trap for the endangered European mink","Spain","Europe & Central Asia","Europe & Central Asia","Mustela lutreola","","","","","","Dams & water management/use","","","","","","","","","Natural system modifications","","","",""
"651","Journal Article","A. F. Palmeirim; C. A. Peres; F. C. W. Rosas",2014,"Giant otter population responses to habitat expansion and degradation induced by a mega hydroelectric dam","Brazil","Latin America & Caribbean","Latin America","Pteronura brasiliensis","","","","","","Dams & water management/use","","","","","","","","","Natural system modifications","","","",""
"652","Journal Article","N. M. Pedroso; T. A. Marques; M. Santos-Reis",2014,"The response of otters to environmental changes imposed by the construction of large dams","Portugal","Europe & Central Asia","Europe & Central Asia","Lutra lutra","","","","","","Dams & water management/use","","","","","","","","","Natural system modifications","","","",""
"653","Journal Article","J. R. Crait; E. V. Regehr; M. Ben-David",2015,"Indirect effects of bioinvasions in Yellowstone Lake: The response of river otters to declines in native cutthroat trout","USA","North America","North America","Lontra canadensis","","","","","","Other ecosystem modifications","","","","","","","","","Natural system modifications","","","",""
"654","Journal Article","R. A. Sweitzer; B. J. Furnas; R. H. Barrett; K. L. Purcell; C. M. Thompson",2016,"Landscape fuel reduction, forest fire, and biophysical linkages to local habitat use and local persistence of fishers (Pekania pennanti) in Sierra Nevada mixed-conifer forests","USA","North America","North America","Pekania pennanti","","","","","","Fire & fire suppression","","","","","","","","","Natural system modifications","","","",""
"655","Journal Article","J. Navarro-Picado; M. Spinola-Parallada; A. Madrigal-Mora; A. Fonseca-Sanchez",2017,"Habitat Selection of Lontra Longicaudis (Carnivora, Mustelidae) Under the Influence of the Hydroelectric Dam of Penas Blancas River and Its Tributaries, Alajuela, Costa Rica","Costa Rica","Latin America & Caribbean","Latin America","Lontra longicaudis","","","","","","Dams & water management/use","","","","","","","","","Natural system modifications","","","",""
"656","Journal Article","P. Krug; M. S. G. Cabrera; R. D. Quintana",2019,"Salicaceae afforestations: advantage or disadvantage for Neotropical otter in its southernmost distribution?","Argentina","Latin America & Caribbean","Latin America","Lontra longicaudis","","","","","","Other ecosystem modifications","","","","","","","","","Natural system modifications","","","",""
"657","Otter Bulletin article","Jordi Ruiz-Olmo",1993,"Artificial Food Support for Lutra lutra in a River in Spain","Spain","Europe & Central Asia","","Lutra lutra","","","","","","Dams & water management/use","","","","","","","","","Natural system modifications","","","",""
"658","Otter Bulletin article","Hélène Jacques",1998,"Eurasian Otter (Lutra lutra) Still Present in Syria","Syria","Middle East & North Africa","","Lutra lutra","","","","","","Dams & water management/use","","","","","","","","","Natural system modifications","","","",""
"659","Otter Bulletin article","",2015,"Hydroelectric Dams: The First Responses from Giant Otters to a Changing Environment","Brazil","Latin America & Caribbean","Latin America","Pteronura brasiliensis","","","","","","Dams & water management/use","","","","","","","","","Natural system modifications","","","",""
"660","Otter Bulletin article","",2017,"Reestablishment of Giant Otters in Habitats altered by the Filling of the Teles Pires Hydroelectric Dam in the Amazonia","Brazil","Latin America & Caribbean","","Pteronura brasiliensis","","","","","","Dams & water management/use","","","","","","","","","Natural system modifications","","","",""
"661","Journal Article","K. N. Wolf; D. E. Wildt; A. Vargas; P. E. Marinari; J. S. Kreeger; M. A. Ottinger; J. G. Howard",2000,"Age-dependent changes in sperm production, semen quality, and testicular volume in the black-footed ferret (Mustela nigripes)","USA","North America","North America","Mustela nigripes","","","","","","","","","","","","","","","Other threats","Agriculture & aquaculture","","",""
"662","Journal Article","D. S. Jachowski; R. A. Gitzen; M. B. Grenier; B. Holmes; J. J. Millspaugh",2011,"The importance of thinking big: Large-scale prey conservation drives black-footed ferret reintroduction success","USA","North America","North America","Mustela nigripes","","","","","","","","","","","","","","","Other threats","Agriculture & aquaculture","","",""
"663","Journal Article","P. R. Owen; C. J. Bell; E. M. Mead",2000,"Fossils, diet, and conservation of black-footed ferrets (Mustela nigripes)","USA","North America","North America","Mustela nigripes","","","","","","","","","","","","","","","Other threats","Invasive & other problematic species, genes & diseases","Agriculture & aquaculture","",""
"664","Journal Article","S. M. Wisely; S. W. Buskirk; M. A. Fleming; D. B. McDonald; E. A. Ostrander",2002,"Genetic diversity and fitness in black-footed ferrets before and during a bottleneck","USA","North America","North America","Mustela nigripes","","","","","","","","","","","","","","","Other threats","Invasive & other problematic species, genes & diseases","Agriculture & aquaculture","",""
"665","Journal Article","T. E. Nicholson; K. A. Mayer; M. M. Staedler; J. A. Fujii; M. J. Murray; A. B. Johnson; M. T. Tinker; K. S. Van Houtan",2018,"Gaps in kelp cover may threaten the recovery of California sea otters","USA","North America","North America","Enhydra lutris","","","","","","","","","Problematic native species/diseases","","Unspecified","","","","Other threats","Invasive & other problematic species, genes & diseases","Human intrusions & disturbance","",""
"666","Journal Article","D. E. Biggins; T. M. Livieri; S. W. Breck",2011,"Interface between black-footed ferret research and operational conservation","USA","North America","North America","Mustela nigripes","","","","","","","","","","","","","","","Other threats","Invasive & other problematic species, genes & diseases","","",""
"667","Journal Article","D. H. Monson; J. A. Estes; J. L. Bodkin; D. B. Siniff",2000,"Life history plasticity and population regulation in sea otters","USA","North America","North America","Enhydra lutris","","","","","","","","","","","","","","","Other threats","Other threats","","",""
"668","Journal Article","K. G. Poole; R. P. Graf",1996,"Winter diet of marten during a snowshoe hare decline","USA","North America","North America","Martes americana","","","","","","","","","","","","","","","Other threats","","","",""
"669","Journal Article","K. N. Wolf; D. E. Wildt; A. Vargas; P. E. Marinari; M. A. Ottinger; J. G. Howard",2000,"Reproductive inefficiency in male blackfooted ferrets (Mustela nigripes)","USA","North America","North America","Mustela nigripes","","","","","","","","","","","","","","","Other threats","","","",""
"670","Journal Article","B. Konar",2000,"Limited effects of a keystone species: trends of sea otters and kelp forests at the Semichi Islands, Alaska","USA","North America","North America","Enhydra lutris","","","","","","","","","","","","","","","Other threats","","","",""
"671","Journal Article","V. R. Simpson; M. S. Bain; R. Brown; B. F. Brown; R. F. Lacey",2000,"A long-term study of vitamin A and polychlorinated hydrocarbon levels in otters (Lutra lutra) in south west England","United Kingdom","Europe & Central Asia","Europe & Central Asia","Lutra lutra","","","","","","","","","","","","","","","Other threats","","","",""
"672","Journal Article","C. S. Gorbics; J. L. Bodkin",2001,"Stock structure of sea otters (Enhydra lutris kenyoni) in Alaska","USA","North America","North America","Enhydra lutris","","","","","","","","","","","","","","","Other threats","","","",""
"673","Journal Article","J. Ruiz-Olmo; J. M. Lopez-Martin; S. Palazon",2001,"The influence of fish abundance on the otter (Lutra lutra) populations in Iberian Mediterranean habitats","Spain","Europe & Central Asia","Europe & Central Asia","Lutra lutra","","","","","","","","","","","","","","","Other threats","","","",""
"674","Journal Article","T. S. Gelatt; D. B. Siniff; J. A. Estes",2002,"Activity patterns and time budgets of the declining sea otter population at Amchitka Island, Alaska","USA","North America","North America","Enhydra lutris","","","","","","","","","","","","","","","Other threats","","","",""
"675","Journal Article","R. E. Drew; J. G. Hallett; K. B. Aubry; K. W. Cullings; S. M. Koepf; W. J. Zielinski",2003,"Conservation genetics of the fisher (Pekania pennanti) based on mitochondrial DNA sequencing","USA / Canada","North America","North America","Pekania pennanti","","","","","","","","","","","","","","","Other threats","","","",""
"676","Journal Article","D. Peltier; T. Lode",2003,"Molecular survey of genetic diversity in the endangered European mink Mustela lutreola","Europe","Europe & Central Asia","Europe & Central Asia","Mustela lutreola","","","","","","","","","","","","","","","Other threats","","","",""
"677","Journal Article","M. E. Soule; J. A. Estes; J. Berger; C. M. Del Rio",2003,"Ecological effectiveness: Conservation goals for interactive species","USA","North America","North America","Enhydra lutris","","","","","","","","","","","","","","","Other threats","","","",""
"678","Journal Article","S. M. Wisely; S. W. Buskirk; G. A. Russell; K. B. Aubry; W. J. Zielinski",2004,"Genetic diversity and structure of the fisher (Pekania pennanti) in a peninsular and peripheral metapopulation","USA","North America","North America","Pekania pennanti","","","","","","","","","","","","","","","Other threats","","","",""
"679","Journal Article","J. R. Michaux; R. Libois; A. Davison; P. Chevret; R. Rosoux",2004,"Is the western population of the European mink, (Mustela lutreola), a distinct Management Unit for conservation?","Europe","Europe & Central Asia","Europe & Central Asia","Mustela lutreola","","","","","","","","","","","","","","","Other threats","","","",""
"680","Journal Article","O. Flagstad; E. Hedmark; A. Landa; H. Broseth; J. Persson; R. Andersen; P. Segerstrom; H. Ellegren",2004,"Colonization history and noninvasive monitoring of a reestablished wolverine population","Norway","Europe & Central Asia","Europe & Central Asia","Gulo gulo","","","","","","","","","","","","","","","Other threats","","","",""
"681","Journal Article","T. Lode; D. Peltier",2005,"Genetic neighbourhood and effective population size in the endangered European mink Mustela lutreola","Europe","Europe & Central Asia","Europe & Central Asia","Mustela lutreola","","","","","","","","","","","","","","","Other threats","","","",""
"682","Journal Article","J. R. Michaux; O. J. Hardy; F. Justy; P. Fournier; A. Kranz; M. Cabria; A. Davison; R. Rosoux; R. Libois",2005,"Conservation genetics and population history of the threatened European mink Mustela lutreola, with an emphasis on the west European population","Europe","Europe & Central Asia","Europe & Central Asia","Mustela lutreola","","","","","","","","","","","","","","","Other threats","","","",""
"683","Journal Article","A. Baghli; R. Verhagen",2005,"Activity patterns and use of resting sites by polecats in an endangered population","Luxembourg","Europe & Central Asia","Europe & Central Asia","Mustela putorius","","","","","","","","","","","","","","","Other threats","","","",""
"684","Journal Article","J. D. Schumacher; G. H. Kruse",2005,"Toward sustainable ecosystem services from the Aleutian Archipelago","USA","North America","North America","Enhydra lutris","","","","","","","","","","","","","","","Other threats","","","",""
"685","Journal Article","B. J. Swanson; L. R. Peters; C. J. Kyle",2006,"Demographic and genetic evaluation of an American marten reintroduction","USA","North America","North America","Martes americana","","","","","","","","","","","","","","","Other threats","","","",""
"686","Journal Article","T. Lode",2006,"Can low densities of carnivores result in genetic depletion? An investigation within French polecat populations","France","Europe & Central Asia","Europe & Central Asia","Mustela putorius","","","","","","","","","","","","","","","Other threats","","","",""
"687","Journal Article","K. L. Laidre; J. A. Estes; M. T. Tinker; J. Bodkin; D. Monson; K. Schneider",2006,"Patterns of growth and body condition in sea otters from the Aleutian archipelago before and after the recent population decline","USA","North America","North America","Enhydra lutris","","","","","","","","","","","","","","","Other threats","","","",""
"688","Journal Article","S. E. Reisewitz; J. A. Estes; C. A. Simenstad",2006,"Indirect food web interactions: sea otters and kelp forest fishes in the Aleutian archipelago","USA","North America","North America","Enhydra lutris","","","","","","","","","","","","","","","Other threats","","","",""
"689","Journal Article","C. C. Cegelski; L. P. Waits; N. J. Anderson; O. Flagstad; C. Strobeck; C. J. Kyle",2006,"Genetic diversity and population structure of wolverine (Gulo gulo) populations at the southern edge of their current distribution in North America with implications for genetic viability","USA / Canada","North America","North America","Gulo gulo","","","","","","","","","","","","","","","Other threats","","","",""
"690","Journal Article","S. K. Carter; G. R. VanBlaricom; B. L. Allen",2007,"Testing the generality of the trophic cascade paradigm for sea otters: a case study with kelp forests in northern Washington, USA","USA","North America","North America","Enhydra lutris","","","","","","","","","","","","","","","Other threats","","","",""
"691","Journal Article","E. Hedmark; H. Ellegren",2007,"DNA-based monitoring of two newly founded Scandinavian wolverine populations","Scandinavia","Europe & Central Asia","Europe & Central Asia","Gulo gulo","","","","","","","","","","","","","","","Other threats","","","",""
"692","Journal Article","P. Hajkova; C. Pertoldi; B. Zemanova; K. Roche; B. Hajek; J. Bryja; J. Zima",2007,"Genetic structure and evidence for recent population decline in Eurasian otter populations in the Czech and Slovak Republics: implications for conservation","Slovakia / Czech","Europe & Central Asia","Europe & Central Asia","Lutra lutra","","","","","","","","","","","","","","","Other threats","","","",""
"693","Journal Article","S. M. Wisely; R. M. Santymire; T. M. Livieri; S. A. Mueting; J. Howard",2008,"Genotypic and phenotypic consequences of reintroduction history in the black-footed ferret (Mustela nigripes)","USA","North America","North America","Mustela nigripes","","","","","","","","","","","","","","","Other threats","","","",""
"694","Journal Article","S. V. Zagrebelnyi; V. V. Fomin; A. M. Burdin",2008,"Dynamics of abundance and population structure of sea otters, Enhydra lutris L., on the Commander Archipelago and activity of their migrations between Islands","Russia","Europe & Central Asia","Europe & Central Asia","Enhydra lutris","","","","","","","","","","","","","","","Other threats","","","",""
"695","Journal Article","D. Centron; B. Ramirez; L. Fasola; D. W. Macdonald; C. Chehebar; A. Schiavini; M. H. Cassini",2008,"Diversity of mtDNA in Southern river otter (Lontra provocax) from Argentinean Patagonia","Argentina","Latin America & Caribbean","Latin America","Lontra provocax","","","","","","","","","","","","","","","Other threats","","","",""
"696","Journal Article","M. J. Santos; H. M. Matos; C. Baltazar; C. Grilo; M. Santos-Reis",2009,"Is polecat (Mustela putorius) diet affected by mediterraneity""?""","Portugal","Europe & Central Asia","Europe & Central Asia","Mustela putorius","","","","","","","","","","","","","","","Other threats","","","",""
"697","Journal Article","S. A. Poessel; S. W. Breck; D. E. Biggins; T. M. Livieri; K. R. Crooks; L. Angeloni",2011,"Landscape features influence postrelease predation on endangered black-footed ferrets","USA","North America","North America","Mustela nigripes","","","","","","","","","","","","","","","Other threats","","","",""
"698","Journal Article","D. M. Ethier; A. Lafleche; B. J. Swanson; J. J. Nocera; C. J. Kyle",2012,"Population subdivision and peripheral isolation in American badgers (Taxidea taxus) and implications for conservation planning in Canada","Canada","North America","North America","Taxidea taxus","","","","","","","","","","","","","","","Other threats","","","",""
"699","Journal Article","M. Costa; C. Fernandes; J. D. S. Birks; A. C. Kitchener; M. Santos-Reis; M. W. Bruford",2013,"The genetic legacy of the 19th-century decline of the British polecat: evidence for extensive introgression from feral ferrets","United Kingdom","Europe & Central Asia","Europe & Central Asia","Mustela putorius","","","","","","","","","","","","","","","Other threats","","","",""
"700","Journal Article","J. M. Tucker; M. K. Schwartz; R. L. Truex; S. M. Wisely; F. W. Allendorf",2014,"Sampling affects the detection of genetic subdivision and conservation implications for fisher in the Sierra Nevada","USA","North America","North America","Pekania pennanti","","","","","","","","","","","","","","","Other threats","","","",""
"701","Journal Article","M. P. Korablev; P. N. Korablev; N. P. Korablev; I. L. Tumanov",2014,"Polymorphism of the Endangered European Mink (Mustela lutreola, Carnivora, Mustelidae) Population in the Central Forest Reserve and Neighboring Areas","Europe","Europe & Central Asia","Europe & Central Asia","Mustela lutreola","","","","","","","","","","","","","","","Other threats","","","",""
"702","Journal Article","J. E. Carlson; J. H. Gilbert; J. W. Pokallus; P. J. Manlick; W. E. Moss; J. N. Pauli",2014,"Potential Role of Prey in the Recovery of American Martens to Wisconsin","USA","North America","North America","Pekania pennanti","","","","","","","","","","","","","","","Other threats","","","",""
"703","Journal Article","M. T. Cabria; E. G. Gonzalez; B. J. Gomez-Moliner; J. R. Michaux; D. Skumatov; A. Kranz; P. Fournier; S. Palazon; R. Zardoya",2015,"Patterns of genetic variation in the endangered European mink (Mustela lutreola L., 1761)","Europe","Europe & Central Asia","Europe & Central Asia","Mustela lutreola","","","","","","","","","","","","","","","Other threats","","","",""
"704","Journal Article","S. M. Wisely; O. A. Ryder; R. M. Santymire; J. F. Engelhardt; B. J. Novak",2015,"A Road Map for 21st Century Genetic Restoration: Gene Pool Enrichment of the Black-Footed Ferret","USA","North America","North America","Mustela nigripes","","","","","","","","","","","","","","","Other threats","","","",""
"705","Journal Article","N. L. Stewart; B. Konar; M. T. Tinker",2015,"Testing the nutritional-limitation, predator-avoidance, and storm-avoidance hypotheses for restricted sea otter habitat use in the Aleutian Islands, Alaska","USA","North America","North America","Enhydra lutris","","","","","","","","","","","","","","","Other threats","","","",""
"706","Journal Article","H. A. Coletti; J. L. Bodkin; D. H. Monson; B. E. Ballachey; T. A. Dean",2016,"Detecting and inferring cause of change in an Alaska nearshore marine ecosystem","USA","North America","North America","Enhydra lutris","","","","","","","","","","","","","","","Other threats","","","",""
"707","Journal Article","G. B. Bentall; B. H. Rosen; J. M. Kunz; M. A. Miller; G. W. Saunders; N. L. LaRoche",2016,"Characterization of the putatively introduced red alga Acrochaetium secundatum (Acrochaetiales, Rhodophyta) growing epizoically on the pelage of southern sea otters (Enhydra lutris nereis)","USA","North America","North America","Enhydra lutris","","","","","","","","","","","","","","","Other threats","","","",""
"708","Journal Article","T. L. Hillman; P. Keenlance; J. A. Moore; B. J. Swanson; J. J. Jacquot; J. C. Witt; A. Cornman",2017,"Genetic diversity of reintroduced American martens in Michigan's Lower Peninsula","USA","North America","North America","Martes americana","","","","","","","","","","","","","","","Other threats","","","",""
"709","Journal Article","L. A. Harrington; M. Podra; A. Gomez; T. Maran",2018,"Raising awareness of the plight of the critically endangered European mink in Spain is not miscommunication: a response to Melero","Europe","Europe & Central Asia","Europe & Central Asia","Mustela lutreola","","","","","","","","","","","","","","","Other threats","","","",""
"710","Journal Article","R. Ekblom; B. Brechlin; J. Persson; L. Smeds; M. Johansson; J. Magnusson; O. Flagstad; H. Ellegren",2018,"Genome sequencing and conservation genomics in the Scandinavian wolverine population","Scandinavia","Europe & Central Asia","Europe & Central Asia","Gulo gulo","","","","","","","","","","","","","","","Other threats","","","",""
"711","Journal Article","R. M. Santymire; E. V. Lonsdorf; C. M. Lynch; D. E. Wildt; P. E. Marinari; S. Kreeger; J. G. Howard",2019,"Inbreeding causes decreased seminal quality affecting pregnancy and litter size in the endangered black-footed ferret","USA","North America","North America","Mustela nigripes","","","","","","","","","","","","","","","Other threats","","","",""
"712","Journal Article","Y. Nishita; N. Spassov; S. Peeva; E. G. Raichev; Y. Kaneko; R. Masuda",2019,"Genetic diversity of MHC class II DRB alleles in the marbled polecat, Vormela peregusna, in Bulgaria","Bulgaria","Europe & Central Asia","Europe & Central Asia","Vormela peregusna","","","","","","","","","","","","","","","Other threats","","","",""
"713","Journal Article","M. J. Murray; M. A. Young; R. M. Santymire",2020,"Use of the ACTH challenge test to identify the predominant glucocorticoid in the southern sea otter (Enhydra lutris nereis)","USA","North America","North America","Enhydra lutris","","","","","","","","","","","","","","","Other threats","","","",""
"714","SCC","",1991,"Stone martens and cars: a beginning war?","Europe","Europe & Central Asia","Europe & Central Asia","Martes foina","","","","","","","","","","","","","","","Other threats","","","",""
"715","Journal Article","A. C. Honnen; A. Roos; T. Stjernberg; F. E. Zachos",2015,"Genetic analysis of Eurasian otters (Lutra lutra) reveals high admixture in Finland and pronounced differentiation in Sweden","Scandinavia","Europe & Central Asia","Europe & Central Asia","Lutra lutra","","","","","","Unspecified","","","Marine & freshwater aquaculture","","Hunting & trapping terrestrial animals (intentional & unintentional)","","Unspecified (habitat destruction)","","Pollution","Agriculture & aquaculture","Biological resource use","Natural system modifications",""
"716","Otter Bulletin article","Roland Melisch, Priyo Budi Asmoro, Listya Kusumawardhami",1994,"Major Steps taken towards Otter Conservation in Indonesia","Indonesia","East Asia & Pacific","","Aonyx cinereus","Lutrogale perspicillata","","","","","Agricultural & forestry effluents","","","Annual & perennial non-timber crops","Marine & freshwater aquaculture","Hunting & trapping terrestrial animals (intentional & unintentional)","","","","Pollution","Agriculture & aquaculture","Biological resource use","",""
"717","Journal Article","S. M. Macdonald; C. F. Mason",1983,"THE OTTER LUTRA-LUTRA IN SOUTHERN ITALY","Italy","Europe & Central Asia","Europe & Central Asia","Lutra lutra","","","","","","Agricultural & forestry effluents","Industrial & military effluents","","Marine & freshwater aquaculture","","General","","Other ecosystem modifications","","Pollution","Agriculture & aquaculture","Human intrusions & disturbance","Natural system modifications",""
"718","Journal Article","C. Prigioni; G. Bogliani; F. Barbieri",1986,"THE OTTER LUTRA-LUTRA IN ALBANIA","Albania","Europe & Central Asia","Europe & Central Asia","Lutra lutra","","","","","","Unspecified","","","Unspecified","","Commercial and industrial areas","","","","Pollution","Agriculture & aquaculture","Residential & commercial development","",""
"719","Journal Article","S. P. Kubheka; D. T. Rowe-Rowe; J. D. Alletson; M. R. Perrin",2013,"Possible influence of increased riparian activity (stream modification and agricultural intensification) on abundance of South African otters","South Africa","Sub-Saharan Africa","Sub-Saharan Africa","Aonyx capensis","Hydrictis maculicollis","","","","","Agricultural & forestry effluents","","","Unspecified","","Unspecified","","","","Pollution","Agriculture & aquaculture","Residential & commercial development","",""
"720","Journal Article","J. Prenda; C. GranadoLorencio",1996,"The relative influence of riparian habitat structure and fish availability on otter Lutra lutra L-sprainting activity in a small Mediterranean catchment","Spain","Europe & Central Asia","Europe & Central Asia","Lutra lutra","","","","","","Unspecified","","","Unspecified","","","","","","Pollution","Agriculture & aquaculture","","",""
"721","Otter Bulletin article","G. Umapathy and G. Durairaj",1995,"Preliminary Studies on the Feeding Ecology of the Otter Lutra lutra at Pitchavaram, East Coast of India","India","South Asia","","Lutra lutra","","","","","","Unspecified","","","Unspecified","","","","","","Pollution","Agriculture & aquaculture","","",""
"722","Journal Article","J. Y. Hwang; G. J. Cho",2018,"Identification of novel haplotypes and interpretation of gene flow of mitochondrial DNA control region of Eurasian otter (Lutra lutra) for the effective conservation","Europe","Europe & Central Asia","Europe & Central Asia","Lutra lutra","","","","","","Industrial & military effluents","Agricultural & forestry effluents","","Hunting & trapping terrestrial animals (intentional & unintentional)","","Marine & freshwater aquaculture","","Roads & railroads","","Pollution","Biological resource use","Agriculture & aquaculture","Transportation & service corridors",""
"723","Journal Article","Y. Cortes; R. Fernandez-Salvador; F. J. Garcia; E. Virgos; M. Llorente",1998,"Changes in otter Lutra lutra distribution in Central Spain in the 1964-1995 period","Spain","Europe & Central Asia","Europe & Central Asia","Lutra lutra","","","","","","Unspecified","","","Hunting & trapping terrestrial animals (intentional & unintentional)","","Unspecified","","Unspecified (habitat destruction)","","Pollution","Biological resource use","Human intrusions & disturbance","Natural system modifications",""
"724","Otter Bulletin article","Robert Dulfer",1993,"?rebo? Biosphere Reserve Otter Project","Czech Republic","Europe & Central Asia","","Lutra lutra","","","","","","Agricultural & forestry effluents","Garbage & solid waste","","Hunting & trapping terrestrial animals (intentional & unintentional)","","Unspecified","","","","Pollution","Biological resource use","Human intrusions & disturbance","",""
"725","Otter Bulletin article","Elke Staib and Christof Schenck",1994,"Giant Otters and Ecotourism in Peru","Peru","Latin America & Caribbean","","Pteronura brasiliensis","","","","","","Industrial & military effluents","","","Fishing & harvesting aquatic resources (intentional & unintentional)","Hunting & trapping terrestrial animals (intentional & unintentional)","Viral/prion-induced diseases","","Recreational activities","","Pollution","Biological resource use","Invasive & other problematic species, genes & diseases","Human intrusions & disturbance","Unspecified (habitat destruction)"
"726","Journal Article","E. Croose; J. W. Duckworth; S. Ruette; D. V. Skumatov; V. V. Kolesnikov; A. P. Saveljev",2018,"A review of the status of the Western polecat Mustela putorius: a neglected and declining species?","Europe","Europe & Central Asia","Europe & Central Asia","Mustela putorius","","","","","","Agricultural & forestry effluents","","","Hunting & trapping terrestrial animals (intentional & unintentional)","","Dams & water management/use","","Invasive non-native/alien species/diseases","","Pollution","Biological resource use","Natural system modifications","Invasive & other problematic species, genes & diseases","Other threats"
"727","Journal Article","P. C. L. White; K. W. Gregory; P. J. Lindley; G. Richards",1997,"Economic values of threatened mammals in Britain: A case study of the otter Lutra lutra and the water vole Arvicola terrestris","United Kingdom","Europe & Central Asia","Europe & Central Asia","Lutra lutra","","","","","","Unspecified","","","Hunting & trapping terrestrial animals (intentional & unintentional)","","General (habitat destruction)","","","","Pollution","Biological resource use","Natural system modifications","",""
"728","Journal Article","A. Ferrando; R. Lecis; X. Domingo-Roura; M. Ponsa",2008,"Genetic diversity and individual identification of reintroduced otters (Lutra lutra) in north-eastern Spain by DNA genotyping of spraints","Spain","Europe & Central Asia","Europe & Central Asia","Lutra lutra","","","","","","Unspecified","","","Hunting & trapping terrestrial animals (intentional & unintentional)","","Unspecified (habitat destriction)","","","","Pollution","Biological resource use","Natural system modifications","",""
"729","Journal Article","A. Loy; L. Boitani; L. Bonesi; A. Canu; A. Di Croce; P. L. Fiorentino; P. Genovesi; L. Mattei; M. Panzacchi; C. Prigioni; E. Randi; G. Reggiani",2010,"THE ITALIAN ACTION PLAN FOR THE ENDANGERED EURASIAN OTTER LUTRA LUTRA","Italy","Europe & Central Asia","Europe & Central Asia","Lutra lutra","","","","","","Unspecified","","","Hunting & trapping terrestrial animals (intentional & unintentional)","","Unspecified (habitat destruction)","","","","Pollution","Biological resource use","Natural system modifications","",""
"730","Journal Article","M. Clavero; V. Hermoso; L. Brotons; M. Delibes",2010,"Natural, human and spatial constraints to expanding populations of otters in the Iberian Peninsula","Spain","Europe & Central Asia","Europe & Central Asia","Lutra lutra","","","","","","Industrial & military effluents","Agricultural & forestry effluents","","Hunting & trapping terrestrial animals (intentional & unintentional)","","Unspecified (habitat destruction)","","","","Pollution","Biological resource use","Natural system modifications","",""
"731","Journal Article","I. C. Weinberger; S. Muff; A. de Jongh; A. Kranz; F. Bontadina",2016,"Flexible habitat selection paves the way for a recovery of otter populations in the European Alps","Europe","Europe & Central Asia","Europe & Central Asia","Lutra lutra","","","","","","Industrial & military effluents","","","Hunting & trapping terrestrial animals (intentional & unintentional)","","Dams & water management/use","","","","Pollution","Biological resource use","Natural system modifications","",""
"732","Otter Bulletin article","Vania Fonseca and Miriam Marmontel
",1991,"Distribution of Lutra lutra in the Highlands of Sri Lanka","Sri Lanka","South Asia","","Lutra lutra","","","","","","Agricultural & forestry effluents","","","Hunting & trapping terrestrial animals (intentional & unintentional)","","Dams & water management/use","","","","Pollution","Biological resource use","Natural system modifications","",""
"733","Journal Article","M. L. Rheingantz; V. M. Santiago-Plata; C. S. Trinca",2017,"The Neotropical otter Lontra longicaudis: a comprehensive update on the current knowledge and conservation status of this semiaquatic carnivore","South America","Latin America & Caribbean","Latin America","Lontra longicaudis","","","","","","Industrial & military effluents","","","Hunting & trapping terrestrial animals (intentional & unintentional)","Fishing & harvesting aquatic resources (intentional & unintentional)","","","Mining & quarrying","Invasive & other problematic species, genes & diseases","Pollution","Biological resource use","Transportation & service corridors","Energy production & mining","Pollution"
"734","Journal Article","C. F. Mason; S. M. Macdonald",2004,"Growth in otter (Lutra lutra) populations in the UK as shown by long-term monitoring","United Kingdom","Europe & Central Asia","Europe & Central Asia","Lutra lutra","","","","","","Unspecified","","","Hunting & trapping terrestrial animals (intentional & unintentional)","Fishing & harvesting aquatic resources (intentional & unintentional)","Roads & railroads","","Unspecified (habitat destruction)","","Pollution","Biological resource use","Transportation & service corridors","Natural system modifications",""
"735","Journal Article","C. Prigioni; A. Balestrieri; L. Remonti",2007,"Decline and recovery in otter Lutra lutra populations in Italy","Italy","Europe & Central Asia","Europe & Central Asia","Lutra lutra","","","","","","Unspecified","","","Hunting & trapping terrestrial animals (intentional & unintentional)","","Roads & railroads","","Unspecified (habitat destruction)","","Pollution","Biological resource use","Transportation & service corridors","Natural system modifications",""
"736","Journal Article","L. Remonti; C. Prigioni; A. Balestrieri; S. Sgrosso; G. Priore",2008,"Distribution of a recolonising species may not reflect habitat suitability alone: the case of the Eurasian otter (Lutra lutra) in southern Italy","Italy","Europe & Central Asia","Europe & Central Asia","Lutra lutra","","","","","","Agricultural & forestry effluents","","","Hunting & trapping terrestrial animals (intentional & unintentional)","","Roads & railroads","","Unspecified (habitat destruction)","","Pollution","Biological resource use","Transportation & service corridors","Natural system modifications",""
"737","Journal Article","D. Ottaviani; M. Panzacchi; G. J. Lasinio; P. Genovesi; L. Boitani",2009,"Modelling semi-aquatic vertebrates' distribution at the drainage basin scale: The case of the otter Lutra lutra in Italy","Italy","Europe & Central Asia","Europe & Central Asia","Lutra lutra","","","","","","Unspecified","","","Hunting & trapping terrestrial animals (intentional & unintentional)","","Roads & railroads","","Other ecosystem modifications","","Pollution","Biological resource use","Transportation & service corridors","Natural system modifications",""
"738","Journal Article","J. Romanowski; M. Brzezinski; M. Zmihorski",2013,"Habitat correlates of the Eurasian otter Lutra lutra recolonizing Central Poland","Poland","Europe & Central Asia","Europe & Central Asia","Lutra lutra","","","","","","Industrial & military effluents","","","Hunting & trapping terrestrial animals (intentional & unintentional)","Fishing & harvesting aquatic resources (intentional & unintentional)","Roads & railroads","","Unspecified (habitat destruction)","","Pollution","Biological resource use","Transportation & service corridors","Natural system modifications",""
"739","Journal Article","I. Chades; J. M. R. Curtis; T. G. Martin",2012,"Setting Realistic Recovery Targets for Two Interacting Endangered Species, Sea Otter and Northern Abalone","USA","North America","North America","Enhydra lutris","","","","","","Industrial & military effluents","","","Hunting & trapping terrestrial animals (intentional & unintentional)","","","","","","Pollution","Biological resource use","","",""
"740","Journal Article","D. A. Jessup; L. C. Yeates; S. Toy-Choutka; D. Casper; M. J. Murray; M. H. Ziccardi",2012,"Washing Oiled Sea Otters","USA","North America","North America","Enhydra lutris","","","","","","Industrial & military effluents","","","Hunting & trapping terrestrial animals (intentional & unintentional)","","","","","","Pollution","Biological resource use","","",""
"741","Journal Article","C. Marquez; J. M. Vargas; R. Villafuerte; J. E. Fa",2013,"Understanding the propensity of wild predators to illegal poison baiting","Spain","Europe & Central Asia","Europe & Central Asia","Meles meles","","","","","","Industrial & military effluents","","","Hunting & trapping terrestrial animals (intentional & unintentional)","","","","","","Pollution","Biological resource use","","",""
"742","Journal Article","V. A. Arellano-Peralta; L. Medrano-Gonzalez",2015,"Ecology, conservation and human history of marine mammals in the Gulf of California and Pacific coast of Baja California, Mexico","USA","North America","North America","Enhydra lutris","","","","","","Industrial & military effluents","","","Fishing & harvesting aquatic resources (intentional & unintentional)","","","","","","Pollution","Biological resource use","","",""
"743","Journal Article","S. Beslagic; O. Delaigue",2017,"The otter (Lutra lutra Linnaeus, 1758) in Belgium: an unpopular and maltreated species (19th-early 20th centuries)","Belgium","Europe & Central Asia","Europe & Central Asia","Lutra lutra","","","","","","Unspecified","","","Hunting & trapping terrestrial animals (intentional & unintentional)","","","","","","Pollution","Biological resource use","","",""
"744","Journal Article","S. Hong; Y. Do; J. Y. Kim; P. Cowan; G. J. Joo",2017,"Conservation activities for the Eurasian otter (Lutra lutra) in South Korea traced from newspapers during 1962-2010","South Korea","East Asia & Pacific","East Asia","Lutra lutra","","","","","","Industrial & military effluents","Agricultural & forestry effluents","","Hunting & trapping terrestrial animals (intentional & unintentional)","","","","","","Pollution","Biological resource use","","",""
"745","SCC","",2010,"Small carnivores in a logging concession in the Upper Baram, Sarawak, Borneo","Malaysia","East Asia & Pacific","East Asia","Hydrictis maculicollis","Aonyx capensis","","","","","Unspecified","","","Hunting & trapping terrestrial animals (intentional & unintentional)","Logging & wood harvesting (intentional & unintentional)","","","","","Pollution","Biological resource use","","",""
"746","Otter Bulletin article","Just Walter",1990,"Restoration plan for the otter habitat in the Netherlands","Netherlands","Europe & Central Asia","","Lutra lutra","","","","","","Agricultural & forestry effluents","","","Recreational activities","","Marine & freshwater aquaculture","","Roads & railroads","Unspecified","Pollution","Human intrusions & disturbance","Agriculture & aquaculture","Transportation & service corridors","Residential & commercial development"
"747","Journal Article","N. K. Ozkazanc; E. Ozay; H. B. Ozel; M. Cetin; H. Sevik",2019,"The habitat, ecological life conditions, and usage characteristics of the otter (Lutra lutra L. 1758) in the Balikdami Wildlife Development Area","Turkey","Europe & Central Asia","Europe & Central Asia","Lutra lutra","","","","","","Industrial & military effluents","","","Work & other activities","","Hunting & trapping terrestrial animals (intentional & unintentional)","","Dams & water management/use","","Pollution","Human intrusions & disturbance","Biological resource use","Natural system modifications",""
"748","Journal Article","A. Galanaki; T. Kominos; S. Zogaris; I. Casteratos; P. Lymberakis",2019,"Presence of the Eurasian otter Lutra lutra on the islands of Greece: a review","Greece","Europe & Central Asia","Europe & Central Asia","Lutra lutra","","","","","","Unspecified","","","Unspecified","","Hunting & trapping terrestrial animals (intentional & unintentional)","","Dams & water management/use","","Pollution","Human intrusions & disturbance","Biological resource use","Natural system modifications",""
"749","Journal Article","B. B. Hughes; K. Wasson; M. T. Tinker; S. L. Williams; L. P. Carswell; K. E. Boyer; M. W. Beck; R. Eby; R. Scoles; M. Staedler; S. Espinosa; M. Hessing-Lewis; E. U. Foster; K. M. Beheshti; T. M. Grimes; B. H. Becker; L. Needles; J. A. Tomoleoni; J. Rudebusch; E. Hines; B. R. Silliman",2019,"Species recovery and recolonization of past habitats: lessons for science and conservation from sea otters in estuaries","USA","North America","North America","Enhydra lutris","","","","","","Industrial & military effluents","","","Recreational activities","","Mining & quarrying","","Invasive non-native/alien species/diseases","","Pollution","Human intrusions & disturbance","Energy production & mining","Invasive & other problematic species, genes & diseases",""
"750","Journal Article","K. Kauhala",1996,"Distributional history of the American mink (Neovison vison) in Finland with special reference to the trends in otter (Lutra lutra) populations","Finland","Europe & Central Asia","Europe & Central Asia","Lutra lutra","Neovison vison","","","","","Agricultural & forestry effluents","Industrial & military effluents","","Unspecified","","","","","","Pollution","Human intrusions & disturbance","","",""
"751","Otter Bulletin article","",1988,"A Study of Otters in Lake Mikri Prespa, Greece","Greece","Europe & Central Asia","","Lutra lutra","","","","","","Agricultural & forestry effluents","","","Not specified","","","","","","Pollution","Human intrusions & disturbance","","",""
"752","Journal Article","T. A. Dean; J. L. Bodkin; S. C. Jewett; D. H. Monson; D. Jung",2000,"Changes in sea urchins and kelp following a reduction in sea otter density as a result of the Exxon Valdez oil spill","USA","North America","North America","Enhydra lutris","","","","","","Industrial & military effluents","","","Problematic native species/diseases","","","","","","Pollution","Invasive & other problematic species, genes & diseases","","",""
"753","Journal Article","K. D. Hanni; J. A. K. Mazet; F. M. D. Gulland; J. Estes; M. Staedler; M. J. Murray; M. Miller; D. A. Jessup",2003,"Clinical pathology and assessment of pathogen exposure in southern and Alaskan sea otters","USA","North America","North America","Enhydra lutris","","","","","","Industrial & military effluents","","","Viral/prion-induced diseases","","","","","","Pollution","Invasive & other problematic species, genes & diseases","","",""
"754","Journal Article","K. Kannan; E. Perrotta; N. J. Thomas; K. M. Aldous",2007,"A comparative analysis of polybrominated diphenyl ethers and polychlorinated biphenyls in southern sea otters that died of infectious diseases and noninfectious causes","USA","North America","North America","Enhydra lutris","","","","","","Industrial & military effluents","","","Viral/prion-induced diseases","","","","","","Pollution","Invasive & other problematic species, genes & diseases","","",""
"755","Journal Article","S. Murata; S. Takahashi; T. Agusa; N. J. Thomas; K. Kannan; S. Tanabe",2008,"Contamination status and accumulation profiles of organotins in sea otters (Enhydra lutris) found dead along the coasts of California, Washington, Alaska (USA), and Kamchatka (Russia)","USA / Russia","North America","North America","Enhydra lutris","","","","","","","","","Diseases of unknown cause","","","","","","Pollution","Invasive & other problematic species, genes & diseases","","",""
"756","Journal Article","K. Shapiro; P. A. Conrad; J. A. K. Mazet; W. W. Wallender; W. A. Miller; J. L. Largier",2010,"Effect of Estuarine Wetland Degradation on Transport of Toxoplasma gondii Surrogates from Land to Sea","USA","North America","North America","Enhydra lutris","","","","","","Unspecified ","","","Viral/prion-induced diseases","","","","","","Pollution","Invasive & other problematic species, genes & diseases","","",""
"757","Journal Article","M. B. Khan; K. B. Ahmed; M. S. Awan; U. Ali; R. A. Minhas; S. A. Choudary",2012,"Distribution, Population Status and Habitat Utilization of Common Otter (Lutra lutra) in Neelum Valley, Azad Jammu and Kashmir","Pakistan","South Asia","South Asia","Lutra lutra","","","","","","Unspecified","","","Unspecified (habitat destruction)","","Hunting & trapping terrestrial animals (intentional & unintentional)","","","","Pollution","Natural system modifications","Biological resource use","",""
"758","Book Section","S. Palazon; Y. Melero",2014,"Status, threats and management actions on the European mink Mustela lutreola (Linnaeus, 1761) in Spain: a review of the studies performed since 1992","Spain","Europe & Central Asia","Europe & Central Asia","Mustela lutreola","","","","","","Industrial & military effluents","","","Dams & water management/use","","Invasive non-native/alien species/diseases","","Roads & railroads","","Pollution","Natural system modifications","Invasive & other problematic species, genes & diseases","Transportation & service corridors",""
"759","Journal Article","A. Engelhart; P. Behnisch; H. Hagenmaier; R. Apfelbach",2001,"PCBs and their putative effects on polecat (Mustela putorius) populations in Central Europe","Europe","Europe & Central Asia","Europe & Central Asia","Mustela putorius","","","","","","Industrial & military effluents","","","Dams & water management/use","","Roads & railroads","","","","Pollution","Natural system modifications","Transportation & service corridors","",""
"760","Journal Article","M. Tans; J. L. Hugla; R. M. Libois; R. Rosoux; J. P. Thome",1996,"Contamination of European otters (Lutra lutra) by PCB congeners and organochlorinated pesticides in the wetlands of western France","France","Europe & Central Asia","Europe & Central Asia","Lutra lutra","","","","","","Agricultural & forestry effluents","Industrial & military effluents","","Other ecosystem modifications","","","","","","Pollution","Natural system modifications","","",""
"761","Journal Article","T. A. Dean; J. L. Bodkin; A. K. Fukuyama; S. C. Jewett; D. H. Monson; C. E. O'Clair; G. R. VanBlaricom",2002,"Food limitation and the recovery of sea otters following the 'Exxon Valdez' oil spill","USA","North America","North America","Enhydra lutris","","","","","","Industrial & military effluents","","","","","","","","","Pollution","Natural system modifications","","",""
"762","Journal Article","J. Zabala; I. Zuberogoitia; J. A. Martinez-Climent",2006,"Factors affecting occupancy by the European mink in south-western Europe","Europe","Europe & Central Asia","Europe & Central Asia","Mustela lutreola","","","","","","Industrial & military effluents","","","Dams & water management/use","","","","","","Pollution","Natural system modifications","","",""
"763","Journal Article","N. Reid; D. Thompson; B. Hayden; F. Marnell; W. I. Montgomery",2013,"Review and quantitative meta-analysis of diet suggests the Eurasian otter (Lutra lutra) is likely to be a poor bioindicator","Ireland","Europe & Central Asia","Europe & Central Asia","Lutra lutra","","","","","","Industrial & military effluents","","","Other ecosystem modifications","","","","","","Pollution","Natural system modifications","","",""
"764","Journal Article","D. L. Garshelis; C. B. Johnson",2013,"Prolonged recovery of sea otters from the Exxon Valdez oil spill? A re-examination of the evidence","USA","North America","North America","Enhydra lutris","","","","","","Industrial & military effluents","","","","","Unspecified","","Other ecosystem modifications","","Pollution","Other threats","Human intrusions & disturbance","Natural system modifications",""
"765","Journal Article","D. L. Garshelis; C. B. Johnson",2001,"Sea otter population dynamics and the Exxon Valdez oil spill: disentangling the confounding effects","USA","North America","North America","Enhydra lutris","","","","","","Industrial & military effluents","","","","","","","","","Pollution","Other threats","","",""
"766","Journal Article","R. B. Gagne; M. T. Tinker; K. D. Gustafson; K. Ralls; S. Larson; L. M. Tarjan; M. A. Miller; H. B. Ernest",2018,"Measures of effective population size in sea otters reveal special considerations for wide-ranging species","USA","North America","North America","Enhydra lutris","","","","","","Industrial & military effluents","","","","","","","","","Pollution","Other threats","","",""
"767","Journal Article","K. A. Sainsbury; R. F. Shore; H. Schofield; E. Croose; G. Hantke; A. C. Kitchener; R. A. McDonald",2020,"Diets of European polecat Mustela putorius in Great Britain during fifty years of population recovery","United Kingdom","Europe & Central Asia","Europe & Central Asia","Mustela putorius","","","","","","Agricultural & forestry effluents","","","","","","","","","Pollution","Other threats","","",""
"768","Journal Article","J. H. Kang; S. J. Rhim",2012,"Distribution and Habitat Conditions of Habitat Points of the Eurasian Otter Lutra lutra in the Hangang River Water System, South Korea","South Korea","East Asia & Pacific","East Asia","Lutra lutra","","","","","","Industrial & military effluents","Agricultural & forestry effluents","","Housing & urban areas","","Roads  & railroads","","","","Pollution","Residential & commercial development","Transportation & service corridors","",""
"769","Journal Article","G. M. Blundell; M. Ben-David; P. Groves; R. T. Bowyer; E. Geffen",2002,"Characteristics of sex-biased dispersal and gene flow in coastal river otters: implications for natural recolonization of extirpated populations","USA","North America","North America","Lontra canadensis","","","","","","Unspecified","","","Unspecified","","","","","","Pollution","Residential & commercial development","","",""
"770","Journal Article","A. C. Honnen; B. Petersen; L. Kassler; M. Elmeros; A. Roos; R. S. Sommer; F. E. Zachos",2011,"Genetic structure of Eurasian otter (Lutra lutra, Carnivora: Mustelidae) populations from the western Baltic sea region and its implications for the recolonization of north-western Germany","Germany","Europe & Central Asia","Europe & Central Asia","Lutra lutra","","","","","","Unspecified","","","Roads & railroads","","Marine & freshwater aquaculture","","Hunting & trapping terrestrial animals (intentional & unintentional)","","Pollution","Transportation & service corridors","Agriculture & aquaculture","Biological resource use",""
"771","Journal Article","H. P. Koelewijn; M. Perez-Haro; H. A. H. Jansman; M. C. Boerwinkel; J. Bovenschen; D. R. Lammertsma; F. J. J. Niewold; A. T. Kuiters",2010,"The reintroduction of the Eurasian otter (Lutra lutra) into the Netherlands: hidden life revealed by noninvasive genetic monitoring","Netherlands","Europe & Central Asia","Europe & Central Asia","Lutra lutra","","","","","","Unspecified","","","Roads & railroads","","Marine & freshwater aquaculture","","","","Pollution","Transportation & service corridors","Agriculture & aquaculture","",""
"772","Journal Article","A. L. Geboes; R. Rosoux; C. Lemarchand; E. Hansen; R. Libois",2016,"Genetic diversity and population structure of the Eurasian otter (Lutra lutra) in France","France","Europe & Central Asia","Europe & Central Asia","Lutra lutra","","","","","","Unspecified","","","Roads & railroads","","Unspecified (habitat destruction)","","Hunting & trapping terrestrial animals (intentional & unintentional)","","Pollution","Transportation & service corridors","Natural system modifications","Biological resource use",""
"773","Journal Article","G. Schmidt; L. L'Hoste; A. Dohet; A. Boscher; H. M. Cauchie; L. Hoffmann",2008,"Riverbank assessment and management for the Eurasian otter in the north of Luxembourg","Luxembourg","Europe & Central Asia","Europe & Central Asia","Lutra lutra","","","","","","Unspecified","","","Roads & railroads","","","","","","Pollution","Transportation & service corridors","Other threats","",""
"774","Journal Article","Y. S. Jo; C. M. Won; S. R. Fritts; M. C. Wallace; J. T. Baccus",2017,"Distribution and habitat models of the Eurasian otter, Lutra lutra, in South Korea","South Korea","East Asia & Pacific","East Asia","Lutra lutra","","","","","","Industrial & military effluents","Agricultural & forestry effluents","","Roads & railroads","","Housing & urban areas","","","","Pollution","Transportation & service corridors","Residential & commercial development","",""
"775","Otter Bulletin article","Vangala Nagulu, Vaidyula Vasudeva Rao, Deeti Satyanarayana and Chelmala Srinivasulu",1998,"Otter Records and Otter Conservation Perspectives in Andhra Pradesh, India","India","South Asia","","Lutrogale perspicillata","","","","","","Unspecified","","Human intrusions & disturbance","","","","","","","Pollution","Unspecified","","",""
"776","Journal Article","S. M. Macdonald",1983,"THE STATUS OF THE OTTER (LUTRA-LUTRA) IN THE BRITISH-ISLES","United Kingdom","Europe & Central Asia","Europe & Central Asia","Lutra lutra","","","","","","Agricultural & forestry effluents","","","","","","","","","Pollution","Unspecified (habitat destruction)","","",""
"777","Otter Bulletin article","Aadrean, Siti Salmah, Anas Salsabila, Rizaldi and M. Nazri Janra",2010,"Tracks and Other Signs of Otters in Rice Fields in Padang Pariaman, West Sumatra: a Preliminary Study
","Indonesia","East Asia & Pacific","","Aonyx cinereus","Lutra lutra","Lutra sumatrana","Lutrogale perspicillata","","","Agricultural & forestry effluent","Domestic & urban waste water","Industrial & military effluents","","","","","","","Pollution","Unspecified (habitat destruction)","","",""
"778","Book","D. MacLellan; M. S. Brancato; D. DeForest; J. Volosin; Mts; Mts",1999,"An evaluation of risks to US Pacific coast sea otters exposed to tributyltin","USA","North America","North America","Enhydra lutris","","","","","","Industrial & military effluents","","","","","","","","","Pollution","","","",""
"779","Book","A. J. Burn",2000,"Pesticides and their effects on lowland farmland birds","United Kingdom","Europe & Central Asia","Europe & Central Asia","Lutra lutra","","","","","","Agricultural & forestry effluents","","","","","","","","","Pollution","","","",""
"780","Book","M. Oliveira; N. Pedroso; T. Sales-Luis; M. Santos-Reis; L. Tavares; C. L. Vilela",2009,"EVIDENCE OF ANTIMICROBIAL RESISTANCE IN EURASIAN OTTER (LUTRA LUTRA LINNAEUS, 1758) FECAL BACTERIA IN PORTUGAL","Portugal","Europe & Central Asia","Europe & Central Asia","Lutra lutra","","","","","","Other","","","","","","","","","Pollution","","","",""
"781","Book Section","R. A. Efroymson; T. M. Carlsen; H. I. Jager; T. Kostova; E. A. Carr; W. W. Hargrove; J. Kercher; T. L. Ashwood",2004,"Toward an ecological framework for assessing risk to vertebrate populations from brine and petroleum spills at exploration and production sites","USA","North America","North America","Taxidea taxus","","","","","","Industrial & military effluents","","","","","","","","","Pollution","","","",""
"782","Book Section","J. Bernanke; H. R. Kohler",2009,"The Impact of Environmental Chemicals on Wildlife Vertebrates","Global","Global","Global","Enhydra lutris","Lutra lutra","Lontra canadensis","Neovison vison","","","Industrial & military effluents","Agricultural & forestry effluents","","","","","","","","Pollution","","","",""
"783","Journal Article","P. R. F. Chanin; D. J. Jefferies",1978,"DECLINE OF OTTER LUTRA-LUTRA L IN BRITAIN - ANALYSIS OF HUNTING RECORDS AND DISCUSSION OF CAUSES","United Kingdom","Europe & Central Asia","Europe & Central Asia","Lutra lutra","","","","","","Industrial & military effluents","Agricultural & forestry effluents","","","","","","","","Pollution","","","",""
"784","Journal Article","J. R. Baker; A. M. Jones; T. P. Jones; H. C. Watson",1981,"OTTER LUTRA-LUTRA L MORTALITY AND MARINE OIL POLLUTION","United Kingdom","Europe & Central Asia","Europe & Central Asia","Lutra lutra","","","","","","Industrial & military effluents","","","","","","","","","Pollution","","","",""
"785","Journal Article","D. B. Siniff; T. D. Williams; A. M. Johnson; D. L. Garshelis",1982,"EXPERIMENTS ON THE RESPONSE OF SEA OTTERS ENHYDRA-LUTRIS TO OIL CONTAMINATION","USA","North America","North America","Enhydra lutris","","","","","","Industrial & military effluents","","","","","","","","","Pollution","","","",""
"786","Journal Article","C. D. Wren",1991,"CAUSE-EFFECT LINKAGES BETWEEN CHEMICALS AND POPULATIONS OF MINK (MUSTELA-VISON) AND OTTER (LUTRA-CANADENSIS) IN THE GREAT-LAKES BASIN","USA","North America","North America","Neovison vison","Lontra canadensis","","","","","Industrial & military effluents","","","","","","","","","Pollution","","","",""
"787","Journal Article","C. F. Mason; D. T. Rowerowe",1992,"ORGANOCHLORINE PESTICIDE-RESIDUES AND PCBS IN OTTER SCATS FROM NATAL","South Africa","Sub-Saharan Africa","Sub-Saharan Africa","Aonyx capensis","Hydrictis maculicollis","","","","","Agricultural & forestry effluents","Industrial & military effluents","","","","","","","","Pollution","","","",""
"788","Journal Article","C. F. Mason; A. B. Madsen",1992,"MERCURY IN DANISH OTTERS (LUTRA-LUTRA)","Denmark","Europe & Central Asia","Europe & Central Asia","Lutra lutra","","","","","","Industrial & military effluents","","","","","","","","","Pollution","","","",""
"789","Journal Article","C. F. Mason; S. M. Macdonald; H. C. Bland; J. Ratford",1992,"ORGANOCHLORINE PESTICIDE AND PCB CONTENTS IN OTTER (LUTRA-LUTRA) SCATS FROM WESTERN SCOTLAND","United Kingdom","Europe & Central Asia","Europe & Central Asia","Lutra lutra","","","","","","Agricultural & forestry effluents","Industrial & military effluents","","","","","","","","Pollution","","","",""
"790","Journal Article","R. A. Garrott; L. L. Eberhardt; D. M. Burn",1993,"MORTALITY OF SEA OTTERS IN PRINCE-WILLIAM SOUND FOLLOWING THE EXXON-VALDEZ OIL-SPILL","USA","North America","North America","Enhydra lutris","","","","","","Industrial & military effluents","","","","","","","","","Pollution","","","",""
"791","Journal Article","C. F. Mason; A. B. Madsen",1993,"ORGANOCHLORINE PESTICIDE-RESIDUES AND PCBS IN DANISH OTTERS (LUTRA-LUTRA)","Denmark","Europe & Central Asia","Europe & Central Asia","Lutra lutra","","","","","","Agricultural & forestry effluents","Industrial & military effluents","","","","","","","","Pollution","","","",""
"792","Journal Article","C. F. Mason; S. M. Macdonald",1993,"PCBS AND ORGANOCHLORINE PESTICIDE-RESIDUES IN OTTER (LUTRA-LUTRA) SPRAINTS FROM WELSH CATCHMENTS AND THEIR SIGNIFICANCE TO OTTER CONSERVATION STRATEGIES","United Kingdom","Europe & Central Asia","Europe & Central Asia","Lutra lutra","","","","","","Industrial & military effluents","","","","","","","","","Pollution","","","",""
"793","Journal Article","J. M. Lopezmartin; J. Ruizolmo; S. P. Minano",1994,"ORGANOCHLORINE RESIDUE LEVELS IN THE EUROPEAN MINK (MUSTELA-LUTREOLA) IN NORTHERN SPAIN","Spain","Europe & Central Asia","Europe & Central Asia","Mustela lutreola","","","","","","Industrial & military effluents","","","","","","","","","Pollution","","","",""
"794","Journal Article","J. P. Giesy; D. A. Verbrugge; R. A. Othout; W. W. Bowerman; M. A. Mora; P. D. Jones; J. L. Newsted; C. Vandervoort; S. N. Heaton; R. J. Aulerich; S. J. Bursian; J. P. Ludwig; G. A. Dawson; T. J. Kubiak; D. A. Best; D. E. Tillitt",1994,"CONTAMINANTS IN FISHES FROM GREAT LAKES-INFLUENCED SECTIONS AND ABOVE DAMS OF 3 MICHIGAN RIVERS .2. IMPLICATIONS FOR HEALTH OF MINK","USA","North America","North America","Neovison vison","","","","","","Industrial & military effluents","","","","","","","","","Pollution","","","",""
"795","Journal Article","R. T. Bowyer; J. W. Testa; J. B. Faro; C. C. Schwartz; J. B. Browning",1994,"CHANGES IN DIETS OF RIVER OTTERS IN PRINCE WILLIAM SOUND, ALASKA - EFFECTS OF THE EXXON-VALDEZ OIL-SPILL","USA","North America","North America","Lontra canadensis","","","","","","Industrial & military effluents","","","","","","","","","Pollution","","","",""
"796","Journal Article","L. K. Duffy; R. T. Bowyer; J. W. Testa; J. B. Faro",1994,"EVIDENCE FOR RECOVERY OF BODY-MASS AND HAPTOGLOBIN VALUES OF RIVER OTTERS FOLLOWING THE EXXON-VALDEZ OIL-SPILL","USA","North America","North America","Lontra canadensis","","","","","","Industrial & military effluents","","","","","","","","","Pollution","","","",""
"797","Journal Article","J. W. Testa; D. F. Holleman; R. T. Bowyer; J. B. Faro",1994,"ESTIMATING POPULATIONS OF MARINE RIVER OTTERS IN PRINCE WILLIAM SOUND, ALASKA, USING RADIOTRACER IMPLANTS","USA","North America","North America","Lontra canadensis","","","","","","Industrial & military effluents","","","","","","","","","Pollution","","","",""
"798","Journal Article","S. L. Osowski; L. W. Brewer; O. E. Baker; G. P. Cobb",1995,"THE DECLINE OF MINK IN GEORGIA, NORTH-CAROLINA, AND SOUTH-CAROLINA - THE ROLE OF CONTAMINANTS","USA","North America","North America","Neovison vison","","","","","","Industrial & military effluents","","","","","","","","","Pollution","","","",""
"799","Journal Article","K. Ralls; D. P. Demaster; J. A. Estes",1996,"Developing a criterion for delisting the southern sea otter under the US endangered species act","USA","North America","North America","Enhydra lutris","","","","","","Industrial & military effluents","","","","","","","","","Pollution","","","",""
"800","Journal Article","R. S. Halbrook; A. Woolf; G. F. Hubert; S. Ross; W. E. Braselton",1996,"Contaminant concentrations in Illinois mink and otter","USA","North America","North America","Lontra canadensis","Neovison vison","","","","","Industrial & military effluents","Agricultural & forestry effluents","","","","","","","","Pollution","","","",""
"801","Journal Article","D. R. J. Moore; R. L. Breton; K. Lloyd",1997,"The effects of hexachlorobenzene on mink in the Canadian environment: An ecological risk assessment","Canada","North America","North America","Neovison vison","","","","","","Industrial & military effluents","","","","","","","","","Pollution","","","",""
"802","Journal Article","D. L. Garshelis",1997,"Sea otter mortality estimated from carcasses collected after the Exxon Valdez oil spill","USA","North America","North America","Enhydra lutris","","","","","","Industrial & military effluents","","","","","","","","","Pollution","","","",""
"803","Journal Article","T. Sjoasen; J. Ozolins; E. Greyerz; M. Olsson",1997,"The otter (Lutra lutra) situation in Latvia and Sweden related to PCB and DDT levels","Latvia / Sweden","Europe & Central Asia","Europe & Central Asia","Lutra lutra","","","","","","Industrial & military effluents","","","","","","","","","Pollution","","","",""
"804","Journal Article","P. E. G. Leonards; Y. Zierikzee; U. A. T. Brinkman; W. P. Cofino; N. M. vanStraalen; B. vanHattum",1997,"The selective dietary accumulation of planar polychlorinated biphenyls in the otter (Lutra lutra)","Netherlands","Europe & Central Asia","Europe & Central Asia","Lutra lutra","","","","","","Industrial & military effluents","","","","","","","","","Pollution","","","",""
"805","Journal Article","R. A. McDonald; S. Harris; G. Turnbull; P. Brown; M. Fletcher",1998,"Anticoagulant rodenticides in stoats (Mustela erminea) and weasels (Mustela nivalis) in England","United Kingdom","Europe & Central Asia","Europe & Central Asia","Mustela erminea","Mustela nivalis","","","","","Agricultural & forestry effluents","","","","","","","","","Pollution","","","",""
"806","Journal Article","P. E. G. Leonards; S. Broekhuizen; P. de Voogt; N. M. Van Straalen; U. A. T. Brinkman; W. P. Cofino; B. van Hattum",1998,"Studies of bioaccumulation and biotransformation of PCBs in mustelids based on concentration and congener patterns in predators and preys","Netherlands","Europe & Central Asia","Europe & Central Asia","Mustela nivalis","Mustela erminea","Mustela putorius","Lutra lutra","","","Industrial & military effluents","","","","","","","","","Pollution","","","",""
"807","Journal Article","J. D. S. Birks",1998,"Secondary rodenticide poisoning risk arising from winter farmyard use by the European polecat Mustela putorius","United Kingdom","Europe & Central Asia","Europe & Central Asia","Mustela putorius","","","","","","Agricultural & forestry effluents","","","","","","","","","Pollution","","","",""
"808","Journal Article","A. J. Murk; P. E. G. Leonards; B. van Hattum; R. Luit; M. E. J. van der Weiden; M. Smit",1998,"Application of biomarkers for exposure and effect of polyhalogenated aromatic hydrocarbons in naturally exposed European otters (Lutra lutra)","Denmark","Europe & Central Asia","Europe & Central Asia","Lutra lutra","","","","","","Industrial & military effluents","","","","","","","","","Pollution","","","",""
"809","Journal Article","A. C. Gutleb; A. Kranz",1998,"Estimation of polychlorinated biphenyl (PCB) levels in livers of the otter (Lutra lutra) from concentrations in scats and fish","Europe","Europe & Central Asia","Europe & Central Asia","Lutra lutra","","","","","","Industrial & military effluents","","","","","","","","","Pollution","","","",""
"810","Journal Article","C. F. Mason",1998,"Decline in PCB levels in otters (Lutra lutra)","United Kingdom","Europe & Central Asia","Europe & Central Asia","Lutra lutra","","","","","","Industrial & military effluents","","","","","","","","","Pollution","","","",""
"811","Journal Article","A. Fox",1999,"The role of habitat enhancement in the return of the European otter (Lutra lutra) to Northumberland","United Kingdom","Europe & Central Asia","Europe & Central Asia","Lutra lutra","","","","","","Agricultural & forestry effluents","","","","","","","","","Pollution","","","",""
"812","Journal Article","G. B. Rathbun; B. B. Hatfield; T. G. Murphey",2000,"Status of translocated sea otters at San Nicolas Island, California","USA","North America","North America","Enhydra lutris","","","","","","Industrial & military effluents","","","","","","","","","Pollution","","","",""
"813","Journal Article","G. Mierle; E. M. Addison; K. S. MacDonald; D. G. Joachim",2000,"Mercury levels in tissues of otters from Ontario, Canada: Variation with age, sex, and location","Canada","North America","North America","Lontra canadensis","","","","","","Industrial & military effluents","","","","","","","","","Pollution","","","",""
"814","Journal Article","J. G. Vos; E. Dybing; H. A. Greim; O. Ladefoged; C. Lambre; J. V. Tarazona; I. Brandt; A. D. Vethaak",2000,"Health effects of endocrine-disrupting chemicals on wildlife, with special reference to the European situation","Europe","Europe & Central Asia","Europe & Central Asia","Lutra lutra","Neovison vison","Lontra canadensis","","","","Industrial & military effluents","","","","","","","","","Pollution","","","",""
"815","Journal Article","Y. Uryu; O. Malm; I. Thornton; I. Payne; D. Cleary",2001,"Mercury contamination of fish and its implications for other wildlife of the Tapajos Basin, Brazilian Amazon","Brazil","Latin America & Caribbean","Latin America","Lutrinae sp.","","","","","","Industrial & military effluents","","","","","","","","","Pollution","","","",""
"816","Journal Article","M. Ben-David; T. Kondratyuk; B. R. Woodin; P. W. Snyder; J. J. Stegeman",2001,"Induction of cytochrome P450 1A1 expression in captive river otters fed Prudhoe Bay crude oil: evaluation by immunohistochemistry and quantitative RT-PCR","USA","North America","North America","Lontra canadensis","","","","","","Industrial & military effluents","","","","","","","","","Pollution","","","",""
"817","Journal Article","T. P. Traas; R. Luttik; O. Klepper; J. E. M. Beurskens; M. D. Smit; P. E. G. Leonards; A. G. M. van Hattum; T. Aldenberg",2001,"Congener-specific model for polychlorinated biphenyl effects on otter (Lutra lutra) and associated sediment quality criteria","Netherlands","Europe & Central Asia","Europe & Central Asia","Lutra lutra","","","","","","Industrial & military effluents","","","","","","","","","Pollution","","","",""
"818","Journal Article","A. Roos; E. Greyerz; M. Olsson; F. Sandegren",2001,"The otter (Lutra lutra) in Sweden - population trends in relation to Sigma DDT and total PCB concentrations during 1968-99","Sweden","Europe & Central Asia","Europe & Central Asia","Lutra lutra","","","","","","Industrial & military effluents","","","","","","","","","Pollution","","","",""
"819","Journal Article","R. A. McDonald; S. Harris",2002,"Population biology of stoats Mustela erminea and weasels Mustela nivalis on game estates in Great Britain","United Kingdom","Europe & Central Asia","Europe & Central Asia","Mustela nivalis","Mustela erminea","","","","","Agricultural & forestry effluents","","","","","","","","","Pollution","","","",""
"820","Journal Article","J. L. Bodkin; B. E. Ballachey; T. A. Dean; A. K. Fukuyama; S. C. Jewett; L. McDonald; D. H. Monson; C. E. O'Clair; G. R. VanBlaricom",2002,"Sea otter population status and the process of recovery from the 1989 'Exxon Valdez' oil spill","USA","North America","North America","Enhydra lutris","","","","","","Industrial & military effluents","","","","","","","","","Pollution","","","",""
"821","Journal Article","L. M. Rotterman; C. Monnett",2002,"Length-mass and total body length of adult female sea otters in Prince William Sound before and after the Exxon Valdez oil spill","USA","North America","North America","Enhydra lutris","","","","","","Industrial & military effluents","","","","","","","","","Pollution","","","",""
"822","Journal Article","M. Ben-David; G. M. Blundell; J. E. Blake",2002,"Post-release survival of river otters: Effects of exposure to crude oil and captivity","USA","North America","North America","Lontra canadensis","","","","","","Industrial & military effluents","","","","","","","","","Pollution","","","",""
"823","Journal Article","R. T. Bowyer; G. M. Blundell; M. Ben-David; S. C. Jewett; T. A. Dean; L. K. Duffy",2003,"Effects of the Exxon Valdez oil spill on river otters: Injury and recovery of a sentinel species","USA","North America","North America","Lontra canadensis","","","","","","Industrial & military effluents","","","","","","","","","Pollution","","","",""
"824","Journal Article","B. E. Ballachey; J. L. Bodkin; S. Howlin; A. M. Doroff; A. H. Rebar",2003,"Correlates to survival of juvenile sea otters in Prince William Sound, Alaska, 1992-1993","USA","North America","North America","Enhydra lutris","","","","","","Industrial & military effluents","","","","","","","","","Pollution","","","",""
"825","Journal Article","A. M. Barbosa; R. Real; J. Olivero; J. M. Vargas",2003,"Otter (Lutra lutra) distribution modeling at two resolution scales suited to conservation planning in the Iberian Peninsula","Spain","Europe & Central Asia","Europe & Central Asia","Lutra lutra","","","","","","Unspecified","","","","","","","","","Pollution","","","",""
"826","Journal Article","C. Fournier-Chambrillon; P. J. Berny; O. Coiffier; P. Barbedienne; B. Dasse; G. Delas; H. Galineau; A. Mazet; P. Pouzenc; R. Rosoux; P. Fournier",2004,"Evidence of secondary poisoning of free-ranging riparian mustelids by anticoagulant rodenticides in France: Implications for conservation of European mink (Mustela lutreola)","France","Europe & Central Asia","Europe & Central Asia","Mustela lutreola","","","","","","Agricultural & forestry effluents","","","","","","","","","Pollution","","","",""
"827","Journal Article","L. R. Gerber; K. E. Buenau; G. R. Vanblaricom",2004,"Density dependence and risk of extinction in a small population of sea otters","USA","North America","North America","Enhydra lutris","","","","","","","","","","","","","","","Pollution","","","",""
"828","Journal Article","E. Alleva; N. Francia; M. Pandolfi; A. M. De Marinis; F. Chiarotti; D. Santucci",2006,"Organochlorine and heavy-metal contaminants in wild mammals and birds of Urbino-Pesaro province, Italy: An analytic overview for potential bioindicators","Italy","Europe & Central Asia","Europe & Central Asia","Martes foina","","","","","","Industrial & military effluents","","","","","","","","","Pollution","","","",""
"829","Journal Article","P. A. Martin; T. V. McDaniel; B. Hunter",2006,"Temporal and spatial trends in chlorinated hydrocarbon concentrations of mink in Canadian Lakes Erie and St. Clair","Canada","North America","North America","Neovison vison","","","","","","Industrial & military effluents","","","","","","","","","Pollution","","","",""
"830","Journal Article","H. I. Jager; E. A. Carr; R. A. Efroymson",2006,"Simulated effects of habitat loss and fragmentation on a solitary mustelid predator","USA","North America","North America","Taxidea taxus","","","","","","Industrial & military effluents","","","","","","","","","Pollution","","","",""
"831","Journal Article","P. D. Boehm; D. S. Page; J. M. Neff; C. B. Johnson",2007,"Potential for sea otter exposure to remnants of buried oil from the exxon valdez oil spill","USA","North America","North America","Enhydra lutris","","","","","","Industrial & military effluents","","","","","","","","","Pollution","","","",""
"832","Journal Article","M. Levin; H. Leibrecht; C. Mori; D. Jessup; S. De Guise",2007,"Immunomodulatory effects of organochlorine mixtures upon in vitro exposure of peripheral blood leukocytes differ between free-ranging and captive southern sea otters (Enhydra lutris)","USA","North America","North America","Enhydra lutris","","","","","","Industrial & military effluents","","","","","","","","","Pollution","","","",""
"833","Journal Article","A. M. Scheulhammer; M. W. Meyer; M. B. Sandheinrich; M. W. Murray",2007,"Effects of environmental methylmercury on the health of wild birds, mammals, and fish","USA / Canada","North America","North America","Lontra canadensis","","","","","","Industrial & military effluents","","","","","","","","","Pollution","","","",""
"834","Journal Article","C. Lemarchand; C. Amblard; Y. Souchon; P. Berny",2007,"Organochlorine compounds (pesticides and PCBs) in scats of the european otter (Lutra lutra) from an actual expanding population in central france","France","Europe & Central Asia","Europe & Central Asia","Lutra lutra","","","","","","Agricultural & forestry effluents","Industrial & military effluents","","","","","","","","Pollution","","","",""
"835","Journal Article","J. Millan; R. Mateo; M. A. Taggart; J. V. Lopez-Bao; M. Viota; L. Monsalve; P. R. Camarero; E. Blazquez; B. Jimenez",2008,"Levels of heavy metals and metalloids in critically endangered Iberian lynx and other wild carnivores from Southern Spain","Spain","Europe & Central Asia","Europe & Central Asia","Meles meles","","","","","","Industrial & military effluents","","","","","","","","","Pollution","","","",""
"836","Journal Article","F. C. Mohr; B. Lasley; S. Bursian",2008,"Chronic oral exposure to bunker C fuel oil causes adrenal insufficiency in ranch mink (Neovison vison)","USA","North America","North America","Enhydra lutris","Neovison vison","","","","","Industrial & military effluents","","","","","","","","","Pollution","","","",""
"837","Journal Article","A. C. Bejarano; F. M. VanDola; F. M. Gulland; T. K. Rowles; L. H. Schwacke",2008,"Production and toxicity of the marine biotoxin domoic acid and its effects on wildlife: A review","USA","North America","North America","Enhydra lutris","","","","","","Industrial & military effluents","","","","","","","","","Pollution","","","",""
"838","Journal Article","J. E. Elliott; D. A. Guertin; J. M. E. Balke",2008,"Chlorinated hydrocarbon contaminants in feces of river otters from the southern Pacific coast of Canada, 1998-2004","Canada","North America","North America","Lontra canadensis","","","","","","Industrial & military effluents","Agricultural & forestry effluents","","","","","","","","Pollution","","","",""
"839","Journal Article","J. Lanszki; E. Orosz; L. Sugar",2009,"Metal levels in tissues of Eurasian otters (Lutra lutra) from Hungary: Variation with sex, age, condition and location","Hungary","Europe & Central Asia","Europe & Central Asia","Lutra lutra","","","","","","Industrial & military effluents","","","","","","","","","Pollution","","","",""
"840","Journal Article","M. Delibes; S. Cabezas; B. Jimenez; M. J. Gonzalez",2009,"Animal decisions and conservation: the recolonization of a severely polluted river by the Eurasian otter","Spain","Europe & Central Asia","Europe & Central Asia","Lutra lutra","","","","","","Industrial & military effluents","","","","","","","","","Pollution","","","",""
"841","Journal Article","M. A. Ricca; A. K. Miles; B. E. Ballachey; J. L. Bodkin; D. Esler; K. A. Trust",2010,"PCB exposure in sea otters and harlequin ducks in relation to history of contamination by the Exxon Valdez oil spill","USA","North America","North America","Enhydra lutris","","","","","","Industrial & military effluents","","","","","","","","","Pollution","","","",""
"842","Journal Article","D. A. Guertin; A. S. Harestad; M. Ben-David; K. G. Drouillard; J. E. Elliott",2010,"FECAL GENOTYPING AND CONTAMINANT ANALYSES REVEAL VARIATION IN INDIVIDUAL RIVER OTTER EXPOSURE TO LOCALIZED PERSISTENT CONTAMINANTS","Canada","North America","North America","Lontra canadensis","","","","","","Industrial & military effluents","Agricultural & forestry effluents","","","","","","","","Pollution","","","",""
"843","Journal Article","D. A. Guertin; A. S. Harestad; J. E. Elliott",2010,"Summer Feeding Habits of River Otters Inhabiting a Contaminated Coastal Marine Environment","Canada","North America","North America","Lontra canadensis","","","","","","Industrial & military effluents","Agricultural & forestry effluents","","","","","","","","Pollution","","","",""
"844","Journal Article","C. Lemarchand; R. Rosoux; P. Berny",2010,"Organochlorine pesticides, PCBs, heavy metals and anticoagulant rodenticides in tissues of Eurasian otters (Lutra lutra) from upper Loire River catchment (France)","France","Europe & Central Asia","Europe & Central Asia","Lutra lutra","","","","","","Industrial & military effluents","Agricultural & forestry effluents","","","","","","","","Pollution","","","",""
"845","Journal Article","H. Christensen; T. M. Heggberget; A. C. Gutleb",2010,"Polychlorinated Biphenyls and Reproductive Performance in Otters From the Norwegian Coast","Norway","Europe & Central Asia","Europe & Central Asia","Lutra lutra","","","","","","Industrial & military effluents","","","","","","","","","Pollution","","","",""
"846","Journal Article","K. A. Harris; L. M. Nichol; P. S. Ross",2011,"HYDROCARBON CONCENTRATIONS AND PATTERNS IN FREE-RANGING SEA OTTERS (ENHYDRA LUTRIS) FROM BRITISH COLUMBIA, CANADA","Canada","North America","North America","Enhydra lutris","","","","","","Industrial & military effluents","","","","","","","","","Pollution","","","",""
"847","Journal Article","D. H. Monson; D. F. Doak; B. E. Ballachey; J. L. Bodkin",2011,"Could residual oil from the Exxon Valdez spill create a long-term population sink"" for sea otters in Alaska?""","USA","North America","North America","Enhydra lutris","","","","","","Industrial & military effluents","","","","","","","","","Pollution","","","",""
"848","Journal Article","J. M. Neff; D. S. Page; P. D. Boehm",2011,"EXPOSURE OF SEA OTTERS AND HARLEQUIN DUCKS IN PRINCE WILLIAM SOUND, ALASKA, USA, TO SHORELINE OIL RESIDUES 20 YEARS AFTER THE EXXON VALDEZ OIL SPILL","USA","North America","North America","Enhydra lutris","","","","","","Industrial & military effluents","","","","","","","","","Pollution","","","",""
"849","Journal Article","S. H. Spencer; D. Shutler; M. S. O'Brien",2011,"CORRELATES OF MERCURY IN FEMALE RIVER OTTERS (LONTRA CANADENSIS) FROM NOVA SCOTIA, CANADA","Canada","North America","North America","Lontra canadensis","","","","","","Industrial & military effluents","","","","","","","","","Pollution","","","",""
"850","Journal Article","E. A. Chadwick; V. R. Simpson; A. E. L. Nicholls; F. M. Slater",2011,"Lead Levels in Eurasian Otters Decline with Time and Reveal Interactions between Sources, Prevailing Weather, And Stream Chemistry","United Kingdom","Europe & Central Asia","Europe & Central Asia","Lutra lutra","","","","","","Industrial & military effluents","","","","","","","","","Pollution","","","",""
"851","Journal Article","M. W. Gabriel; L. W. Woods; R. Poppenga; R. A. Sweitzer; C. Thompson; S. M. Matthews; J. M. Higley; S. M. Keller; K. Purcell; R. H. Barrett; G. M. Wengert; B. N. Sacks; D. L. Clifford",2012,"Anticoagulant Rodenticides on our Public and Community Lands: Spatial Distribution of Exposure and Poisoning of a Rare Forest Carnivore","USA","North America","North America","Pekania pennanti","","","","","","Agricultural & forestry effluents","","","","","","","","","Pollution","","","",""
"852","Journal Article","J. L. Bodkin; B. E. Ballachey; H. A. Coletti; G. G. Esslinger; K. A. Kloecker; S. D. Rice; J. A. Reed; D. H. Monson",2012,"Long-term effects of the 'Exxon Valdez' oil spill: sea otter foraging in the intertidal as a pathway of exposure to lingering oil","USA","North America","North America","Enhydra lutris","","","","","","Industrial & military effluents","","","","","","","","","Pollution","","","",""
"853","Journal Article","M. Delibes; J. Calzada; M. Clavero; N. Fernandez; C. Gutierrez-Exposito; E. Revilla; J. Roman",2012,"The Near Threatened Eurasian otter Lutra lutra in Morocco: no sign of recovery","Morocco","Middle East & North Africa","Middle East & North Africa","Lutra lutra","","","","","","Industrial & military effluents","","","","","","","","","Pollution","","","",""
"854","Journal Article","R. Mateo; J. Milian; J. Rodriguez-Estival; P. R. Camarero; F. Palomares; M. E. Ortiz-Santaliestra",2012,"Levels of organochlorine pesticides and polychlorinated biphenyls in the critically endangered Iberian lynx and other sympatric carnivores in Spain","Spain","Europe & Central Asia","Europe & Central Asia","Lutra lutra","","","","","","Industrial & military effluents","","","","","","","","","Pollution","","","",""
"855","Journal Article","R. Romero; J. Guitian; J. Ruiz-Olmo",2012,"Changes in the diet of coastal otters after the Prestige oil spill (Galicia, north-west Spain)","Spain","Europe & Central Asia","Europe & Central Asia","Lutra lutra","","","","","","Industrial & military effluents","","","","","","","","","Pollution","","","",""
"856","Journal Article","A. M. Roos; B. Backlin; B. O. Helander; F. E. Riget; U. C. Eriksson",2012,"Improved reproductive success in otters (Lutra lutra), grey seals (Halichoerus grypus) and sea eagles (Haliaeetus albicilla) from Sweden in relation to concentrations of organochlorine contaminants","Sweden","Europe & Central Asia","Europe & Central Asia","Lutra lutra","","","","","","Industrial & military effluents","","","","","","","","","Pollution","","","",""
"857","Journal Article","B. E. Ballachey; J. L. Bodkin; D. H. Monson",2013,"Quantifying long-term risks to sea otters from the 1989 'Exxon Valdez' oil spill: Reply to Harwell & Gentile (2013) Reply COMMENT","USA","North America","North America","Enhydra lutris","","","","","","Industrial & military effluents","","","","","","","","","Pollution","","","",""
"858","Journal Article","M. A. Harwell; J. H. Gentile",2013,"Quantifying long-term risks to sea otters from the 1989 'Exxon Valdez' oil spill: Comment on Bodkin et al. (2012) COMMENT","USA","North America","North America","Enhydra lutris","","","","","","Industrial & military effluents","","","","","","","","","Pollution","","","",""
"859","Journal Article","N. N. Ramos-Rosas; C. Valdespino; J. Garcia-Hernandez; J. P. Gallo-Reynoso; E. J. Olguin",2013,"Heavy metals in the habitat and throughout the food chain of the Neotropical otter, Lontra longicaudis, in protected Mexican wetlands","Mexico","Latin America & Caribbean","Latin America","Lontra longicaudis","","","","","","Industrial & military effluents","","","","","","","","","Pollution","","","",""
"860","Journal Article","A. Roos; U. Berger; U. Jarnberg; J. van Dijk; A. Bignert",2013,"Increasing Concentrations of Perfluoroalkyl Acids in Scandinavian Otters (Lutra lutra) between 1972 and 2011: A New Threat to the Otter Population?","Scandinavia","Europe & Central Asia","Europe & Central Asia","Lutra lutra","","","","","","Industrial & military effluents","","","","","","","","","Pollution","","","",""
"861","Journal Article","C. Thompson; R. Sweitzer; M. Gabriel; K. Purcell; R. Barrett; R. Poppenga",2014,"Impacts of Rodenticide and Insecticide Toxicants from Marijuana Cultivation Sites on Fisher Survival Rates in the Sierra National Forest, California","USA","North America","North America","Pekania pennanti","","","","","","Agricultural & forestry effluents","","","","","","","","","Pollution","","","",""
"862","Journal Article","B. A. Rattner; R. S. Lazarus; J. E. Elliott; R. F. Shore; N. van den Brink",2014,"Adverse Outcome Pathway and Risks of Anticoagulant Rodenticides to Predatory Wildlife","USA","North America","North America","Mustela nigripes","","","","","","Agricultural & forestry effluents","","","","","","","","","Pollution","","","",""
"863","Journal Article","A. Geduhn; A. Esther; D. Schenke; H. Mattes; J. Jacob",2014,"Spatial and temporal exposure patterns in non-target small mammals during brodifacoum rat control","Europe","Europe & Central Asia","Europe & Central Asia","Mustela nivalis","Mustela erminea","Mustela putorius","","","","Agricultural & forestry effluents","","","","","","","","","Pollution","","","",""
"864","Journal Article","M. A. Harwell; J. H. Gentile",2014,"Assessing Risks to Sea Otters and the Exxon Valdez Oil Spill: New Scenarios, Attributable Risk, and Recovery","USA","North America","North America","Enhydra lutris","","","","","","Industrial & military effluents","","","","","","","","","Pollution","","","",""
"865","Journal Article","A. Pountney; A. L. Filby; G. O. Thomas; V. R. Simpson; E. A. Chadwick; J. R. Stevens; C. R. Tyler",2015,"High liver content of polybrominated diphenyl ether (PBDE) in otters (Lutra lutra) from England and Wales","United Kingdom","Europe & Central Asia","Europe & Central Asia","Lutra lutra","","","","","","Industrial & military effluents","","","","","","","","","Pollution","","","",""
"866","Journal Article","S. Kang; J. H. Kang; S. Kim; S. H. Lee; S. Lee; H. J. Yu; S. J. Oh; J. D. Park; K. H. Nam; S. Y. Han; J. D. Lim; D. Y. Ryu",2015,"Trace element analysis of three tissues from Eurasian otters (Lutra lutra) in South Korea","South Korea","East Asia & Pacific","East Asia","Lutra lutra","","","","","","Industrial & military effluents","","","","","","","","","Pollution","","","",""
"867","Journal Article","G. W. Witmer; N. P. Snow; R. S. Moulton",2016,"Retention time of chlorophacinone in black-tailed prairie dogs informs secondary hazards from a prairie dog rodenticide bait","USA","North America","North America","Mustela nigripes","","","","","","Agricultural & forestry effluents","","","","","","","","","Pollution","","","",""
"868","Journal Article","L. Bowen; A. K. Miles; B. Ballachey; S. Waters; J. Bodkin",2016,"Gene Transcript Profiling in Sea Otters Post-Exxon Valdez Oil Spill: A Tool for Marine Ecosystem Health Assessment","USA","North America","North America","Enhydra lutris","","","","","","Industrial & military effluents","","","","","","","","","Pollution","","","",""
"869","Journal Article","E. K. Peterson; B. A. Schulte",2016,"Impacts of Pollutants on Beavers and Otters with Implications for Ecosystem Ramifications","Global","Global","Global","Lutra lutra","Lontra canadensis","","","","","Industrial & military effluents","Agricultural & forestry effluents","","","","","","","","Pollution","","","",""
"870","Journal Article","S. Pagacz",2016,"The effect of a major drainage divide on the gene flow of a semiaquatic carnivore, the Eurasian otter","Poland / Slovakia","Europe & Central Asia","Europe & Central Asia","Lutra lutra","","","","","","Industrial & military effluents","","","","","","","","","Pollution","","","",""
"871","Journal Article","P. J. Thomas; K. M. Eccles; L. J. Mundy",2017,"Spatial modelling of non-target exposure to anticoagulant rodenticides can inform mitigation options in two boreal predators inhabiting areas with intensive oil and gas development","Canada","North America","North America","Pekania pennanti","Martes americana","","","","","Agricultural & forestry effluents","","","","","","","","","Pollution","","","",""
"872","Journal Article","M. Elmeros; P. Lassen; R. Bossi; C. J. Topping",2018,"Exposure of stone marten (Martes foina) and polecat (Mustela putorius) to anticoagulant rodenticides: Effects of regulatory restrictions of rodenticide use","Denmark","Europe & Central Asia","Europe & Central Asia","Martes foina","Mustela putorius","","","","","Agricultural & forestry effluents","","","","","","","","","Pollution","","","",""
"873","Journal Article","K. A. Sainsbury; R. F. Shore; H. Schofield; E. Croose; M. G. Pereira; D. Sleep; A. C. Kitchener; G. Hantke; R. A. McDonald",2018,"Long-term increase in secondary exposure to anticoagulant rodenticides in European polecats &ITMustela putorius&IT in Great Britain","United Kingdom","Europe & Central Asia","Europe & Central Asia","Mustela putorius","","","","","","Agricultural & forestry effluents","","","","","","","","","Pollution","","","",""
"874","Journal Article","C. Sutherland; A. K. Fuller; J. A. Royle; S. Madden",2018,"Large-scale variation in density of an aquatic ecosystem indicator species","USA","North America","North America","Neovison vison","","","","","","Industrial & military effluents","","","","","","","","","Pollution","","","",""
"875","Journal Article","D. Esler; B. E. Ballachey; C. Matkin; D. Cushing; R. Kaler; J. Bodkin; D. Monson; G. Esslinger; K. Kloecker",2018,"Timelines and mechanisms of wildlife population recovery following the Exxon Valdez oil spill","USA","North America","North America","Enhydra lutris","Lontra canadensis","","","","","Industrial & military effluents","","","","","","","","","Pollution","","","",""
"876","Journal Article","S. M. Crowley; D. P. Hodder; C. J. Johnson; D. Yates",2018,"Wildlife health indicators and mercury exposure: A case study of river otters (Lontra canadensis) in central British Columbia, Canada","Canada","North America","North America","Lontra canadensis","","","","","","Industrial & military effluents","","","","","","","","","Pollution","","","",""
"877","Journal Article","A. C. Huang; C. Nelson; J. E. Elliott; D. A. Guertin; C. Ritland; K. Drouillard; K. M. Cheng; H. M. Schwantje",2018,"River otters (Lontra canadensis) trapped"" in a coastal environment contaminated with persistent organic pollutants: Demographic and physiological consequences""","Canada","North America","North America","Lontra canadensis","","","","","","Industrial & military effluents","Agricultural & forestry effluents","","","","","","","","Pollution","","","",""
"878","Journal Article","M. Thiel; G. Luna-Jorquera; R. Alvarez-Varas; C. Gallardo; I. A. Hinojosa; N. Luna; D. Miranda-Urbina; N. Morales; N. Ory; A. S. Pacheco; M. Portflitt-Toro; C. Zavalaga",2018,"Impacts of Marine Plastic Pollution From Continental Coasts to Subtropical Gyres-Fish, Seabirds, and Other Vertebrates in the SE Pacific","South America","Latin America & Caribbean","Latin America","Lontra felina","","","","","","Garbage & solid waste","","","","","","","","","Pollution","","","",""
"879","Journal Article","L. R. de Almeida; M. J. R. Pereira",2018,"Influence of the water quality on the occurrence of the Neotropical otter (Lontra longicaudis) (Olfers, 1818) in a human-altered river basin","Brazil","Latin America & Caribbean","Latin America","Lontra longicaudis","","","","","","unspecified","","","","","","","","","Pollution","","","",""
"880","Journal Article","L. E. K. Serieys; J. Bishop; N. Okes; J. Broadfield; D. J. Winterton; R. H. Poppenga; S. Viljoen; R. K. Wayne; M. J. O'Riain",2019,"Widespread anticoagulant poison exposure in predators in a rapidly growing South African city","South Africa","Sub-Saharan Africa","Sub-Saharan Africa","Aonyx capensis","Mellivora capensis","","","","","Agricultural & forestry effluents","","","","","","","","","Pollution","","","",""
"881","Journal Article","C. Young; T. Eguchi; J. A. Ames; M. Staedler; B. B. Hatfield; M. Harris; E. A. Golson-Fisch",2019,"Drift and beaching patterns of sea otter carcasses and car tire dummies","USA","North America","North America","Enhydra lutris","","","","","","Industrial & military effluents","","","","","","","","","Pollution","","","",""
"882","Journal Article","J. C. Witt; M. C. Spriggs; T. Veverica; C. Steffes; J. Bump",2020,"BIOACCUMULATION OF MERCURY IN A TERRESTRIAL CARNIVORE, AMERICAN MARTEN (MARTES AMERICANA)","USA","North America","North America","Martes americana","","","","","","Industrial & military effluents","","","","","","","","","Pollution","","","",""
"883","Journal Article","C. C. Liu; C. H. Chi; S. C. Yen; J. N. Liu; Y. T. Ju; C. L. Kang; C. H. Chang; P. H. Yu",2020,"BLOOD LEAD AND ZINC LEVELS AND THEIR IMPACT ON HEALTH OF FREE-LIVING SMALL CARNIVORES IN TAIWAN, REPUBLIC OF CHINA","Taiwan","East Asia & Pacific","East Asia","Melogale moschata","","","","","","Industrial & military effluents","","","","","","","","","Pollution","","","",""
"884","Journal Article","V. Baudrot; J. Fernandez-de-Simon; M. Coeurdassier; G. Couval; P. Giraudoux; X. Lambin",2020,"Trophic transfer of pesticides: The fine line between predator-prey regulation and pesticide-pest regulation","France","Europe & Central Asia","Europe & Central Asia","Mustela nivalis","Mustela erminea","","","","","Agricultural & forestry effluents","","","","","","","","","Pollution","","","",""
"885","Journal Article","C. W. Sanders; K. Pacifici; G. R. Hess; C. Olfenbuttel; C. S. DePerno",2020,"Metal contamination of river otters in North Carolina","USA","North America","North America","Lontra canadensis","","","","","","Industrial & military effluents","","","","","","","","","Pollution","","","",""
"886","Otter Bulletin article","",1987,"Contaminant Research in Canada","Canada","North America","","Lontra canadensis","","","","","","Not specified","","","","","","","","","Pollution","","","",""
"887","Otter Bulletin article","",1987,"The Current Status of the Sea Otter Population in California (December 1986)","USA","North America","","Enhydra lutris","","","","","","Industrial & military effluents","","","","","","","","","Pollution","","","",""
"888","Otter Bulletin article","",1987,"First Data on Contamination of Otters in the Netherlands","Netherlands","Europe & Central Asia","","Lutra lutra","","","","","","Industrial & military effluents","Agricultural & forestry effluents","","","","","","","","Pollution","","","",""
"889","Otter Bulletin article","",1987,"Organochlorine Residues in Otter Spraints from Hungary","Hungary","Europe & Central Asia","","Lutra lutra","","","","","","Not specified","","","","","","","","","Pollution","","","",""
"890","Otter Bulletin article","",1988,"Otter Studies in Finland","Finland","Europe & Central Asia","","Lutra lutra","","","","","","Not specified","","","","","","","","","Pollution","","","",""
"891","Otter Bulletin article","",1989,"Assessment of Pollution Risk for the Remaining Otter Populations in Lower Saxony, West Germany","Germany","Europe & Central Asia","","Lutra lutra","","","","","","Not specified","","","","","","","","","Pollution","","","",""
"892","Otter Bulletin article","",1989,"Contamination of an Otter found Dead in the F.R.G","Germany","Europe & Central Asia","","Lutra lutra","","","","","","Not specified","","","","","","","","","Pollution","","","",""
"893","Otter Bulletin article","Anthony R. DeGrange",1990,"The oil spill in Prince William Sound, Alaska 2","USA","North America","","Enhydra lutris","","","","","","Industrial & military effluents","","","","","","","","","Pollution","","","",""
"894","Otter Bulletin article","Darius Weber",1990,"The End of the Otter and of Otter Reintroduction Plans in Switzerland","Switzerland","Europe & Central Asia","","Lutra lutra","","","","","","Agricultural & forestry effluents","","","","","","","","","Pollution","","","",""
"895","Otter Bulletin article","Lionel Lafontaine, Guy Joncour and Patrick Menanteau",1990,"Otters and bio-accumulating pollutants: first data for western France","France","Europe & Central Asia","","Lutra lutra","","","","","","Agricultural & forestry effluents","Industrial & military effluents","","","","","","","","Pollution","","","",""
"896","Otter Bulletin article","Donald R. Smith, A Russel Flegal and James A. Estes",1991,"Lead in Sea Otters","USA","North America","","Enhydra lutris","","","","","","Industrial & military effluents","","","","","","","","","Pollution","","","",""
"897","Otter Bulletin article","Ildiko Kemenes",1991,"Otter Distribution, Status and Conservation Problems in Hungary","Hungary","Europe & Central Asia","","Lutra lutra","","","","","","Industrial & military effluents","","","","","","","","","Pollution","","","",""
"898","Otter Bulletin article","Arno C Gutleb",1992,"The Otter in Austria: a Review of the Current State of Research","Austria","Europe & Central Asia","","Lutra lutra","","","","","","Industrial & military effluents","","","","","","","","","Pollution","","","",""
"899","Otter Bulletin article","James A. Estes",1992,"Catastrophes and Conservation: Lessons from Sea Otters and the Exxon Valdez","USA","North America","","Enhydra lutris","","","","","","Industrial & military effluents","","","","","","","","","Pollution","","","",""
"900","Otter Bulletin article","Arno C Gutleb, Christof Schenck and Elka Staib",1993,"Total Mercury and Methylmercury Levels in Fish from the Department Madre de Díos, Peru","Peru","Latin America & Caribbean","","Pteronura brasiliensis","","","","","","Industrial & military effluents","","","","","","","","","Pollution","","","",""
"901","Otter Bulletin article","Chris Mason",1993,"Organochlorine Contaminants in Spraints from Captive Otters","UK","Europe & Central Asia","","Lutra lutra","","","","","","Agricultural & forestry effluents","","","","","","","","","Pollution","","","",""
"902","Otter Bulletin article","Chris Mason and Liam O'Sullivan",1993,"Relationships between PCBs in Otter Livers and Spraints from Gut and Environment","Ireland","Europe & Central Asia","","Lutra lutra","","","","","","Agricultural & forestry effluents","","","","","","","","","Pollution","","","",""
"903","Otter Bulletin article","Claus Reuther",1993,"Aktion Fischotterschutz e. V. (German Campaign for Otter Protection): Activities 1992","Germany","Europe & Central Asia","","Lutra lutra","","","","","","Agricultural & forestry effluents","","","","","","","","","Pollution","","","",""
"904","Otter Bulletin article","Václav Hlavá? and Ales Toman",1993,"Otter Distribution and Conservation in the Czech Republic","Czech Republic","Europe & Central Asia","","Lutra lutra","","","","","","Agricultural & forestry effluents","","","","","","","","","Pollution","","","",""
"905","Otter Bulletin article","S.M. Macdonald and C.F. Mason",1994,"Pcbs and Organochlorine Pesticide Levels in Otter (Lutra Lutra) Scats from Eastern Scotland","UK","Europe & Central Asia","","Lutra lutra","","","","","","Agricultural & forestry effluents","","","","","","","","","Pollution","","","",""
"906","Otter Bulletin article","Chris Mason",1997,"Lecture held at the International Workshop: The Otter - Back in Switzerland again? 18.-19.6.1997, Möschberg, Switzerland. It summarises the effect of industrialization, typified by plastics production and subsequent levels of PCBs in the environment, and clearly shows the corelation with reduction in otter numbers. Across Europe, this relationship is found. The results for Wales and the Clydesdale area of Scotland are examined in detail and then related to national trends in the United Kingdom.","Europe","Europe & Central Asia","","Lutra lutra","","","","","","Agricultural & forestry effluents","","","","","","","","","Pollution","","","",""
"907","Otter Bulletin article","Lee Harding",1999,"Contaminants in Otter, Mink and Marten in British Colombia","Canada","North America","","Lontra canadensis","","","","","","Agricultural & forestry effluents","","","","","","","","","Pollution","","","",""
"908","Otter Bulletin article","",2001,"The River Otter (Lontra canadensis) in Clarcke County (Georgia, USA) - Survey, Food Habits and Environmental Factors","USA","North America","","Lontra canadensis","","","","","","Not specified","","","","","","","","","Pollution","","","",""
"909","Otter Bulletin article","Kate?ina Poledníková, Jitka V?trovcová, Lukáš Poledník, Václav Hlavá?",2010,"Carbofuran - A New and Effective Method of Illegal Killing of Otters (Lutra lutra) in the Czech Republic","Czech Republic","Europe & Central Asia","","Lutra lutra","","","","","","Agricultural & forestry effluent","","","","","","","","","Pollution","","","",""
"910","Otter Bulletin article","Charles Lemarchand, Rene Rosoux and Philippe Berny
",2011,"Ecotoxicology of the Eurasian Otter (Lutra lutra) along Loire River (France) and Predictable Trends due to Global Change
","France","Europe & Central Asia","","Lutra lutra","","","","","","Agricultural & forestry effluents","Industrial & military effluents","","","","","","","","Pollution","","","",""
"911","Otter Bulletin article","Gilberto Silva-López, María Remedios Mendoza-López, Jesús Samuel Cruz-Sánchez, Oscar García-Barradas, Gabriela López Suárez, Luis G. Abarca-Arenas, Francisco Gutiérrez-Mendieta and Armando Martínez Chacón",2012,"A Qualitative Assessment of Lontra longicaudis annectens Aquatic Habitats in Alvarado, Mexico","Mexico","Latin America & Caribbean","","Lontra longicaudis","","","","","","Industrial & military effluents","Agricultural & forestry effluents","","","","","","","","Pollution","","","",""
"912","SCC","",1990,"Colombian weasel threatened by mercury pollution?","Ecuador","Latin America & Caribbean","Latin America","Mustela felipei","","","","","","Industrial & military effluents","","","","","","","","","Pollution","","","",""
"913","SCC","",1991,"Badgers and otters – pesticides and pollution: A European perspective","Europe","Europe & Central Asia","Europe & Central Asia","Lutra lutra","Meles meles","","","","","Agricultural & forestry effluents","Industrial & military effluents","","","","","","","","Pollution","","","",""
"914","SCC","",2003,"The status of stoats and weasels in Britain","United Kingdom","Europe & Central Asia","Europe & Central Asia","Mustela nivalis","Mustela erminea","","","","","Agricultural & forestry effluents","","","","","","","","","Pollution","","","",""
"915","Otter Bulletin article","",2018,"Notes on Population Status and Feeding Behaviour of Asian Small-Clawed Otter (Aonyx cinereus) in the Sundarbans Mangrove Forest of Bangladesh","Bangladesh","South Asia","","Aonyx cinereus","","","","","","Not specified","","","","","","","","","Pollution","","","",""
"916","Journal Article","C. Skinner; P. Skinner; S. Harris",1991,"AN ANALYSIS OF SOME OF THE FACTORS AFFECTING THE CURRENT DISTRIBUTION OF BADGER MELES-MELES SETTS IN ESSEX","United Kingdom","Europe & Central Asia","Europe & Central Asia","Meles meles","","","","","","Housing & urban areas","","","Annual & perennial non-timber crops","","Roads & railroads","","","","Residential & commercial development","Agriculture & aquaculture","Transportation & service corridors","",""
"917","Journal Article","J. C. Doyle; D. W. Sample; L. Long; T. R. Van Deelen",2019,"Space Use and Habitat Selection of American Badgers (Taxidea Taxus) in Southwestern Wisconsin","USA","North America","North America","Taxidea taxus","","","","","","Housing & urban areas","","","Annual & perennial non-timber crops","","Roads & railroads","","","","Residential & commercial development","Agriculture & aquaculture","Transportation & service corridors","",""
"918","Otter Bulletin article","Xavier Gémillet",1993,"Field Survey of Lutra lutra on Corfu Island (Greece)","Greece","Europe & Central Asia","","Lutra lutra","","","","","","Tourism & recreation areas","","","Hunting & trapping terrestrial animals (intentional & unintentional)","","Marine & freshwater aquaculture","","","","Residential & commercial development","Biological resource use","Agriculture & aquaculture","",""
"919","Journal Article","M. Bonamy; T. M. Herrmann; A. B. Harbicht",2020,"'I think it is the toughest animal in the North': human-wolverine interactions among hunters and trappers in the Canadian Northwest Territories","Canada","North America","North America","Gulo gulo","","","","","","Commercial & industrial areas","","","Hunting & trapping terrestrial animals (intentional & unintentional)","","Recreational activities","","Fire & fire suppression","","Residential & commercial development","Biological resource use","Human intrusions & disturbance","Natural system modifications",""
"920","SCC","",1992,"Changes in the occupation of badger setts in the environs of vilnius within the last decade","Lithuania","Europe & Central Asia","Europe & Central Asia","Meles meles","","","","","","Housing & urban areas","","","Hunting & trapping terrestrial animals (intentional & unintentional)","","Recreational activities","","","","Residential & commercial development","Biological resource use","Human intrusions & disturbance","",""
"921","Journal Article","J. Larroque; S. Ruette; J. M. Vandel; G. Queney; S. Devillard",2016,"Age and sex-dependent effects of landscape cover and trapping on the spatial genetic structure of the stone marten (Martes foina)","France","Europe & Central Asia","Europe & Central Asia","Martes foina","","","","","","Housing & urban areas","","","Hunting & trapping terrestrial animals (intentional & unintentional)","Logging & wood harvesting (intentional & unintentional)","Roads & railroads","","","","Residential & commercial development","Biological resource use","Transportation & service corridors","",""
"922","Otter Bulletin article","Christof Schenck and Eike Staib",1992,"Giant Otters in Peru","Peru","Latin America & Caribbean","","Pteronura brasiliensis","","","","","","Tourism & creation areas","","","Hunting & trapping terrestrial animals (intentional & unintentional)","","","","","","Residential & commercial development","Biological resource use","","",""
"923","Journal Article","J. C. Ray; L. G. Poley; A. J. Magoun; C. L. B. Chetkiewicz; F. M. Southee; F. N. Dawson; C. Chenier",2018,"Modelling broad-scale wolverine occupancy in a remote boreal region using multi-year aerial survey data","Canada","North America","North America","Gulo gulo","","","","","","Unspecified","","","Habitat shifting & alteration","","","","","","Residential & commercial development","Climate change & severe weather","","",""
"924","Journal Article","J. T. Fisher; S. Bradbury; B. Anholt; L. Nolan; L. Roy; J. P. Volpe; M. Wheatley",2013,"Wolverines (Gulo gulo luscus) on the Rocky Mountain slopes: natural heterogeneity and landscape alteration as predictors of distribution","Canada","North America","North America","Gulo gulo","","","","","","Unspecified","","","Oil & gas drilling","","Logging & wood harvesting (intentional & unintentional)","","","","Residential & commercial development","Energy production & mining","Biological resource use","",""
"925","Journal Article","C. J. Johnson; M. S. Boyce; R. L. Case; H. D. Cluff; R. J. Gau; A. Gunn; R. Mulders",2005,"Cumulativ eeffects of human developments on arctic wildlife","Canada","North America","North America","Gulo gulo","","","","","","Unspecified","","","Oil & gas drilling","","Recreational activities","","","","Residential & commercial development","Energy production & mining","Human intrusions & disturbance","",""
"926","Journal Article","F. E. C. Stewart; N. A. Heim; A. P. Clevenger; J. Paczkowski; J. P. Volpe; J. T. Fisher",2016,"Wolverine behavior varies spatially with anthropogenic footprint: implications for conservation and inferences about declines","Canada","North America","North America","Gulo gulo","","","","","","Commercial & industrial areas","","","Oil & gas drilling","","Roads & railroads","","Logging & wood harvesting (intentional & unintentional)","","Residential & commercial development","Energy production & mining","Transportation & service corridors","Biological resource use",""
"927","Journal Article","R. May; A. Landa; J. van Dijk; J. D. C. Linnell; R. Andersen",2006,"Impact of infrastructure on habitat selection of wolverines Gulo gulo","Scandinavia","Europe & Central Asia","Europe & Central Asia","Gulo gulo","","","","","","Unspecified","","","Unspecified","","Roads & railroads","","","","Residential & commercial development","Human intrusions & disturbance","Transportation & service corridors","",""
"928","Journal Article","N. Heim; J. T. Fisher; J. Volpe; A. P. Clevenger; J. Paczkowski",2019,"Carnivore community response to anthropogenic landscape change: species-specificity foils generalizations","Canada","North America","North America","Gulo gulo","Martes americana","","","","","Industrial & military effluents","","","Unspecified","","Roads & railroads","","","","Residential & commercial development","Human intrusions & disturbance","Transportation & service corridors","",""
"929","Journal Article","J. J. Gomez; J. I. Tunez; N. Fracassi; M. H. Cassini",2014,"Habitat suitability and anthropogenic correlates of Neotropical river otter (Lontra longicaudis) distribution","South America","Latin America & Caribbean","Latin America","Lontra longicaudis","","","","","","Housing & urban areas","","","Other ","","","","","","Residential & commercial development","Human intrusions & disturbance","","",""
"930","Journal Article","M. B. Aued; C. Chehebar; G. Porro; D. W. Macdonald; M. H. Cassini",2003,"Environmental correlates of the distribution of southern river otters Lontra provocax at different ecological scales","Argentina","Latin America & Caribbean","Latin America","Lontra provocax","","","","","","Unspecified","","","Invasive non-native/alien species/diseases","","","","","","Residential & commercial development","Invasive & other problematic species, genes & diseases","","",""
"931","Journal Article","N. Sivasothi; B. H. M. Nor",1994,"A REVIEW OF OTTERS (CARNIVORA, MUSTELIDAE, Lutrinae sp.) IN MALAYSIA AND SINGAPORE","Malaysia / Singapore","East Asia & Pacific","East Asia","Lutra lutra","Lutra sumatrana","Lutrogale perspicillata","","Aonyx cinereus","","Commercial & industrial areas","","","Unspecified (habitat destruction)","","Unspecified","","","","Residential & commercial development","Natural system modifications","Pollution","",""
"932","Journal Article","K. Van Looy; C. Cavillon; T. Tormos; J. Piffady; P. Landry; Y. Souchon",2013,"A scale-sensitive connectivity analysis to identify ecological networks and conservation value in river networks","France","Europe & Central Asia","Europe & Central Asia","Lutra lutra","","","","","","Unspecified","","","Other ecosystem modifications","","","","","","Residential & commercial development","Natural system modifications","","",""
"933","Otter Bulletin article","David T. Rowe-Rowe",1990,"Otter distribution and protection in South Africa","South Africa","Sub-Saharan Africa","","Hydrictis maculicollis","Aonyx capensis","","","","","Unspecified","","","Industrial & military effluents","","Livestock farming & ranching","","","","Residential & commercial development","Pollution","Agriculture & aquaculture","",""
"934","Journal Article","L. F. Ruggiero; K. S. McKelvey; K. B. Aubry; J. P. Copeland; D. H. Pletscher; I. G. Hornocker",2007,"Wolverine conservation and management","USA / Canada","North America","North America","Gulo gulo","","","","","","Unspecified","","","Roads & railroads","","Logging & wood harvesting (intentional & unintentional)","","Recreational activities","Habitat shifting & alteration","Residential & commercial development","Transportation & service corridors","Biological resource use","Human intrusions & disturbance","Climate change & severe weather"
"935","Journal Article","M. A. Scrafford; T. Avgar; B. Abercrombie; J. Tigner; M. S. Boyce",2017,"Wolverine habitat selection in response to anthropogenic disturbance in the western Canadian boreal forest","Canada","North America","North America","Gulo gulo","","","","","","Commercial & industrial areas","","","Roads & railroads","","Logging & wood harvesting (intentional & unintentional)","","","","Residential & commercial development","Transportation & service corridors","Biological resource use","",""
"936","Journal Article","J. F. Roobitaille; S. Laurence",2002,"Otter, Lutra lutra, occurrence in Europe and in France in relation to landscape characteristics","Europe","Europe & Central Asia","Europe & Central Asia","Lutra lutra","","","","","","Unspecified","","","Roads & railroads","","","","","","Residential & commercial development","Transportation & service corridors","","",""
"937","Journal Article","A. Ruiz-Gonzalez; M. Gurrutxaga; S. A. Cushman; M. J. Madeira; E. Randi; B. J. Gomez-Moliner",2014,"Landscape Genetics for the Empirical Assessment of Resistance Surfaces: The European Pine Marten (Martes martes) as a Target-Species of a Regional Ecological Network","Spain","Europe & Central Asia","Europe & Central Asia","Martes martes","","","","","","Housing & urban areas","","","Roads & railroads","","","","","","Residential & commercial development","Transportation & service corridors","","",""
"938","Journal Article","S. Harris",1984,"ECOLOGY OF URBAN BADGERS MELES-MELES - DISTRIBUTION IN BRITAIN AND HABITAT SELECTION, PERSECUTION, FOOD AND DAMAGE IN THE CITY OF BRISTOL","United Kingdom","Europe & Central Asia","Europe & Central Asia","Meles meles","","","","","","Housing & urban areas","","","","","","","","","Residential & commercial development","","","",""
"939","Journal Article","M. Saito; F. Koike",2013,"Distribution of Wild Mammal Assemblages along an Urban-Rural-Forest Landscape Gradient in Warm-Temperate East Asia","Japan","East Asia & Pacific","East Asia","Martes melampus","Meles anakuma","","","","","Housing & urban areas","","","","","","","","","Residential & commercial development","","","",""
"940","Journal Article","D. E. Haskell; C. R. Webster; D. J. Flaspohler; M. W. Meyer",2013,"Relationship between carnivore distribution and landscape features in the northern highlands ecological landscape of Wisconsin","USA","North America","North America","Pekania pennanti","Lontra canadensis","","","","","Housing & urban areas","","","","","","","","","Residential & commercial development","","","",""
"941","Journal Article","M. L. Rheingantz; J. F. S. de Menezes; B. de Thoisy",2014,"Defining Neotropical otter Lontra longicaudis distribution, conservation priorities and ecological frontiers","South America","Latin America & Caribbean","Latin America","Lontra longicaudis","","","","","","Other","","","","","","","","","Residential & commercial development","","","",""
"942","Journal Article","A. K. Fuller; C. S. Sutherland; J. A. Royle; M. P. Hare",2016,"Estimating population density and connectivity of American mink using spatial capture-recapture","USA","North America","North America","Neovison vison","","","","","","Housing & urban areas","","","","","","","","","Residential & commercial development","","","",""
"943","Journal Article","D. T. O'Mahony",2017,"A species distribution model for pine marten (Martes martes) in the least forested region of Europe","Ireland","Europe & Central Asia","Europe & Central Asia","Martes martes","","","","","","Housing & urban areas","","","","","","","","","Residential & commercial development","","","",""
"944","Journal Article","A. P. Silva; G. Curveira-Santos; K. Kilshaw; C. Newman; D. W. Macdonald; L. G. Simoes; L. M. Rosalino",2017,"Climate and anthropogenic factors determine site occupancy in Scotland's Northern-range badger population: implications of context-dependent responses under environmental change","United Kingdom","Europe & Central Asia","Europe & Central Asia","Meles meles","","","","","","Housing & urban areas","","","","","","","","","Residential & commercial development","","","",""
"945","Journal Article","N. C. Okes; M. J. O'Riain",2017,"Otter occupancy in the Cape Peninsula: Estimating the probability of river habitat use by Cape clawless otters, Aonyx capensis, across a gradient of human influence","South Africa","Sub-Saharan Africa","Sub-Saharan Africa","Aonyx capensis","","","","","","Unspecified (general urbanisation)","","","","","","","","","Residential & commercial development","","","",""
"946","Journal Article","L. A. Perez-Solano; M. Gonzalez; E. Lopez-Tello; S. Mandujano",2018,"Medium and large mammals associated with the tropical dry forest of central Mexico","Mexico","Latin America & Caribbean","Latin America","Galictis vittata","","","","","","","Unspecified","","","","","","","","Residential & commercial development","","","",""
"947","Journal Article","A. Balestrieri; E. Mori; M. Menchetti; A. Ruiz-Gonzalez; P. Milanesi",2019,"Far from the madding crowd: Tolerance toward human disturbance shapes distribution and connectivity patterns of closely related Martes spp","Italy","Europe & Central Asia","Europe & Central Asia","Martes foina","Martes martes","","","","","Housing & urban areas","","","","","","","","","Residential & commercial development","","","",""
"948","Journal Article","D. Grajales-Garcia; A. Serrano; A. Capistran-Barradas; C. Naval-Avila; J. M. Pech-Canche; C. Becerril-Gomez",2019,"Feeding habits of the neotropical otter (Lontra longicaudis annectens) (Carnivora: Mustelidae) in the coastal zone of Tuxpan, Veracruz","Mexico","Latin America & Caribbean","Latin America","Lontra longicaudis","","","","","","Housing & urban areas","","","","","","","","","Residential & commercial development","","","",""
"949","Journal Article","R. Pita; R. Morgado; F. Moreira; A. Mira; P. Beja",2020,"Roads, forestry plantations and hedgerows affect badger occupancy in intensive Mediterranean farmland","Portugal","Europe & Central Asia","Europe & Central Asia","Meles meles","","","","","","Roads & railroads","","","Livestock farming & ranching","","","","","","Transportation & service corridors","Agriculture & aquaculture","","",""
"950","Otter Bulletin article","Risto Sulkava",1994,"The Otter (Lutra lutra) in Central Finland","Finland","Europe & Central Asia","","Lutra lutra","","","","","","Roads & railroads","","","Marine & freshwater aquaculture","","","","","","Transportation & service corridors","Agriculture & aquaculture","","",""
"951","Journal Article","C. D. Apps; N. J. Newhouse; T. A. Kinley",2002,"Habitat associations of American badgers in southeastern British Columbia","Canada","North America","North America","Taxidea taxus","","","","","","Roads & railroads","","","","","","","","","Transportation & service corridors","Biological resource use","Other threats","",""
"952","Otter Bulletin article","Uolvei Skarén",1992,"Analysis of One Hundred Otters Killed by Accidents in Central Finland","Finland","Europe & Central Asia","","Lutra lutra","","","","","","Roads & railroads","","","Hunting & trapping terrestrial animals (intentional & unintentional)","","Industrial & military effluents","","","","Transportation & service corridors","Biological resource use","Pollution","",""
"953","Journal Article","S. B. Zhu; S. F. Zhang; M. H. Zhang",2017,"Update on the status of wolverines in China","China","East Asia & Pacific","East Asia","Gulo gulo","","","","","","Roads & railroads","","","Hunting & trapping terrestrial animals (intentional & unintentional)","Logging & wood harvesting (intentional & unintentional)","Housing & urban areas","","","","Transportation & service corridors","Biological resource use","Residential & commercial development","",""
"954","Journal Article","M. Bjorklund; J. Arrendal",2008,"Demo-genetic analysis of a recovering population of otters in Central Sweden","Sweden","Europe & Central Asia","Europe & Central Asia","Lutra lutra","","","","","","Roads & railroads","","","Fishing & harvesting aquatic resources (intentional & unintentional)","","","","","","Transportation & service corridors","Biological resource use","","",""
"955","Journal Article","A. Garces; F. Queiroga; J. Prada; I. Pires",2020,"A review of the mortality of wild fauna in Europe in the last century: the consequences of human activity","Europe","Europe & Central Asia","Europe & Central Asia","Lutra lutra","","","","","","Roads & railroads","","","Hunting & trapping terrestrial animals (intentional & unintentional)","","","","","","Transportation & service corridors","Biological resource use","","",""
"956","SCC","",1999,"Badgers (Meles meles L., 1758) in a mountain area north of Varese (Lombardy -Italy)","Italy","Europe & Central Asia","Europe & Central Asia","Meles meles","","","","","","Roads & railroads","","","Hunting & trapping terrestrial animals (intentional & unintentional)","","","","","","Transportation & service corridors","Biological resource use","","",""
"957","Journal Article","S. A. Hussain; B. C. Choudhury",1997,"Distribution and status of the smooth-coated otter Lutrogale perspicillata in National Chambal Sanctuary, India","India","South Asia","South Asia","Lutrogale perspicillata","","","","","","Roads & railroads","","","Mining & quarrying","","","","","","Transportation & service corridors","Energy production & mining","","",""
"958","Journal Article","N. W. Van den Brink; W. C. Ma",1998,"Spatial and temporal trends in levels of trace metals and PCBs in the European badger Meles meles (L., 1758) in The Netherlands: Implications for reproduction","Netherlands","Europe & Central Asia","Europe & Central Asia","Meles meles","","","","","","Roads & railroads","","","Work & other activities","","Hunting & trapping terrestrial animals (intentional & unintentional)","","","","Transportation & service corridors","Human intrusions & disturbance","Biological resource use","",""
"959","Journal Article","R. May; L. Gorini; J. van Dijk; H. Broseth; J. D. C. Linnell; A. Landa",2012,"Habitat characteristics associated with wolverine den sites in Norwegian multiple-use landscapes","Norway","Europe & Central Asia","Europe & Central Asia","Gulo gulo","","","","","","Roads & railroads","","","Recreational activities","","Hunting & trapping terrestrial animals (intentional & unintentional)","","","","Transportation & service corridors","Human intrusions & disturbance","Biological resource use","",""
"960","Journal Article","R. M. Inman; M. L. Packila; K. H. Inman; A. J. McCue; G. C. White; J. Persson; B. C. Aber; M. L. Orme; K. L. Alt; S. L. Cain; J. A. Fredrick; B. J. Oakleaf; S. S. Sartorius",2012,"Spatial ecology of wolverines at the southern periphery of distribution","USA","North America","North America","Gulo gulo","","","","","","Roads & railroads","","","Recreational activities","","","","Habitat shifting & alteration","","Transportation & service corridors","Human intrusions & disturbance","","Climate change & severe weather",""
"961","Journal Article","D. J. Verwoerd",1987,"OBSERVATIONS ON THE FOOD AND STATUS OF THE CAPE CLAWLESS OTTER AONYX-CAPENSIS AT BETTY BAY, SOUTH-AFRICA","South Africa","Sub-Saharan Africa","Sub-Saharan Africa","Aonyx capensis","","","","","","Roads & railroads","","","Recreational activities","","","","","","Transportation & service corridors","Human intrusions & disturbance","","",""
"962","Journal Article","R. Carbonell",2015,"Managing Spanish European mink populations: Moving from a precautionary approach towards knowledge-based management","Spain","Europe & Central Asia","Europe & Central Asia","Mustela lutreola","","","","","","Roads & railroads","","","Invasive non-native/alien species/diseases","","","","","","Transportation & service corridors","Invasive & other problematic species, genes & diseases","","",""
"963","Journal Article","A. Baghli; R. Verhagen",2003,"The distribution and status of the polecat Mustela putorius in Luxembourg","Luxembourg","Europe & Central Asia","Europe & Central Asia","Mustela putorius","","","","","","Roads & railroads","","","","","","","","","Transportation & service corridors","Natural system modifications","Other threats","",""
"964","Journal Article","A. Planillo; C. Mata; A. Manica; J. E. Malo",2018,"Carnivore Abundance Near Motorways Related to Prey and Roadkills","Spain","Europe & Central Asia","Europe & Central Asia","Mustela putorius","Mustela nivalis","Martes foina","Meles meles","Lutra lutra","","Roads & railroads","","","","","","","","","Transportation & service corridors","Natural system modifications","","",""
"965","Journal Article","F. Jacquet",2009,"THE RETURN OF OTTER (LUTRA LUTRA) IN HAUTE-SAVOIE (FRANCE): DEVELOPMENT OF A NEW METHOD OF HABITAT ANALYSIS","France","Europe & Central Asia","Europe & Central Asia","Lutra lutra","","","","","","Roads & railroads","","","","","","","","","Transportation & service corridors","Other threats","","",""
"966","Journal Article","R. M. Inman; B. L. Brock; K. H. Inman; S. S. Sartorius; B. C. Aber; B. Giddings; S. L. Cain; M. L. Orme; J. A. Fredrick; B. J. Oakleaf; K. L. Alt; E. Odell; G. Chapron",2013,"Developing priorities for metapopulation conservation at the landscape scale: Wolverines in the Western United States","USA","North America","North America","Gulo gulo","","","","","","Roads & railroads","","","Housing & urban areas","","Recreational activities","","Habitat shifting & alteration","Hunting & trapping terrestrial animals (intentional & unintentional)","Transportation & service corridors","Residential & commercial development","Human intrusions & disturbance","Climate change & severe weather","Biological resource use"
"967","Journal Article","M. M. Rowland; M. J. Wisdom; D. H. Johnson; B. C. Wales; J. P. Copeland; F. B. Edelmann",2003,"Evaluation of landscape models for wolverines in the interior northwest, United States of America","USA","North America","North America","Gulo gulo","","","","","","Roads & railroads","","","Unspecified","","","","","","Transportation & service corridors","Residential & commercial development","","",""
"968","Otter Bulletin article","Hyeonjin Kim, Motokazu Ando, Sungyong Han, Hiroshi Sasaki and Hiroshi Ogawa
",2011,"Recovery of the Eurasian Otter Lutra lutra in Korea and the Change in Public Attitude
","Korea","East Asia & Pacific","","Lutra lutra","","","","","","Roads & railroads","","","Commercial & industrial areas","","","","","","Transportation & service corridors","Residential & commercial development","","",""
"969","Otter Bulletin article","Rachel Kuhn and Hélène Jacques
",2011,"The French Action Plan For The Eurasian Otter
","France","Europe & Central Asia","","Lutra lutra","","","","","","Roads & railroads","","","","","","","","","Transportation & service corridors","Unspecified (habitat destruction)","","",""
"970","Journal Article","F. F. Vanderzee; J. Wiertz; C. J. F. Terbraak; R. C. Vanapeldoorn",1992,"LANDSCAPE CHANGE AS A POSSIBLE CAUSE OF THE BADGER MELES-MELES L DECLINE IN THE NETHERLANDS","Netherlands","Europe & Central Asia","Europe & Central Asia","Meles meles","","","","","","Roads & railroads","","","","","","","","","Transportation & service corridors","","","",""
"971","Journal Article","V. R. Simpson",1997,"Health status of otters (Lutra lutra) in south-west England based on postmortem findings","United Kingdom","Europe & Central Asia","Europe & Central Asia","Lutra lutra","","","","","","Roads & railroads","","","","","","","","","Transportation & service corridors","","","",""
"972","Journal Article","G. P. Clarke; P. C. L. White; S. Harris",1998,"Effects of roads on badger Meles meles populations in south-west England","United Kingdom","Europe & Central Asia","Europe & Central Asia","Meles meles","","","","","","Roads & railroads","","","","","","","","","Transportation & service corridors","","","",""
"973","Journal Article","C. K. Philcox; A. L. Grogan; D. W. Macdonald",1999,"Patterns of otter Lutra lutra road mortality in Britain","United Kingdom","Europe & Central Asia","Europe & Central Asia","Lutra lutra","","","","","","Roads & railroads","","","","","","","","","Transportation & service corridors","","","",""
"974","Journal Article","A. Guter; A. Dolev; D. Saltz; N. Kronfeld-Schor",2005,"Temporal and spatial influences on road mortality in otters: Conservation implications","Israel","Middle East & North Africa","Middle East & North Africa","Lutra lutra","","","","","","Roads & railroads","","","","","","","","","Transportation & service corridors","","","",""
"975","Journal Article","P. Fournier; C. Maizeret; C. Fournier-Chambrillon; N. Ilbert; S. Aulagnier; F. Spitz",2008,"Spatial behaviour of European mink Mustela lutreola and polecat Mustela putorius in southwestern France","France","Europe & Central Asia","Europe & Central Asia","Mustela lutreola","Mustela putorius","","","","","Roads & railroads","","","","","","","","","Transportation & service corridors","","","",""
"976","Journal Article","T. A. Kinley; N. J. Newhouse",2008,"Ecology and translocation-aided recovery of an endangered badger population","Canada","North America","North America","Taxidea taxus","","","","","","Roads & railroads","","","","","","","","","Transportation & service corridors","","","",""
"977","Journal Article","T. A. Kinley; N. J. Newhouse",2009,"Badger Roadkill Risk in Relation to the Presence of Culverts and Jersey Barriers","Canada","North America","North America","Taxidea taxus","","","","","","Roads & railroads","","","","","","","","","Transportation & service corridors","","","",""
"978","Journal Article","M. A. Sepulveda; J. L. Bartheld; C. Meynard; M. Benavides; C. Astorga; D. Parra; G. Medina-Vogel",2009,"Landscape features and crustacean prey as predictors of the Southern river otter distribution in Chile","Chile","Latin America & Caribbean","Latin America","Lontra provocax","","","","","","Roads & railroads","","","","","","","","","Transportation & service corridors","","","",""
"979","Journal Article","A. C. Frantz; L. C. Pope; T. R. Etherington; G. J. Wilson; T. Burke",2010,"Using isolation-by-distance-based approaches to assess the barrier effect of linear landscape elements on badger (Meles meles) dispersal","United Kingdom","Europe & Central Asia","Europe & Central Asia","Meles meles","","","","","","Roads & railroads","","","","","","","","","Transportation & service corridors","","","",""
"980","Journal Article","F. N. Dawson; A. J. Magoun; J. Bowman; J. C. Ray",2010,"Wolverine, Gulo gulo, Home Range Size and Denning Habitat in Lowland Boreal Forest in Ontario","Canada","North America","North America","Gulo gulo","","","","","","Roads & railroads","","","","","","","","","Transportation & service corridors","","","",""
"981","Journal Article","C. Grilo; J. Sousa; F. Ascensao; H. Matos; I. Leitao; P. Pinheiro; M. Costa; J. Bernardo; D. Reto; R. Lourenco; M. Santos-Reis; E. Revilla",2012,"Individual Spatial Responses towards Roads: Implications for Mortality Risk","Portugal","Europe & Central Asia","Europe & Central Asia","Martes foina","","","","","","Roads & railroads","","","","","","","","","Transportation & service corridors","","","",""
"982","Journal Article","F. Markolt; L. Szemethy; R. Lehoczki; M. Heltai",2012,"Spatial and temporal evaluation of wildlife-vehicle collisions along the M3 Highway in Hungary","Hungary","Europe & Central Asia","Europe & Central Asia","Meles meles","","","","","","Roads & railroads","","","","","","","","","Transportation & service corridors","","","",""
"983","Journal Article","S. Palazon; Y. Melero; A. Gomez; J. L. de Luzuriaga; M. Podra; J. Gosalbez",2012,"Causes and patterns of human-induced mortality in the Critically Endangered European mink Mustela lutreola in Spain","Spain","Europe & Central Asia","Europe & Central Asia","Mustela lutreola","","","","","","Roads & railroads","","","","","","","","","Transportation & service corridors","","","",""
"984","Journal Article","R. Barrientos; J. D. Miranda",2012,"Can we explain regional abundance and road-kill patterns with variables derived from local-scale road-kill models? Evaluating transferability with the European polecat","Europe","Europe & Central Asia","Europe & Central Asia","Mustela putorius","","","","","","Roads & railroads","","","","","","","","","Transportation & service corridors","","","",""
"985","Journal Article","A. M. Serronha; A. R. A. Mateus; F. Eaton; M. Santos-Reis; C. Grilo",2013,"Towards effective culvert design: monitoring seasonal use and behavior by Mediterranean mesocarnivores","Portugal","Europe & Central Asia","Europe & Central Asia","Martes foina","Meles meles","Lutra lutra","","","","Roads & railroads","","","","","","","","","Transportation & service corridors","","","",""
"986","Journal Article","A. Balestrieri; G. Bogliani; G. Boano; A. Ruiz-Gonzalez; N. Saino; S. Costa; P. Milanesi",2016,"Modelling the Distribution of Forest-Dependent Species in Human-Dominated Landscapes: Patterns for the Pine Marten in Intensively Cultivated Lowlands","Italy","Europe & Central Asia","Europe & Central Asia","Martes martes","","","","","","Roads & railroads","","","","","","","","","Transportation & service corridors","","","",""
"987","Journal Article","S. Fagart; C. Heurtebise; G. Quaintenne; P. Jourde; T. Micol",2016,"FREQUENTATION OF NOZZLES DEDICATED TO SMALL AND MEDIUM CROSSINGS FAUNA UNDER TWO MOTORWAYS FROM THE WEST OF FRANCE. BALANCE OF BOTH FIRST YEARS OF TRACKING BY PHOTOGRAPHIC TRAPS","France","Europe & Central Asia","Europe & Central Asia","Meles meles","Martes foina","","","","","Roads & railroads","","","","","","","","","Transportation & service corridors","","","",""
"988","Journal Article","A. Ceia-Hasse; L. Borda-de-Agua; C. Grilo; H. M. Pereira",2017,"Global exposure of carnivores to roads","Global","Global","Global","Meles anakuma","Martes melampus","Martes foina","Martes gwatkinsii","","","Roads & railroads","","","","","","","","","Transportation & service corridors","","","",""
"989","Journal Article","J. Sunga; J. Sayers; K. Cottenie; C. J. Kyle; D. M. Ethier",2017,"The effects of roads on habitat selection and movement patterns of the American badger subspecies Taxidea taxus jacksoni in Ontario, Canada","Canada","North America","North America","Taxidea taxus","","","","","","Roads & railroads","","","","","","","","","Transportation & service corridors","","","",""
"990","Journal Article","M. A. Scrafford; T. Avgar; R. Heeres; M. S. Boyce",2018,"Roads elicit negative movement and habitat-selection responses by wolverines (Gulo gulo luscus)","Canada","North America","North America","Gulo gulo","","","","","","Roads & railroads","","","","","","","","","Transportation & service corridors","","","",""
"991","Journal Article","L. Quaglietta; M. Porto; A. T. Ford",2019,"Simulating animal movements to predict wildlife-vehicle collisions: illustrating an application of the novel R package SiMRiv","Portugal","Europe & Central Asia","Europe & Central Asia","Lutra lutra","","","","","","Roads & railroads","","","","","","","","","Transportation & service corridors","","","",""
"992","Journal Article","A. T. Ford; A. P. Clevenger",2019,"Factors affecting the permeability of road mitigation measures to the movement of small mammals","Canada","North America","North America","Martes americana","Mustela nivalis","Mustela frenata","","","","Roads & railroads","","","","","","","","","Transportation & service corridors","","","",""
"993","Journal Article","M. Fabrizio; M. Di Febbraro; M. D'Amico; L. Frate; F. Roscioni; A. Loy",2019,"Habitat suitability vs landscape connectivity determining roadkill risk at a regional scale: a case study on European badger (Meles meles)","Italy","Europe & Central Asia","Europe & Central Asia","Meles meles","","","","","","Roads & railroads","","","","","","","","","Transportation & service corridors","","","",""
"994","Journal Article","M. A. Sawaya; A. P. Clevenger; M. K. Schwartz",2019,"Demographic fragmentation of a protected wolverine population bisected by a major transportation corridor","Canada","North America","North America","Gulo gulo","","","","","","Roads & railroads","","","","","","","","","Transportation & service corridors","","","",""
"995","Otter Bulletin article","Lionel Lafontaine",1993,"Distribution of Lutra lutra in Brittany and First Preventative Measures against Road Traffic","France","Europe & Central Asia","","Lutra lutra","","","","","","Roads & railroads","","","","","","","","","Transportation & service corridors","","","",""
"996","Otter Bulletin article","Olaf Körbel",1994,"Hindering Otter Lutra lutra Road Kills Part 1
","Germany","Europe & Central Asia","","Lutra lutra","","","","","","Roads & railroads","","","","","","","","","Transportation & service corridors","","","",""
"997","Otter Bulletin article","Olaf Körbel",1995,"Hindering Otter Lutra lutra Road Kills Part 2","Germany","Europe & Central Asia","","Lutra lutra","","","","","","Roads & railroads","","","","","","","","","Transportation & service corridors","","","",""
"998","Otter Bulletin article","Aksel Bo Madsen, Hans Henrik Dietz, Per Henriksen and Bjarne Clausen",1999,"Survey of Danish Free Living Otters Lutra lutra - a Consecutive Collection and Necroscopy of Dead Bodies.","Denmark","Europe & Central Asia","","Lutra lutra","","","","","","Roads & railroads","","","","","","","","","Transportation & service corridors","","","",""
"999","Otter Bulletin article","",2002,"Traffic Mortalities of the Otter and Road-Passes: a Database","Europe","Europe & Central Asia","","Lutra lutra","","","","","","Roads & railroads","","","","","","","","","Transportation & service corridors","","","",""
"1000","Otter Bulletin article","Adam Grogan, Rosemary Green and Steve Rushton",2013,"The Impacts of Roads on Eurasian Otters (Lutra lutra)","UK","Europe & Central Asia","","Lutra lutra","","","","","","Roads & railroads","","","","","","","","","Transportation & service corridors","","","",""
"1001","SCC","",1999,"On the status of Martes foina bunites Bate, 1905","Greece","Europe & Central Asia","Europe & Central Asia","Martes foina","","","","","","Roads & railroads","","","","","","","","","Transportation & service corridors","","","",""
"1002","SCC","",2004,"The Stone Marten Martes foina milleri on the Island of Rhodes","Greece","Europe & Central Asia","Europe & Central Asia","Martes foina","","","","","","Roads & railroads","","","","","","","","","Transportation & service corridors","","","",""
"1003","Otter Bulletin article","Oldemar Carvalho-Junior, Alesandra Bez Birolo and Luis C.P. de Macedo-Soares",2010,"Ecological Aspects of Neotropical Otter (Lontra longicaudis) in Peri Lagoon, South Brazil","Brazil","Latin America & Caribbean","","Lontra longicaudis","","","","","","","","","","","","","","","Unspecified (habitat destruction)","","","",""
