estimator;feature_selection;scenario;imbalance;bagging;test_type;sensitivity;accuracy;specificity;precision;f1;tp;fp;tn;fn;sensitivity_sans_trouble;accuracy_sans_trouble;specificity_sans_trouble;precision_sans_trouble;f1_sans_trouble;tp_sans_trouble;fp_sans_trouble;tn_sans_trouble;fn_sans_trouble;sensitivity_trouble_leger;accuracy_trouble_leger;specificity_trouble_leger;precision_trouble_leger;f1_trouble_leger;tp_trouble_leger;fp_trouble_leger;tn_trouble_leger;fn_trouble_leger;sensitivity_trouble_majeur;accuracy_trouble_majeur;specificity_trouble_majeur;precision_trouble_majeur;f1_trouble_majeur;tp_trouble_majeur;fp_trouble_majeur;tn_trouble_majeur;fn_trouble_majeur
svm_rbf;logreg;dem;none;True;ibisc;0.41250000000000003;0.6948555320648344;0.8472906403940886;0.6120268620268621;0.48527419791787607;6.333333333333333;4.333333333333333;24.0;9.0;;;;;;;;;;;;;;;;;;;;;;;;;;;
svm_rbf;logreg;dem;none;True;cfx;0.611111111111111;0.7639182522903454;0.8481116584564861;0.6944444444444445;0.6409704990350151;9.333333333333334;4.333333333333333;24.0;6.0;;;;;;;;;;;;;;;;;;;;;;;;;;;
svm_rbf;logreg;dem;none;True;motricite;0.4763888888888889;0.7327343199436221;0.8694581280788176;0.6971916971916973;0.5492063492063491;7.333333333333333;3.6666666666666665;24.666666666666668;8.0;;;;;;;;;;;;;;;;;;;;;;;;;;;
svm_rbf;logreg;dem;none;True;best;0.6083333333333334;0.7633897110641298;0.8472906403940886;0.683150183150183;0.6434044882320745;9.333333333333334;4.333333333333333;24.0;6.0;;;;;;;;;;;;;;;;;;;;;;;;;;;
svm_rbf;logreg;dem;none;True;all;0.5861111111111111;0.7632135306553911;0.8587848932676518;0.6982323232323232;0.6326361810232778;9.0;4.0;24.333333333333332;6.333333333333333;;;;;;;;;;;;;;;;;;;;;;;;;;;
svm_rbf;kbest;dem;none;True;ibisc;0.5388888888888889;0.7170542635658915;0.8115763546798029;0.5964052287581699;0.5634118967452301;8.333333333333334;5.333333333333333;23.0;7.0;;;;;;;;;;;;;;;;;;;;;;;;;;;
svm_rbf;kbest;dem;none;True;cfx;0.6347222222222223;0.7561663143058492;0.8238916256157635;0.6545751633986928;0.6402777777777778;9.666666666666666;5.0;23.333333333333332;5.666666666666667;;;;;;;;;;;;;;;;;;;;;;;;;;;
svm_rbf;kbest;dem;none;True;motricite;0.4791666666666667;0.7251585623678647;0.8587848932676518;0.6474358974358974;0.5476190476190476;7.333333333333333;4.0;24.333333333333332;8.0;;;;;;;;;;;;;;;;;;;;;;;;;;;
svm_rbf;kbest;dem;none;True;all;0.6958333333333333;0.7861169837914024;0.8349753694581281;0.6958333333333333;0.6958333333333333;10.666666666666666;4.666666666666667;23.666666666666668;4.666666666666667;;;;;;;;;;;;;;;;;;;;;;;;;;;
svm_rbf;seqdel;dem;none;True;all;0.8083333333333332;0.8854827343199437;0.9289819376026273;0.8597222222222222;0.8287762416794675;12.333333333333334;2.0;26.333333333333332;3.0;;;;;;;;;;;;;;;;;;;;;;;;;;;
svm_rbf;no_correlation;dem;none;True;all;0.5416666666666666;0.7256871035940803;0.8238916256157637;0.6422322775263952;0.582020202020202;8.333333333333334;5.0;23.333333333333332;7.0;;;;;;;;;;;;;;;;;;;;;;;;;;;
svm_rbf;none;dem;none;True;all;0.6083333333333334;0.8090204369274137;0.9174876847290641;0.8005050505050505;0.691086691086691;9.333333333333334;2.3333333333333335;26.0;6.0;;;;;;;;;;;;;;;;;;;;;;;;;;;
svm_rbf;logreg;dem;none;False;ibisc;0.6333333333333333;0.7410147991543341;0.8017241379310344;0.6532356532356532;0.6322751322751322;9.666666666666666;5.666666666666667;22.666666666666668;5.666666666666667;;;;;;;;;;;;;;;;;;;;;;;;;;;
svm_rbf;logreg;dem;none;False;cfx;0.5861111111111111;0.7401338971106414;0.8230706075533661;0.6434676434676435;0.613247523703586;9.0;5.0;23.333333333333332;6.333333333333333;;;;;;;;;;;;;;;;;;;;;;;;;;;
svm_rbf;logreg;dem;none;False;motricite;0.4763888888888889;0.7329105003523608;0.8706896551724137;0.6764069264069263;0.5534002229654403;7.333333333333333;3.6666666666666665;24.666666666666668;8.0;;;;;;;;;;;;;;;;;;;;;;;;;;;
svm_rbf;logreg;dem;none;False;best;0.6319444444444445;0.7787174066243834;0.8596059113300493;0.7156862745098039;0.6656746031746031;9.666666666666666;4.0;24.333333333333332;5.666666666666667;;;;;;;;;;;;;;;;;;;;;;;;;;;
svm_rbf;logreg;dem;none;False;all;0.5416666666666666;0.7552854122621565;0.8698686371100165;0.7061457061457062;0.6082375478927203;8.333333333333334;3.6666666666666665;24.666666666666668;7.0;;;;;;;;;;;;;;;;;;;;;;;;;;;
svm_rbf;kbest;dem;none;False;ibisc;0.4986111111111111;0.7325581395348837;0.8583743842364532;0.6583333333333333;0.5606981455508805;7.666666666666667;4.0;24.333333333333332;7.666666666666667;;;;;;;;;;;;;;;;;;;;;;;;;;;
svm_rbf;kbest;dem;none;False;cfx;0.6736111111111112;0.7790697674418605;0.8353858784893268;0.6918767507002802;0.6819923371647509;10.333333333333334;4.666666666666667;23.666666666666668;5.0;;;;;;;;;;;;;;;;;;;;;;;;;;;
svm_rbf;kbest;dem;none;False;motricite;0.5;0.7630373502466526;0.9064039408866994;0.7676767676767676;0.5992402659069325;7.666666666666667;2.6666666666666665;25.666666666666668;7.666666666666667;;;;;;;;;;;;;;;;;;;;;;;;;;;
svm_rbf;kbest;dem;none;False;all;0.6722222222222222;0.7785412262156449;0.8362068965517242;0.6935143288084463;0.6806835637480799;10.333333333333334;4.666666666666667;23.666666666666668;5.0;;;;;;;;;;;;;;;;;;;;;;;;;;;
svm_rbf;seqdel;dem;none;False;all;0.7597222222222223;0.8550035236081749;0.9064039408866994;0.8142857142857144;0.7854406130268199;11.666666666666666;2.6666666666666665;25.666666666666668;3.6666666666666665;;;;;;;;;;;;;;;;;;;;;;;;;;;
svm_rbf;no_correlation;dem;none;False;all;0.6097222222222222;0.740662438336857;0.8123973727422001;0.640491452991453;0.6226671610431344;9.333333333333334;5.333333333333333;23.0;6.0;;;;;;;;;;;;;;;;;;;;;;;;;;;
svm_rbf;none;dem;none;False;all;0.5625;0.7859408033826639;0.9064039408866996;0.7628205128205128;0.641072320982366;8.666666666666666;2.6666666666666665;25.666666666666668;6.666666666666667;;;;;;;;;;;;;;;;;;;;;;;;;;;
svm_rbf;logreg;tb_cog;none;True;ibisc;0.8862068965517241;0.7861169837914024;0.5777777777777778;0.8146884668182842;0.8481762143121987;26.0;6.0;8.333333333333334;3.3333333333333335;;;;;;;;;;;;;;;;;;;;;;;;;;;
svm_rbf;logreg;tb_cog;none;True;cfx;0.8402298850574712;0.7704369274136716;0.6238095238095239;0.8261217948717948;0.8314055414002531;24.666666666666668;5.333333333333333;9.0;4.666666666666667;;;;;;;;;;;;;;;;;;;;;;;;;;;
svm_rbf;logreg;tb_cog;none;True;motricite;0.8528735632183908;0.7639182522903454;0.580952380952381;0.8077060931899641;0.8296276046412733;25.0;6.0;8.333333333333334;4.333333333333333;;;;;;;;;;;;;;;;;;;;;;;;;;;
svm_rbf;logreg;tb_cog;none;True;best;0.8524904214559387;0.8167723749119098;0.7428571428571429;0.8723316912972084;0.8622398583640086;25.0;3.6666666666666665;10.666666666666666;4.333333333333333;;;;;;;;;;;;;;;;;;;;;;;;;;;
svm_rbf;logreg;tb_cog;none;True;all;0.8747126436781608;0.8315715292459478;0.7428571428571429;0.8742731979291118;0.8739762367853503;25.666666666666668;3.6666666666666665;10.666666666666666;3.6666666666666665;;;;;;;;;;;;;;;;;;;;;;;;;;;
svm_rbf;kbest;tb_cog;none;True;ibisc;0.8417624521072797;0.7871740662438337;0.673015873015873;0.8393483910725291;0.8383816293056315;24.666666666666668;4.666666666666667;9.666666666666666;4.666666666666667;;;;;;;;;;;;;;;;;;;;;;;;;;;
svm_rbf;kbest;tb_cog;none;True;cfx;0.8521072796934867;0.7864693446088795;0.6523809523809523;0.8359468339307048;0.8430619559651817;25.0;5.0;9.333333333333334;4.333333333333333;;;;;;;;;;;;;;;;;;;;;;;;;;;
svm_rbf;kbest;tb_cog;none;True;motricite;0.8632183908045977;0.7787174066243834;0.6031746031746031;0.8183457290962362;0.8395979446717319;25.333333333333332;5.666666666666667;8.666666666666666;4.0;;;;;;;;;;;;;;;;;;;;;;;;;;;
svm_rbf;kbest;tb_cog;none;True;all;0.8409961685823754;0.8017970401691333;0.7206349206349206;0.8638658338324635;0.8514894564640184;24.666666666666668;4.0;10.333333333333334;4.666666666666667;;;;;;;;;;;;;;;;;;;;;;;;;;;
svm_rbf;seqdel;tb_cog;none;True;all;0.932183908045977;0.8786116983791402;0.7682539682539682;0.8923611111111112;0.9117915071988336;27.333333333333332;3.3333333333333335;11.0;2.0;;;;;;;;;;;;;;;;;;;;;;;;;;;
svm_rbf;no_correlation;tb_cog;none;True;all;0.8521072796934867;0.7869978858350951;0.653968253968254;0.832443455691509;0.8421113144455834;25.0;5.0;9.333333333333334;4.333333333333333;;;;;;;;;;;;;;;;;;;;;;;;;;;
svm_rbf;none;tb_cog;none;True;all;0.8409961685823754;0.7938689217758985;0.6984126984126985;0.8508483853311439;0.8456735057983943;24.666666666666668;4.333333333333333;10.0;4.666666666666667;;;;;;;;;;;;;;;;;;;;;;;;;;;
svm_rbf;logreg;tb_cog;none;False;ibisc;0.8636015325670497;0.7862931642001411;0.6317460317460317;0.8295051353874884;0.844722918407129;25.333333333333332;5.333333333333333;9.0;4.0;;;;;;;;;;;;;;;;;;;;;;;;;;;
svm_rbf;logreg;tb_cog;none;False;cfx;0.7954022988505747;0.7633897110641298;0.7000000000000001;0.8446147296722009;0.8188790942874427;23.333333333333332;4.333333333333333;10.0;6.0;;;;;;;;;;;;;;;;;;;;;;;;;;;
svm_rbf;logreg;tb_cog;none;False;motricite;0.8973180076628352;0.7933403805496829;0.580952380952381;0.8150252525252526;0.8540454785827604;26.333333333333332;6.0;8.333333333333334;3.0;;;;;;;;;;;;;;;;;;;;;;;;;;;
svm_rbf;logreg;tb_cog;none;False;best;0.7961685823754788;0.7558139534883721;0.6746031746031745;0.8337754199823165;0.8136288998357964;23.333333333333332;4.666666666666667;9.666666666666666;6.0;;;;;;;;;;;;;;;;;;;;;;;;;;;
svm_rbf;logreg;tb_cog;none;False;all;0.8517241379310345;0.7857646229739252;0.6523809523809524;0.8339772727272727;0.8399044205495819;25.0;5.0;9.333333333333334;4.333333333333333;;;;;;;;;;;;;;;;;;;;;;;;;;;
svm_rbf;kbest;tb_cog;none;False;ibisc;0.8632183908045977;0.7936927413671601;0.6492063492063492;0.8375453885257805;0.8488448345439871;25.333333333333332;5.0;9.333333333333334;4.0;;;;;;;;;;;;;;;;;;;;;;;;;;;
svm_rbf;kbest;tb_cog;none;False;cfx;0.7735632183908047;0.7401338971106414;0.6698412698412698;0.8324786324786325;0.8007960965588085;22.666666666666668;4.666666666666667;9.666666666666666;6.666666666666667;;;;;;;;;;;;;;;;;;;;;;;;;;;
svm_rbf;kbest;tb_cog;none;False;motricite;0.875095785440613;0.7935165609584214;0.6301587301587303;0.836306281771968;0.852449886099584;25.666666666666668;5.333333333333333;9.0;3.6666666666666665;;;;;;;;;;;;;;;;;;;;;;;;;;;
svm_rbf;kbest;tb_cog;none;False;all;0.8865900383141763;0.8322762508809021;0.7253968253968255;0.8717269016328156;0.877317610967309;26.0;4.0;10.333333333333334;3.3333333333333335;;;;;;;;;;;;;;;;;;;;;;;;;;;
svm_rbf;seqdel;tb_cog;none;False;all;0.921455938697318;0.8703312191684285;0.7682539682539682;0.8919753086419754;0.9044195187422107;27.0;3.3333333333333335;11.0;2.3333333333333335;;;;;;;;;;;;;;;;;;;;;;;;;;;
svm_rbf;no_correlation;tb_cog;none;False;all;0.8743295019157088;0.7706131078224101;0.5571428571428572;0.8020202020202021;0.8362999412753377;25.666666666666668;6.333333333333333;8.0;3.6666666666666665;;;;;;;;;;;;;;;;;;;;;;;;;;;
svm_rbf;none;tb_cog;none;False;all;0.8409961685823756;0.8019732205778718;0.7253968253968254;0.8630481055768412;0.8511352411810748;24.666666666666668;4.0;10.333333333333334;4.666666666666667;;;;;;;;;;;;;;;;;;;;;;;;;;;
svm_rbf;kbest;trois_classes;none;True;ibisc;;;;;;;;;;0.8126984126984126;31.666666666666668;0.6835249042145595;0.5795169082125603;0.6689779266911753;11.666666666666666;9.333333333333334;20.0;2.6666666666666665;0.21428571428571427;28.333333333333332;0.8544061302681992;0.4166666666666667;0.2828282828282828;3.0;4.333333333333333;25.333333333333332;11.0;0.6569444444444444;33.0;0.8107553366174057;0.6645021645021645;0.6479352916134524;10.0;5.333333333333333;23.0;5.333333333333333
svm_rbf;kbest;trois_classes;none;True;cfx;;;;;;;;;;0.8619047619047618;32.0;0.6701149425287357;0.5723925197609407;0.6863196424172034;12.333333333333334;9.666666666666666;19.666666666666668;2.0;0.07142857142857142;27.333333333333332;0.8877394636015326;0.20000000000000004;0.15789473684210523;1.0;3.3333333333333335;26.333333333333332;13.0;0.6944444444444443;32.333333333333336;0.7639573070607554;0.6156545209176788;0.6479925303454716;10.666666666666666;6.666666666666667;21.666666666666668;4.666666666666667
svm_rbf;kbest;trois_classes;none;True;motricite;;;;;;;;;;0.7412698412698413;31.0;0.692337164750958;0.5502450980392157;0.6264358772619985;10.666666666666666;9.0;20.333333333333332;3.6666666666666665;0.23809523809523805;27.0;0.7977011494252874;0.3578643578643579;0.26778711484593837;3.3333333333333335;6.0;23.666666666666668;10.666666666666666;0.5027777777777778;29.0;0.7520525451559935;0.5206349206349206;0.5111111111111111;7.666666666666667;7.0;21.333333333333332;7.666666666666667
svm_rbf;kbest;trois_classes;none;True;all;;;;;;;;;;0.8142857142857144;34.333333333333336;0.7720306513409961;0.6364522417153996;0.7144607843137255;11.666666666666666;6.666666666666667;22.666666666666668;2.6666666666666665;0.2619047619047619;28.0;0.8199233716475097;0.41111111111111115;0.3192797540623628;3.6666666666666665;5.333333333333333;24.333333333333332;10.333333333333334;0.6277777777777778;31.333333333333332;0.7647783251231527;0.5875;0.6066202825216108;9.666666666666666;6.666666666666667;21.666666666666668;5.666666666666667
svm_rbf;no_correlation;trois_classes;none;True;all;;;;;;;;;;0.6507936507936507;33.0;0.806896551724138;0.6169871794871794;0.6323377140581442;9.333333333333334;5.666666666666667;23.666666666666668;5.0;0.4523809523809524;29.666666666666668;0.7877394636015326;0.525;0.48162393162393163;6.333333333333333;6.333333333333333;23.333333333333332;7.666666666666667;0.7152777777777777;34.333333333333336;0.8230706075533663;0.6855865153078775;0.6951499118165785;11.0;5.0;23.333333333333332;4.333333333333333
svm_rbf;none;trois_classes;none;True;all;;;;;;;;;;0.7936507936507936;35.0;0.8068965517241379;0.6708437761069339;0.7223092998955067;11.333333333333334;5.666666666666667;23.666666666666668;3.0;0.21428571428571427;28.666666666666668;0.8655172413793104;0.43452380952380953;0.2861471861471861;3.0;4.0;25.666666666666668;11.0;0.7833333333333333;32.666666666666664;0.7298850574712644;0.6111997164628744;0.685027885027885;12.0;7.666666666666667;20.666666666666668;3.3333333333333335
svm_rbf;kbest;trois_classes;none;False;ibisc;;;;;;;;;;0.8142857142857144;31.666666666666668;0.6819923371647509;0.5550724637681159;0.6588840941782118;11.666666666666666;9.333333333333334;20.0;2.6666666666666665;0.2380952380952381;28.666666666666668;0.8544061302681992;0.44285714285714284;0.30634920634920637;3.3333333333333335;4.333333333333333;25.333333333333332;10.666666666666666;0.6305555555555555;32.666666666666664;0.8123973727422001;0.6484593837535014;0.6374521072796934;9.666666666666666;5.333333333333333;23.0;5.666666666666667
svm_rbf;kbest;trois_classes;none;False;cfx;;;;;;;;;;0.7936507936507936;31.333333333333332;0.6812260536398466;0.5454545454545454;0.6458138811079988;11.333333333333334;9.333333333333334;20.0;3.0;0.07142857142857142;27.666666666666668;0.8992337164750958;0.20634920634920637;0.15406162464985995;1.0;3.0;26.666666666666668;13.0;0.6930555555555555;30.666666666666668;0.7064860426929392;0.5558012678755713;0.6156746031746031;10.666666666666666;8.333333333333334;20.0;4.666666666666667
svm_rbf;kbest;trois_classes;none;False;motricite;;;;;;;;;;0.7444444444444445;31.0;0.6927203065134099;0.5430242272347535;0.6279461279461279;10.666666666666666;9.0;20.333333333333332;3.6666666666666665;0.3333333333333333;29.666666666666668;0.842911877394636;0.5056980056980057;0.3930756843800322;4.666666666666667;4.666666666666667;25.0;9.333333333333334;0.5236111111111111;29.666666666666668;0.7655993431855501;0.5513071895424836;0.5333333333333333;8.0;6.666666666666667;21.666666666666668;7.333333333333333
svm_rbf;kbest;trois_classes;none;False;all;;;;;;;;;;0.8142857142857142;34.333333333333336;0.7720306513409962;0.6389978213507626;0.7158026113671275;11.666666666666666;6.666666666666667;22.666666666666668;2.6666666666666665;0.2857142857142857;30.333333333333332;0.8881226053639847;0.5555555555555555;0.37222222222222223;4.0;3.3333333333333335;26.333333333333332;10.0;0.7833333333333333;34.333333333333336;0.7877668308702792;0.6690173145281504;0.7207367795603089;12.0;6.0;22.333333333333332;3.3333333333333335
svm_rbf;no_correlation;trois_classes;none;False;all;;;;;;;;;;0.7190476190476192;34.666666666666664;0.8302681992337165;0.6792043740573153;0.6969135802469136;10.333333333333334;5.0;24.333333333333332;4.0;0.35714285714285715;29.333333333333332;0.8199233716475097;0.48821548821548827;0.4115942028985507;5.0;5.333333333333333;24.333333333333332;9.0;0.826388888888889;35.666666666666664;0.8115763546798029;0.7061690173145282;0.7605466428995841;12.666666666666666;5.333333333333333;23.0;2.6666666666666665
svm_rbf;none;trois_classes;none;False;all;;;;;;;;;;0.7714285714285714;35.333333333333336;0.828735632183908;0.6888888888888888;0.7258620689655172;11.0;5.0;24.333333333333332;3.3333333333333335;0.16666666666666666;27.666666666666668;0.8540229885057471;0.35555555555555557;0.22379862700228834;2.3333333333333335;4.333333333333333;25.333333333333332;11.666666666666666;0.8013888888888889;32.0;0.6941707717569786;0.5846491228070175;0.6752100840336134;12.333333333333334;8.666666666666666;19.666666666666668;3.0
tree;logreg;dem;none;True;ibisc;0.6291666666666665;0.710183227625088;0.7536945812807883;0.5906432748538011;0.6031331050938894;9.666666666666666;7.0;21.333333333333332;5.666666666666667;;;;;;;;;;;;;;;;;;;;;;;;;;;
tree;logreg;dem;none;True;cfx;0.65;0.7255109231853418;0.7672413793103449;0.6337995337995338;0.6345123925769087;10.0;6.666666666666667;21.666666666666668;5.333333333333333;;;;;;;;;;;;;;;;;;;;;;;;;;;
tree;logreg;dem;none;True;motricite;0.4777777777777778;0.6872797744890767;0.7992610837438422;0.5717948717948719;0.5171428571428571;7.333333333333333;5.666666666666667;22.666666666666668;8.0;;;;;;;;;;;;;;;;;;;;;;;;;;;
tree;logreg;dem;none;True;best;0.5013888888888889;0.7404862579281183;0.870279146141215;0.6809523809523809;0.5730503978779841;7.666666666666667;3.6666666666666665;24.666666666666668;7.666666666666667;;;;;;;;;;;;;;;;;;;;;;;;;;;
tree;logreg;dem;none;True;all;0.6305555555555555;0.7785412262156447;0.8583743842364532;0.7145207733443028;0.6641799292661362;9.666666666666666;4.0;24.333333333333332;5.666666666666667;;;;;;;;;;;;;;;;;;;;;;;;;;;
tree;kbest;dem;none;True;ibisc;0.6263888888888888;0.7174066243833686;0.763136288998358;0.6134559884559885;0.6057029177718832;9.666666666666666;6.666666666666667;21.666666666666668;5.666666666666667;;;;;;;;;;;;;;;;;;;;;;;;;;;
tree;kbest;dem;none;True;cfx;0.6333333333333333;0.7482381959126144;0.8119868637110016;0.6430367018602312;0.6352969348659004;9.666666666666666;5.333333333333333;23.0;5.666666666666667;;;;;;;;;;;;;;;;;;;;;;;;;;;
tree;kbest;dem;none;True;motricite;0.5472222222222222;0.7256871035940803;0.8243021346469622;0.6255952380952382;0.5772795984141924;8.333333333333334;5.0;23.333333333333332;7.0;;;;;;;;;;;;;;;;;;;;;;;;;;;
tree;kbest;dem;none;True;all;0.6097222222222222;0.7478858350951375;0.8238916256157635;0.6486291486291487;0.6219114219114218;9.333333333333334;5.0;23.333333333333332;6.0;;;;;;;;;;;;;;;;;;;;;;;;;;;
tree;seqdel;dem;none;True;all;0.5625;0.7552854122621565;0.8587848932676518;0.6785714285714285;0.6148148148148148;8.666666666666666;4.0;24.333333333333332;6.666666666666667;;;;;;;;;;;;;;;;;;;;;;;;;;;
tree;no_correlation;dem;none;True;all;0.48055555555555557;0.6793516560958421;0.7889983579638752;0.5559577677224735;0.5080128205128206;7.333333333333333;6.0;22.333333333333332;8.0;;;;;;;;;;;;;;;;;;;;;;;;;;;
tree;none;dem;none;True;all;0.6277777777777778;0.7632135306553911;0.8341543513957307;0.7015873015873014;0.6497964631297964;9.666666666666666;4.666666666666667;23.666666666666668;5.666666666666667;;;;;;;;;;;;;;;;;;;;;;;;;;;
tree;logreg;dem;none;False;ibisc;0.5666666666666665;0.7181113460183228;0.8017241379310346;0.6286676286676287;0.5890320832849568;8.666666666666666;5.666666666666667;22.666666666666668;6.666666666666667;;;;;;;;;;;;;;;;;;;;;;;;;;;
tree;logreg;dem;none;False;cfx;0.5652777777777778;0.6793516560958421;0.7405582922824303;0.5434173669467787;0.5532262277951933;8.666666666666666;7.333333333333333;21.0;6.666666666666667;;;;;;;;;;;;;;;;;;;;;;;;;;;
tree;logreg;dem;none;False;motricite;0.563888888888889;0.6798801973220577;0.740968801313629;0.5476190476190476;0.5530012771392082;8.666666666666666;7.333333333333333;21.0;6.666666666666667;;;;;;;;;;;;;;;;;;;;;;;;;;;
tree;logreg;dem;none;False;best;0.6097222222222222;0.7323819591261452;0.8000821018062397;0.6242332830568125;0.6138409961685823;9.333333333333334;5.666666666666667;22.666666666666668;6.0;;;;;;;;;;;;;;;;;;;;;;;;;;;
tree;logreg;dem;none;False;all;0.5652777777777778;0.6874559548978154;0.7528735632183908;0.5676169590643275;0.5625078227228765;8.666666666666666;7.0;21.333333333333332;6.666666666666667;;;;;;;;;;;;;;;;;;;;;;;;;;;
tree;kbest;dem;none;False;ibisc;0.5041666666666668;0.6869274136715996;0.7877668308702791;0.5475427350427351;0.522273425499232;7.666666666666667;6.0;22.333333333333332;7.666666666666667;;;;;;;;;;;;;;;;;;;;;;;;;;;
tree;kbest;dem;none;False;cfx;0.5041666666666667;0.6946793516560957;0.8004926108374383;0.5717398070339247;0.5255747126436782;7.666666666666667;5.666666666666667;22.666666666666668;7.666666666666667;;;;;;;;;;;;;;;;;;;;;;;;;;;
tree;kbest;dem;none;False;motricite;0.5625;0.7098308668076111;0.7881773399014778;0.5886243386243386;0.572433826659655;8.666666666666666;6.0;22.333333333333332;6.666666666666667;;;;;;;;;;;;;;;;;;;;;;;;;;;
tree;kbest;dem;none;False;all;0.5208333333333334;0.6724806201550387;0.7549261083743842;0.6050420168067226;0.5303030303030303;8.0;7.0;21.333333333333332;7.333333333333333;;;;;;;;;;;;;;;;;;;;;;;;;;;
tree;seqdel;dem;none;False;all;0.5861111111111111;0.7561663143058492;0.8477011494252874;0.6854256854256855;0.6297310401871025;9.0;4.333333333333333;24.0;6.333333333333333;;;;;;;;;;;;;;;;;;;;;;;;;;;
tree;no_correlation;dem;none;False;all;0.5666666666666668;0.6486962649753347;0.6945812807881774;0.49682539682539684;0.525925925925926;8.666666666666666;8.666666666666666;19.666666666666668;6.666666666666667;;;;;;;;;;;;;;;;;;;;;;;;;;;
tree;none;dem;none;False;all;0.65;0.7322057787174066;0.7766830870279146;0.6208333333333333;0.6334310850439883;10.0;6.333333333333333;22.0;5.333333333333333;;;;;;;;;;;;;;;;;;;;;;;;;;;
tree;logreg;tb_cog;none;True;ibisc;0.8524904214559387;0.7478858350951375;0.5365079365079365;0.7903278775358865;0.818841859807801;25.0;6.666666666666667;7.666666666666667;4.333333333333333;;;;;;;;;;;;;;;;;;;;;;;;;;;
tree;logreg;tb_cog;none;True;cfx;0.875095785440613;0.7635658914728682;0.5412698412698412;0.8009009009009009;0.8340010272213663;25.666666666666668;6.666666666666667;7.666666666666667;3.6666666666666665;;;;;;;;;;;;;;;;;;;;;;;;;;;
tree;logreg;tb_cog;none;True;motricite;0.8743295019157088;0.7935165609584214;0.626984126984127;0.8272727272727273;0.8499686126804771;25.666666666666668;5.333333333333333;9.0;3.6666666666666665;;;;;;;;;;;;;;;;;;;;;;;;;;;
tree;logreg;tb_cog;none;True;best;0.8628352490421456;0.7477096546863988;0.5111111111111111;0.782638888888889;0.8202905365450518;25.333333333333332;7.0;7.333333333333333;4.0;;;;;;;;;;;;;;;;;;;;;;;;;;;
tree;logreg;tb_cog;none;True;all;0.8187739463601532;0.7709654686398872;0.6746031746031745;0.8375904640272456;0.8273537926249482;24.0;4.666666666666667;9.666666666666666;5.333333333333333;;;;;;;;;;;;;;;;;;;;;;;;;;;
tree;kbest;tb_cog;none;True;ibisc;0.8528735632183908;0.7632135306553911;0.5841269841269842;0.8151195210018739;0.829663765147636;25.0;6.0;8.333333333333334;4.333333333333333;;;;;;;;;;;;;;;;;;;;;;;;;;;
tree;kbest;tb_cog;none;True;cfx;0.875095785440613;0.8014446793516562;0.6507936507936508;0.8375;0.8555277700595845;25.666666666666668;5.0;9.333333333333334;3.6666666666666665;;;;;;;;;;;;;;;;;;;;;;;;;;;
tree;kbest;tb_cog;none;True;motricite;0.8061302681992336;0.7253347427766034;0.5555555555555555;0.7930335097001763;0.7975772765246449;23.666666666666668;6.333333333333333;8.0;5.666666666666667;;;;;;;;;;;;;;;;;;;;;;;;;;;
tree;kbest;tb_cog;none;True;all;0.8291187739463601;0.7484143763213531;0.5825396825396826;0.8005083514887437;0.8126984126984128;24.333333333333332;6.0;8.333333333333334;5.0;;;;;;;;;;;;;;;;;;;;;;;;;;;
tree;seqdel;tb_cog;none;True;all;0.8758620689655173;0.8090204369274137;0.673015873015873;0.8468701996927802;0.860015074429998;25.666666666666668;4.666666666666667;9.666666666666666;3.6666666666666665;;;;;;;;;;;;;;;;;;;;;;;;;;;
tree;no_correlation;tb_cog;none;True;all;0.8521072796934867;0.7253347427766034;0.4619047619047619;0.7668888244953154;0.8061667578908959;25.0;7.666666666666667;6.666666666666667;4.333333333333333;;;;;;;;;;;;;;;;;;;;;;;;;;;
tree;none;tb_cog;none;True;all;0.8636015325670497;0.755461592670895;0.5349206349206349;0.7915241120886282;0.8258064516129032;25.333333333333332;6.666666666666667;7.666666666666667;4.0;;;;;;;;;;;;;;;;;;;;;;;;;;;
tree;logreg;tb_cog;none;False;ibisc;0.8080459770114943;0.6948555320648344;0.4698412698412699;0.7615295195940357;0.7792929292929293;23.666666666666668;7.666666666666667;6.666666666666667;5.666666666666667;;;;;;;;;;;;;;;;;;;;;;;;;;;
tree;logreg;tb_cog;none;False;cfx;0.7176245210727968;0.656448202959831;0.5333333333333333;0.7615269070010449;0.7336826542592512;21.0;6.666666666666667;7.666666666666667;8.333333333333334;;;;;;;;;;;;;;;;;;;;;;;;;;;
tree;logreg;tb_cog;none;False;motricite;0.703448275862069;0.594785059901339;0.3698412698412698;0.695679012345679;0.6989442578562316;20.666666666666668;9.0;5.333333333333333;8.666666666666666;;;;;;;;;;;;;;;;;;;;;;;;;;;
tree;logreg;tb_cog;none;False;best;0.7613026819923373;0.6867512332628612;0.5333333333333333;0.7707170224411604;0.7657845177916544;22.333333333333332;6.666666666666667;7.666666666666667;7.0;;;;;;;;;;;;;;;;;;;;;;;;;;;
tree;logreg;tb_cog;none;False;all;0.806896551724138;0.7256871035940803;0.5539682539682539;0.7924836601307189;0.7953511288873432;23.666666666666668;6.333333333333333;8.0;5.666666666666667;;;;;;;;;;;;;;;;;;;;;;;;;;;
tree;kbest;tb_cog;none;False;ibisc;0.7720306513409962;0.6564482029598309;0.41904761904761906;0.7340888278388279;0.750200619053078;22.666666666666668;8.333333333333334;6.0;6.666666666666667;;;;;;;;;;;;;;;;;;;;;;;;;;;
tree;kbest;tb_cog;none;False;cfx;0.750191570881226;0.6560958421423538;0.46349206349206346;0.7417624521072798;0.7457627118644067;22.0;7.666666666666667;6.666666666666667;7.333333333333333;;;;;;;;;;;;;;;;;;;;;;;;;;;
tree;kbest;tb_cog;none;False;motricite;0.7264367816091953;0.6714235377026073;0.5587301587301587;0.77;0.7468486029889538;21.333333333333332;6.333333333333333;8.0;8.0;;;;;;;;;;;;;;;;;;;;;;;;;;;
tree;kbest;tb_cog;none;False;all;0.7287356321839081;0.6714235377026073;0.5634920634920636;0.7792108730323833;0.740145426712591;21.333333333333332;6.333333333333333;8.0;8.0;;;;;;;;;;;;;;;;;;;;;;;;;;;
tree;seqdel;tb_cog;none;False;all;0.7260536398467433;0.6707188160676533;0.5523809523809524;0.7807103290974259;0.7483660130718954;21.333333333333332;6.333333333333333;8.0;8.0;;;;;;;;;;;;;;;;;;;;;;;;;;;
tree;no_correlation;tb_cog;none;False;all;0.7724137931034484;0.6488724453840733;0.3952380952380952;0.7234278266536331;0.7470002690341673;22.666666666666668;8.666666666666666;5.666666666666667;6.666666666666667;;;;;;;;;;;;;;;;;;;;;;;;;;;
tree;none;tb_cog;none;False;all;0.7402298850574712;0.7019027484143763;0.6285714285714286;0.8329952670723463;0.768336070060208;21.666666666666668;5.333333333333333;9.0;7.666666666666667;;;;;;;;;;;;;;;;;;;;;;;;;;;
tree;kbest;trois_classes;none;True;ibisc;;;;;;;;;;0.8603174603174604;31.333333333333332;0.6478927203065133;0.5435645272601795;0.6656641604010024;12.333333333333334;10.333333333333334;19.0;2.0;0.2619047619047619;29.666666666666668;0.8754789272030652;0.5194444444444445;0.34373483114901876;3.6666666666666665;3.6666666666666665;26.0;10.333333333333334;0.6291666666666665;34.0;0.8583743842364532;0.705982905982906;0.6651305683563749;9.666666666666666;4.0;24.333333333333332;5.666666666666667
tree;kbest;trois_classes;none;True;cfx;;;;;;;;;;0.6222222222222222;29.666666666666668;0.7042145593869731;0.5568326947637292;0.5386363636363637;9.0;8.666666666666666;20.666666666666668;5.333333333333333;0.23809523809523805;22.333333333333332;0.6371647509578544;0.22646464646464645;0.21589743589743585;3.3333333333333335;10.666666666666666;19.0;10.666666666666666;0.45416666666666666;30.333333333333332;0.8222495894909688;0.5981481481481482;0.5114496216646754;7.0;5.0;23.333333333333332;8.333333333333334
tree;kbest;trois_classes;none;True;motricite;;;;;;;;;;0.4873015873015873;28.0;0.7157088122605364;0.43664717348927873;0.452152600170503;7.0;8.333333333333334;21.0;7.333333333333333;0.19047619047619047;24.333333333333332;0.7302681992337164;0.24579124579124578;0.21386845039018954;2.6666666666666665;8.0;21.666666666666668;11.333333333333334;0.5875;28.666666666666668;0.6941707717569786;0.5125000000000001;0.5422842197035745;9.0;8.666666666666666;19.666666666666668;6.333333333333333
tree;kbest;trois_classes;none;True;all;;;;;;;;;;0.5539682539682539;29.333333333333332;0.7260536398467433;0.5040404040404041;0.5191177384280833;8.0;8.0;21.333333333333332;6.333333333333333;0.38095238095238093;28.666666666666668;0.7869731800766283;0.4481481481481482;0.4048309178743961;5.333333333333333;6.333333333333333;23.333333333333332;8.666666666666666;0.6513888888888889;32.333333333333336;0.7865353037766831;0.6513587891296869;0.6456063907044299;10.0;6.0;22.333333333333332;5.333333333333333
tree;no_correlation;trois_classes;none;True;all;;;;;;;;;;0.6492063492063492;32.666666666666664;0.7950191570881225;0.6064814814814815;0.6239316239316239;9.333333333333334;6.0;23.333333333333332;5.0;0.30952380952380953;26.666666666666668;0.7524904214559386;0.36752136752136755;0.333870101986044;4.333333333333333;7.333333333333333;22.333333333333332;9.666666666666666;0.6305555555555555;31.0;0.7520525451559935;0.5773993808049536;0.6013957307060757;9.666666666666666;7.0;21.333333333333332;5.666666666666667
tree;none;trois_classes;none;True;all;;;;;;;;;;0.6698412698412698;34.333333333333336;0.8402298850574713;0.6736411736411737;0.6664357864357864;9.666666666666666;4.666666666666667;24.666666666666668;4.666666666666667;0.35714285714285715;27.333333333333332;0.7524904214559386;0.4363283775048481;0.3794731751720999;5.0;7.333333333333333;22.333333333333332;9.0;0.6986111111111111;32.666666666666664;0.7766830870279146;0.6271929824561403;0.659353257432005;10.666666666666666;6.333333333333333;22.0;4.666666666666667
tree;kbest;trois_classes;none;False;ibisc;;;;;;;;;;0.8142857142857142;31.0;0.6590038314176245;0.5390645586297761;0.6484348125214998;11.666666666666666;10.0;19.333333333333332;2.6666666666666665;0.16666666666666666;25.666666666666668;0.7881226053639847;0.19813519813519812;0.27111111111111114;2.3333333333333335;6.333333333333333;23.333333333333332;11.666666666666666;0.5458333333333333;31.666666666666668;0.8218390804597702;0.6783910533910533;0.5794417606011808;8.333333333333334;5.0;23.333333333333332;7.0
tree;kbest;trois_classes;none;False;cfx;;;;;;;;;;0.9063492063492063;31.333333333333332;0.6245210727969348;0.5418609168609168;0.6779346740835829;13.0;11.0;18.333333333333332;1.3333333333333333;0.14285714285714285;26.333333333333332;0.821072796934866;0.28611111111111115;0.18743499063865196;2.0;5.333333333333333;24.333333333333332;12.0;0.4986111111111111;31.333333333333332;0.8345648604269295;0.626984126984127;0.5505747126436781;7.666666666666667;4.666666666666667;23.666666666666668;7.666666666666667
tree;kbest;trois_classes;none;False;motricite;;;;;;;;;;0.3984126984126984;25.666666666666668;0.6823754789272031;0.37407407407407406;0.38252979991485736;5.666666666666667;9.333333333333334;20.0;8.666666666666666;0.3333333333333333;23.0;0.6195402298850575;0.3046398046398046;0.3148148148148148;4.666666666666667;11.333333333333334;18.333333333333332;9.333333333333334;0.45694444444444443;29.666666666666668;0.7996715927750411;0.554040404040404;0.4982905982905983;7.0;5.666666666666667;22.666666666666668;8.333333333333334
tree;kbest;trois_classes;none;False;all;;;;;;;;;;0.4619047619047619;26.0;0.6590038314176245;0.39444444444444443;0.42430213464696226;6.666666666666667;10.0;19.333333333333332;7.666666666666667;0.35714285714285715;26.333333333333332;0.7199233716475096;0.35584415584415585;0.3554679802955665;5.0;8.333333333333334;21.333333333333332;9.0;0.5222222222222221;30.666666666666668;0.7988505747126436;0.588034188034188;0.5529953917050692;8.0;5.666666666666667;22.666666666666668;7.333333333333333
tree;no_correlation;trois_classes;none;False;all;;;;;;;;;;0.6063492063492063;32.0;0.7954022988505747;0.5972222222222222;0.5993934381031155;8.666666666666666;6.0;23.333333333333332;5.666666666666667;0.4523809523809524;28.0;0.7306513409961685;0.44253663003663;0.44656084656084655;6.333333333333333;8.0;21.666666666666668;7.666666666666667;0.6319444444444443;33.0;0.8230706075533663;0.6732804232804233;0.6461909737771806;9.666666666666666;5.0;23.333333333333332;5.666666666666667
tree;none;trois_classes;none;False;all;;;;;;;;;;0.5349206349206349;32.0;0.8298850574712645;0.6123876123876123;0.568443901777235;7.666666666666667;5.0;24.333333333333332;6.666666666666667;0.3095238095238095;22.666666666666668;0.6183908045977011;0.2747252747252747;0.2871252204585538;4.333333333333333;11.333333333333334;18.333333333333332;9.666666666666666;0.5847222222222221;31.0;0.7762725779967159;0.5784313725490197;0.5787037037037037;9.0;6.333333333333333;22.0;6.333333333333333
random_forest;logreg;dem;none;True;ibisc;0.5027777777777778;0.6948555320648344;0.8013136288998358;0.5875598086124402;0.5294117647058824;7.666666666666667;5.666666666666667;22.666666666666668;7.666666666666667;;;;;;;;;;;;;;;;;;;;;;;;;;;
random_forest;logreg;dem;none;True;cfx;0.626388888888889;0.7559901338971106;0.8234811165845648;0.6611111111111111;0.6358024691358025;9.666666666666666;5.0;23.333333333333332;5.666666666666667;;;;;;;;;;;;;;;;;;;;;;;;;;;
random_forest;logreg;dem;none;True;motricite;0.4777777777777778;0.7253347427766034;0.8591954022988505;0.65;0.5499823633156966;7.333333333333333;4.0;24.333333333333332;8.0;;;;;;;;;;;;;;;;;;;;;;;;;;;
random_forest;logreg;dem;none;True;best;0.5666666666666665;0.7787174066243834;0.8940886699507389;0.7471861471861473;0.6401414677276747;8.666666666666666;3.0;25.333333333333332;6.666666666666667;;;;;;;;;;;;;;;;;;;;;;;;;;;
random_forest;logreg;dem;none;True;all;0.6069444444444444;0.7704369274136716;0.8583743842364532;0.6952991452991454;0.6474938840530239;9.333333333333334;4.0;24.333333333333332;6.0;;;;;;;;;;;;;;;;;;;;;;;;;;;
random_forest;kbest;dem;none;True;ibisc;0.5916666666666667;0.7177589852008457;0.7898193760262725;0.6183261183261183;0.5831127679403542;9.0;6.0;22.333333333333332;6.333333333333333;;;;;;;;;;;;;;;;;;;;;;;;;;;
random_forest;kbest;dem;none;True;cfx;0.6527777777777778;0.7864693446088795;0.8587848932676518;0.7255050505050505;0.6835470085470087;10.0;4.0;24.333333333333332;5.333333333333333;;;;;;;;;;;;;;;;;;;;;;;;;;;
random_forest;kbest;dem;none;True;motricite;0.5666666666666665;0.7711416490486257;0.882183908045977;0.722943722943723;0.6325441267970003;8.666666666666666;3.3333333333333335;25.0;6.666666666666667;;;;;;;;;;;;;;;;;;;;;;;;;;;
random_forest;kbest;dem;none;True;all;0.6277777777777778;0.786645525017618;0.8727422003284073;0.7645550527903469;0.6825287356321837;9.666666666666666;3.6666666666666665;24.666666666666668;5.666666666666667;;;;;;;;;;;;;;;;;;;;;;;;;;;
random_forest;seqdel;dem;none;True;all;0.6111111111111112;0.7403100775193798;0.8111658456486043;0.6459739091318039;0.6204481792717087;9.333333333333334;5.333333333333333;23.0;6.0;;;;;;;;;;;;;;;;;;;;;;;;;;;
random_forest;no_correlation;dem;none;True;all;0.5180555555555555;0.7549330514446794;0.882183908045977;0.6911421911421911;0.5913351016799293;8.0;3.3333333333333335;25.0;7.333333333333333;;;;;;;;;;;;;;;;;;;;;;;;;;;
random_forest;none;dem;none;True;all;0.5416666666666666;0.7558139534883721;0.8706896551724137;0.6926406926406926;0.6068376068376068;8.333333333333334;3.6666666666666665;24.666666666666668;7.0;;;;;;;;;;;;;;;;;;;;;;;;;;;
random_forest;logreg;dem;none;False;ibisc;0.525;0.6952078928823114;0.7885878489326764;0.5643724696356275;0.5319974143503555;8.0;6.0;22.333333333333332;7.333333333333333;;;;;;;;;;;;;;;;;;;;;;;;;;;
random_forest;logreg;dem;none;False;cfx;0.5416666666666666;0.7323819591261452;0.8345648604269295;0.6401515151515151;0.5844017094017094;8.333333333333334;4.666666666666667;23.666666666666668;7.0;;;;;;;;;;;;;;;;;;;;;;;;;;;
random_forest;logreg;dem;none;False;motricite;0.5013888888888889;0.755461592670895;0.894088669950739;0.7392191142191141;0.5900488400488401;7.666666666666667;3.0;25.333333333333332;7.666666666666667;;;;;;;;;;;;;;;;;;;;;;;;;;;
random_forest;logreg;dem;none;False;best;0.6124999999999999;0.7787174066243834;0.8694581280788177;0.7462962962962963;0.6493284493284494;9.333333333333334;3.6666666666666665;24.666666666666668;6.0;;;;;;;;;;;;;;;;;;;;;;;;;;;
random_forest;logreg;dem;none;False;all;0.5444444444444444;0.7170542635658915;0.8107553366174057;0.6313131313131314;0.5774225774225774;8.333333333333334;5.333333333333333;23.0;7.0;;;;;;;;;;;;;;;;;;;;;;;;;;;
random_forest;kbest;dem;none;False;ibisc;0.5444444444444444;0.7096546863988724;0.8000821018062396;0.5879806468041763;0.5607905982905983;8.333333333333334;5.666666666666667;22.666666666666668;7.0;;;;;;;;;;;;;;;;;;;;;;;;;;;
random_forest;kbest;dem;none;False;cfx;0.6319444444444443;0.7780126849894291;0.8579638752052546;0.7356902356902357;0.6711560044893378;9.666666666666666;4.0;24.333333333333332;5.666666666666667;;;;;;;;;;;;;;;;;;;;;;;;;;;
random_forest;kbest;dem;none;False;motricite;0.5430555555555556;0.7105355884425651;0.8000821018062397;0.6059577677224736;0.5707070707070706;8.333333333333334;5.666666666666667;22.666666666666668;7.0;;;;;;;;;;;;;;;;;;;;;;;;;;;
random_forest;kbest;dem;none;False;all;0.6291666666666665;0.7558139534883721;0.8226600985221676;0.6821678321678322;0.646927146927147;9.666666666666666;5.0;23.333333333333332;5.666666666666667;;;;;;;;;;;;;;;;;;;;;;;;;;;
random_forest;seqdel;dem;none;False;all;0.6305555555555555;0.7556377730796336;0.8234811165845648;0.6597222222222222;0.6424233373158105;9.666666666666666;5.0;23.333333333333332;5.666666666666667;;;;;;;;;;;;;;;;;;;;;;;;;;;
random_forest;no_correlation;dem;none;False;all;0.5208333333333334;0.7558139534883721;0.8813628899835796;0.734090909090909;0.601575142949617;8.0;3.3333333333333335;25.0;7.333333333333333;;;;;;;;;;;;;;;;;;;;;;;;;;;
random_forest;none;dem;none;False;all;0.6333333333333333;0.7713178294573644;0.8464696223316913;0.6960927960927962;0.663011812066317;9.666666666666666;4.333333333333333;24.0;5.666666666666667;;;;;;;;;;;;;;;;;;;;;;;;;;;
random_forest;logreg;tb_cog;none;True;ibisc;0.8747126436781608;0.7713178294573644;0.5619047619047619;0.808621226268285;0.8377976190476191;25.666666666666668;6.333333333333333;8.0;3.6666666666666665;;;;;;;;;;;;;;;;;;;;;;;;;;;
random_forest;logreg;tb_cog;none;True;cfx;0.8298850574712643;0.740662438336857;0.5603174603174602;0.7950539881574364;0.8113459399332591;24.333333333333332;6.333333333333333;8.0;5.0;;;;;;;;;;;;;;;;;;;;;;;;;;;
random_forest;logreg;tb_cog;none;True;motricite;0.8743295019157088;0.7404862579281183;0.4682539682539682;0.7775467775467776;0.8180009045680686;25.666666666666668;7.666666666666667;6.666666666666667;3.6666666666666665;;;;;;;;;;;;;;;;;;;;;;;;;;;
random_forest;logreg;tb_cog;none;True;best;0.8187739463601532;0.7633897110641298;0.6523809523809524;0.8285934744268078;0.8223303453659586;24.0;5.0;9.333333333333334;5.333333333333333;;;;;;;;;;;;;;;;;;;;;;;;;;;
random_forest;logreg;tb_cog;none;True;all;0.8965517241379309;0.8010923185341791;0.6;0.8269832332332333;0.8574457921166999;26.333333333333332;5.666666666666667;8.666666666666666;3.0;;;;;;;;;;;;;;;;;;;;;;;;;;;
random_forest;kbest;tb_cog;none;True;ibisc;0.8517241379310345;0.7556377730796336;0.5523809523809524;0.8063725490196078;0.8223240203193033;25.0;6.333333333333333;8.0;4.333333333333333;;;;;;;;;;;;;;;;;;;;;;;;;;;
random_forest;kbest;tb_cog;none;True;cfx;0.864750957854406;0.7714940098661028;0.580952380952381;0.8076388888888889;0.8347905282331513;25.333333333333332;6.0;8.333333333333334;4.0;;;;;;;;;;;;;;;;;;;;;;;;;;;
random_forest;kbest;tb_cog;none;True;motricite;0.8176245210727969;0.6869274136715996;0.42063492063492064;0.7481481481481481;0.7762065095398428;24.0;8.333333333333334;6.0;5.333333333333333;;;;;;;;;;;;;;;;;;;;;;;;;;;
random_forest;kbest;tb_cog;none;True;all;0.8754789272030652;0.7940451021846372;0.626984126984127;0.8279569892473119;0.8510018214936248;25.666666666666668;5.333333333333333;9.0;3.6666666666666665;;;;;;;;;;;;;;;;;;;;;;;;;;;
random_forest;seqdel;tb_cog;none;True;all;0.8969348659003832;0.7940451021846372;0.5825396825396826;0.8138248847926267;0.8529914529914531;26.333333333333332;6.0;8.333333333333334;3.0;;;;;;;;;;;;;;;;;;;;;;;;;;;
random_forest;no_correlation;tb_cog;none;True;all;0.864367816091954;0.7478858350951375;0.5126984126984127;0.7839904420549582;0.8205128205128206;25.333333333333332;7.0;7.333333333333333;4.0;;;;;;;;;;;;;;;;;;;;;;;;;;;
random_forest;none;tb_cog;none;True;all;0.886206896551724;0.7787174066243834;0.5603174603174602;0.8054070112893643;0.8433324365527755;26.0;6.333333333333333;8.0;3.3333333333333335;;;;;;;;;;;;;;;;;;;;;;;;;;;
random_forest;logreg;tb_cog;none;False;ibisc;0.8858237547892721;0.7632135306553911;0.5095238095238095;0.7888776200135226;0.8329575596816977;26.0;7.0;7.333333333333333;3.3333333333333335;;;;;;;;;;;;;;;;;;;;;;;;;;;
random_forest;logreg;tb_cog;none;False;cfx;0.7942528735632184;0.7246300211416491;0.5793650793650794;0.7965725806451612;0.7933616676786075;23.333333333333332;6.0;8.333333333333334;6.0;;;;;;;;;;;;;;;;;;;;;;;;;;;
random_forest;logreg;tb_cog;none;False;motricite;0.8291187739463601;0.7401338971106414;0.5634920634920636;0.8005909134941392;0.8084526052357788;24.333333333333332;6.333333333333333;8.0;5.0;;;;;;;;;;;;;;;;;;;;;;;;;;;
random_forest;logreg;tb_cog;none;False;best;0.8076628352490421;0.7783650458069062;0.7174603174603175;0.867124183006536;0.8306878306878307;23.666666666666668;4.0;10.333333333333334;5.666666666666667;;;;;;;;;;;;;;;;;;;;;;;;;;;
random_forest;logreg;tb_cog;none;False;all;0.864750957854406;0.7558139534883721;0.5428571428571428;0.8088172043010754;0.8270970575318403;25.333333333333332;6.666666666666667;7.666666666666667;4.0;;;;;;;;;;;;;;;;;;;;;;;;;;;
random_forest;kbest;tb_cog;none;False;ibisc;0.8524904214559387;0.7556377730796336;0.5587301587301587;0.7986111111111112;0.8242258652094718;25.0;6.333333333333333;8.0;4.333333333333333;;;;;;;;;;;;;;;;;;;;;;;;;;;
random_forest;kbest;tb_cog;none;False;cfx;0.8521072796934867;0.7864693446088795;0.6555555555555556;0.8377104377104377;0.8434203789042498;25.0;5.0;9.333333333333334;4.333333333333333;;;;;;;;;;;;;;;;;;;;;;;;;;;
random_forest;kbest;tb_cog;none;False;motricite;0.8524904214559387;0.7478858350951375;0.5365079365079365;0.7952380952380952;0.8204847371396268;25.0;6.666666666666667;7.666666666666667;4.333333333333333;;;;;;;;;;;;;;;;;;;;;;;;;;;
random_forest;kbest;tb_cog;none;False;all;0.8739463601532567;0.8009161381254404;0.6492063492063491;0.842783000391696;0.8509783993023533;25.666666666666668;5.0;9.333333333333334;3.6666666666666665;;;;;;;;;;;;;;;;;;;;;;;;;;;
random_forest;seqdel;tb_cog;none;False;all;0.886206896551724;0.7940451021846372;0.6031746031746031;0.8240690714550558;0.8531682876510462;26.0;5.666666666666667;8.666666666666666;3.3333333333333335;;;;;;;;;;;;;;;;;;;;;;;;;;;
random_forest;no_correlation;tb_cog;none;False;all;0.8854406130268199;0.7857646229739252;0.5777777777777778;0.8139393564866312;0.84695228143504;26.0;6.0;8.333333333333334;3.3333333333333335;;;;;;;;;;;;;;;;;;;;;;;;;;;
random_forest;none;tb_cog;none;False;all;0.8980842911877395;0.7707892882311488;0.5063492063492063;0.7928435890485227;0.8417989417989418;26.333333333333332;7.0;7.333333333333333;3.0;;;;;;;;;;;;;;;;;;;;;;;;;;;
random_forest;kbest;trois_classes;none;True;ibisc;;;;;;;;;;0.8158730158730158;30.333333333333332;0.6379310344827586;0.5371148459383753;0.6392195767195767;11.666666666666666;10.666666666666666;18.666666666666668;2.6666666666666665;0.07142857142857142;28.0;0.9091954022988505;0.20634920634920637;0.15406162464985995;1.0;2.6666666666666665;27.0;13.0;0.6361111111111111;30.0;0.7196223316912972;0.5586080586080586;0.5791982057751612;9.666666666666666;8.0;20.333333333333332;5.666666666666667
random_forest;kbest;trois_classes;none;True;cfx;;;;;;;;;;0.7904761904761904;31.0;0.671647509578544;0.5489679402722881;0.6448266448266448;11.333333333333334;9.666666666666666;19.666666666666668;3.0;0.16666666666666666;28.0;0.8651340996168582;0.5670995670995671;0.21968253968253967;2.3333333333333335;4.0;25.666666666666668;11.666666666666666;0.6361111111111111;31.333333333333332;0.7664203612479475;0.600952380952381;0.5940760389036251;9.666666666666666;6.666666666666667;21.666666666666668;5.666666666666667
random_forest;kbest;trois_classes;none;True;motricite;;;;;;;;;;0.6047619047619048;29.0;0.693103448275862;0.4920634920634921;0.5395801331285203;8.666666666666666;9.0;20.333333333333332;5.666666666666667;0.26190476190476186;27.333333333333332;0.7980842911877395;0.3674603174603175;0.3028083028083028;3.6666666666666665;6.0;23.666666666666668;10.333333333333334;0.5652777777777778;29.333333333333332;0.729064039408867;0.5319444444444444;0.547796753109846;8.666666666666666;7.666666666666667;20.666666666666668;6.666666666666667
random_forest;kbest;trois_classes;none;True;all;;;;;;;;;;0.7015873015873016;30.666666666666668;0.7045977011494253;0.5325241207594148;0.6035714285714286;10.0;8.666666666666666;20.666666666666668;4.333333333333333;0.23809523809523805;27.666666666666668;0.8195402298850575;0.4545454545454546;0.2876621417797888;3.3333333333333335;5.333333333333333;24.333333333333332;10.666666666666666;0.6916666666666668;33.333333333333336;0.8000821018062396;0.6476190476190475;0.6661558109833972;10.666666666666666;5.666666666666667;22.666666666666668;4.666666666666667
random_forest;no_correlation;trois_classes;none;True;all;;;;;;;;;;0.6984126984126985;32.666666666666664;0.7716475095785441;0.610672514619883;0.6497455084774328;10.0;6.666666666666667;22.666666666666668;4.333333333333333;0.28571428571428575;28.0;0.8084291187739464;0.40740740740740744;0.33373872504307284;4.0;5.666666666666667;24.0;10.0;0.6930555555555555;32.333333333333336;0.7660098522167488;0.6333333333333333;0.6534391534391535;10.666666666666666;6.666666666666667;21.666666666666668;4.666666666666667
random_forest;none;trois_classes;none;True;all;;;;;;;;;;0.6984126984126985;34.0;0.8187739463601532;0.6563958916900093;0.674823878383389;10.0;5.333333333333333;24.0;4.333333333333333;0.3333333333333333;27.666666666666668;0.775095785440613;0.4141414141414141;0.3692307692307692;4.666666666666667;6.666666666666667;23.0;9.333333333333334;0.6972222222222223;32.666666666666664;0.7766830870279146;0.628826969384245;0.6586812144212524;10.666666666666666;6.333333333333333;22.0;4.666666666666667
random_forest;kbest;trois_classes;none;False;ibisc;;;;;;;;;;0.8126984126984128;31.333333333333332;0.6693486590038313;0.5505263157894736;0.6551693404634581;11.666666666666666;9.666666666666666;19.666666666666668;2.6666666666666665;0.07142857142857142;26.666666666666668;0.8639846743295019;0.15277777777777776;0.14545454545454545;1.0;4.0;25.666666666666668;13.0;0.6472222222222221;31.0;0.7401477832512317;0.5773504273504274;0.6015873015873017;10.0;7.333333333333333;21.0;5.333333333333333
random_forest;kbest;trois_classes;none;False;cfx;;;;;;;;;;0.8619047619047618;31.666666666666668;0.6597701149425287;0.5577485380116959;0.673890608875129;12.333333333333334;10.0;19.333333333333332;2.0;0.16666666666666666;26.666666666666668;0.8195402298850576;0.30634920634920637;0.21349206349206348;2.3333333333333335;5.333333333333333;24.333333333333332;11.666666666666666;0.563888888888889;32.0;0.8251231527093598;0.6640211640211641;0.5984848484848485;8.666666666666666;5.0;23.333333333333332;6.666666666666667
random_forest;kbest;trois_classes;none;False;motricite;;;;;;;;;;0.46507936507936504;28.0;0.7279693486590038;0.460042735042735;0.46091954022988507;6.666666666666667;8.0;21.333333333333332;7.666666666666667;0.28571428571428575;25.0;0.7088122605363983;0.3162878787878788;0.29777777777777775;4.0;8.666666666666666;21.0;10.0;0.5680555555555555;29.333333333333332;0.7286535303776683;0.5333333333333333;0.5497474747474748;8.666666666666666;7.666666666666667;20.666666666666668;6.666666666666667
random_forest;kbest;trois_classes;none;False;all;;;;;;;;;;0.7206349206349206;32.666666666666664;0.7628352490421455;0.6101190476190476;0.6569203877324011;10.333333333333334;7.0;22.333333333333332;4.0;0.35714285714285715;29.666666666666668;0.8310344827586208;0.5555555555555556;0.4230769230769231;5.0;5.0;24.666666666666668;9.0;0.7027777777777778;33.333333333333336;0.8009031198686372;0.6439393939393939;0.6584649165294327;10.666666666666666;5.666666666666667;22.666666666666668;4.666666666666667
random_forest;no_correlation;trois_classes;none;False;all;;;;;;;;;;0.653968253968254;30.666666666666668;0.7279693486590038;0.5403050108932462;0.5913978494623656;9.333333333333334;8.0;21.333333333333332;5.0;0.3095238095238095;27.333333333333332;0.7766283524904214;0.41111111111111115;0.3404951370468612;4.333333333333333;6.666666666666667;23.0;9.666666666666666;0.6333333333333333;32.333333333333336;0.7992610837438424;0.6293650793650793;0.6229276895943562;9.666666666666666;5.666666666666667;22.666666666666668;5.666666666666667
random_forest;none;trois_classes;none;False;all;;;;;;;;;;0.6968253968253967;34.0;0.8180076628352491;0.6382451970687265;0.66;10.0;5.333333333333333;24.0;4.333333333333333;0.28571428571428575;24.666666666666668;0.6954022988505747;0.3181818181818182;0.3;4.0;9.0;20.666666666666668;10.0;0.6291666666666668;32.333333333333336;0.7992610837438422;0.6418803418803418;0.6326630358888423;9.666666666666666;5.666666666666667;22.666666666666668;5.666666666666667
xgboost;logreg;dem;none;True;ibisc;0.6527777777777778;0.7478858350951375;0.8009031198686372;0.6493927125506073;0.6455713319810683;10.0;5.666666666666667;22.666666666666668;5.333333333333333;;;;;;;;;;;;;;;;;;;;;;;;;;;
xgboost;logreg;dem;none;True;cfx;0.5194444444444444;0.7709654686398872;0.9059934318555009;0.7424242424242425;0.6098901098901099;8.0;2.6666666666666665;25.666666666666668;7.333333333333333;;;;;;;;;;;;;;;;;;;;;;;;;;;
xgboost;logreg;dem;none;True;motricite;0.4152777777777778;0.7029598308668076;0.8596059113300493;0.6378205128205128;0.4977703455964326;6.333333333333333;4.0;24.333333333333332;9.0;;;;;;;;;;;;;;;;;;;;;;;;;;;
xgboost;logreg;dem;none;True;best;0.49722222222222223;0.7408386187455954;0.8698686371100165;0.6805555555555555;0.5575396825396824;7.666666666666667;3.6666666666666665;24.666666666666668;7.666666666666667;;;;;;;;;;;;;;;;;;;;;;;;;;;
xgboost;logreg;dem;none;True;all;0.4763888888888889;0.7329105003523608;0.8706896551724137;0.6764069264069263;0.5534002229654403;7.333333333333333;3.6666666666666665;24.666666666666668;8.0;;;;;;;;;;;;;;;;;;;;;;;;;;;
xgboost;kbest;dem;none;True;ibisc;0.6083333333333334;0.733262861169838;0.8000821018062396;0.6169871794871794;0.6115591397849462;9.333333333333334;5.666666666666667;22.666666666666668;6.0;;;;;;;;;;;;;;;;;;;;;;;;;;;
xgboost;kbest;dem;none;True;cfx;0.45694444444444443;0.7330866807610993;0.8825944170771757;0.7023809523809524;0.5460157126823794;7.0;3.3333333333333335;25.0;8.333333333333334;;;;;;;;;;;;;;;;;;;;;;;;;;;
xgboost;kbest;dem;none;True;motricite;0.4375;0.6874559548978154;0.8255336617405583;0.6195767195767196;0.49321036451471234;6.666666666666667;5.0;23.333333333333332;8.666666666666666;;;;;;;;;;;;;;;;;;;;;;;;;;;
xgboost;kbest;dem;none;True;all;0.5263888888888889;0.7024312896405919;0.8009031198686372;0.6106442577030813;0.5407608695652174;8.0;5.666666666666667;22.666666666666668;7.333333333333333;;;;;;;;;;;;;;;;;;;;;;;;;;;
xgboost;seqdel;dem;none;True;all;0.5222222222222223;0.7785412262156449;0.9174876847290641;0.7744107744107743;0.622744539411206;8.0;2.3333333333333335;26.0;7.333333333333333;;;;;;;;;;;;;;;;;;;;;;;;;;;
xgboost;no_correlation;dem;none;True;all;0.5236111111111111;0.7563424947145877;0.8825944170771756;0.702020202020202;0.5992402659069326;8.0;3.3333333333333335;25.0;7.333333333333333;;;;;;;;;;;;;;;;;;;;;;;;;;;
xgboost;none;dem;none;True;all;0.49861111111111106;0.7253347427766031;0.8464696223316913;0.6688948306595366;0.5608594304246478;7.666666666666667;4.333333333333333;24.0;7.666666666666667;;;;;;;;;;;;;;;;;;;;;;;;;;;
xgboost;logreg;dem;none;False;ibisc;0.5902777777777778;0.7177589852008457;0.7869458128078818;0.609090909090909;0.5892551892551893;9.0;6.0;22.333333333333332;6.333333333333333;;;;;;;;;;;;;;;;;;;;;;;;;;;
xgboost;logreg;dem;none;False;cfx;0.46249999999999997;0.710183227625088;0.8477011494252874;0.6142857142857143;0.5021346469622331;7.0;4.333333333333333;24.0;8.333333333333334;;;;;;;;;;;;;;;;;;;;;;;;;;;
xgboost;logreg;dem;none;False;motricite;0.5013888888888889;0.7251585623678647;0.8472906403940886;0.6435897435897436;0.5604395604395604;7.666666666666667;4.333333333333333;24.0;7.666666666666667;;;;;;;;;;;;;;;;;;;;;;;;;;;
xgboost;logreg;dem;none;False;best;0.45694444444444443;0.6950317124735729;0.8243021346469622;0.5944444444444444;0.5142528735632185;7.0;5.0;23.333333333333332;8.333333333333334;;;;;;;;;;;;;;;;;;;;;;;;;;;
xgboost;logreg;dem;none;False;all;0.6097222222222222;0.7249823819591262;0.7881773399014778;0.6238095238095238;0.6077175697865353;9.333333333333334;6.0;22.333333333333332;6.0;;;;;;;;;;;;;;;;;;;;;;;;;;;
xgboost;kbest;dem;none;False;ibisc;0.6736111111111112;0.7172304439746299;0.7401477832512317;0.5889705882352941;0.62776284348865;10.333333333333334;7.333333333333333;21.0;5.0;;;;;;;;;;;;;;;;;;;;;;;;;;;
xgboost;kbest;dem;none;False;cfx;0.5458333333333333;0.7639182522903454;0.8830049261083744;0.7162393162393162;0.6168769502102835;8.333333333333334;3.3333333333333335;25.0;7.0;;;;;;;;;;;;;;;;;;;;;;;;;;;
xgboost;kbest;dem;none;False;motricite;0.6347222222222223;0.6871035940803383;0.7188013136288999;0.5535426731078905;0.5792131844763424;9.666666666666666;8.0;20.333333333333332;5.666666666666667;;;;;;;;;;;;;;;;;;;;;;;;;;;
xgboost;kbest;dem;none;False;all;0.6722222222222222;0.7489429175475687;0.7877668308702792;0.6271963330786859;0.6408957033957035;10.333333333333334;6.0;22.333333333333332;5.0;;;;;;;;;;;;;;;;;;;;;;;;;;;
xgboost;seqdel;dem;none;False;all;0.4986111111111111;0.7403100775193798;0.8706896551724137;0.677855477855478;0.5726984126984126;7.666666666666667;3.6666666666666665;24.666666666666668;7.666666666666667;;;;;;;;;;;;;;;;;;;;;;;;;;;
xgboost;no_correlation;dem;none;False;all;0.5208333333333334;0.7091261451726568;0.8111658456486043;0.6043956043956044;0.5591133004926109;8.0;5.333333333333333;23.0;7.333333333333333;;;;;;;;;;;;;;;;;;;;;;;;;;;
xgboost;none;dem;none;False;all;0.6291666666666667;0.7484143763213531;0.8107553366174055;0.648148148148148;0.624777183600713;9.666666666666666;5.333333333333333;23.0;5.666666666666667;;;;;;;;;;;;;;;;;;;;;;;;;;;
xgboost;logreg;tb_cog;none;True;ibisc;0.8513409961685824;0.7632135306553911;0.5793650793650793;0.8071428571428573;0.8273717758106697;25.0;6.0;8.333333333333334;4.333333333333333;;;;;;;;;;;;;;;;;;;;;;;;;;;
xgboost;logreg;tb_cog;none;True;cfx;0.875095785440613;0.7251585623678647;0.41269841269841273;0.7596310596310597;0.8120256767012396;25.666666666666668;8.333333333333334;6.0;3.6666666666666665;;;;;;;;;;;;;;;;;;;;;;;;;;;
xgboost;logreg;tb_cog;none;True;motricite;0.8754789272030651;0.7556377730796336;0.5142857142857143;0.7881944444444445;0.8279248984167017;25.666666666666668;7.0;7.333333333333333;3.6666666666666665;;;;;;;;;;;;;;;;;;;;;;;;;;;
xgboost;logreg;tb_cog;none;True;best;0.8636015325670497;0.748062015503876;0.5126984126984127;0.7837752525252526;0.8216111404900405;25.333333333333332;7.0;7.333333333333333;4.0;;;;;;;;;;;;;;;;;;;;;;;;;;;
xgboost;logreg;tb_cog;none;True;all;0.781992337164751;0.7019027484143763;0.5349206349206349;0.7718423551756884;0.7734487734487735;23.0;6.666666666666667;7.666666666666667;6.333333333333333;;;;;;;;;;;;;;;;;;;;;;;;;;;
xgboost;kbest;tb_cog;none;True;ibisc;0.7961685823754788;0.7094785059901337;0.53015873015873;0.7829131652661064;0.7875435715726097;23.333333333333332;6.666666666666667;7.666666666666667;6.0;;;;;;;;;;;;;;;;;;;;;;;;;;;
xgboost;kbest;tb_cog;none;True;cfx;0.875095785440613;0.7707892882311486;0.5539682539682539;0.8065476190476191;0.8371947237821602;25.666666666666668;6.333333333333333;8.0;3.6666666666666665;;;;;;;;;;;;;;;;;;;;;;;;;;;
xgboost;kbest;tb_cog;none;True;motricite;0.7946360153256705;0.7024312896405919;0.5111111111111111;0.7692697768762677;0.7808151845130067;23.333333333333332;7.0;7.333333333333333;6.0;;;;;;;;;;;;;;;;;;;;;;;;;;;
xgboost;kbest;tb_cog;none;True;all;0.7957854406130268;0.7246300211416491;0.5873015873015873;0.8063201663201663;0.793939393939394;23.333333333333332;6.0;8.333333333333334;6.0;;;;;;;;;;;;;;;;;;;;;;;;;;;
xgboost;seqdel;tb_cog;none;True;all;0.8850574712643677;0.7714940098661028;0.5333333333333333;0.7969195156695156;0.8349370396768828;26.0;6.666666666666667;7.666666666666667;3.3333333333333335;;;;;;;;;;;;;;;;;;;;;;;;;;;
xgboost;no_correlation;tb_cog;none;True;all;0.8291187739463601;0.7487667371388302;0.5825396825396826;0.8053945716217522;0.8161045573704375;24.333333333333332;6.0;8.333333333333334;5.0;;;;;;;;;;;;;;;;;;;;;;;;;;;
xgboost;none;tb_cog;none;True;all;0.8398467432950193;0.7397815362931643;0.5349206349206349;0.7868055555555555;0.8123283946855011;24.666666666666668;6.666666666666667;7.666666666666667;4.666666666666667;;;;;;;;;;;;;;;;;;;;;;;;;;;
xgboost;logreg;tb_cog;none;False;ibisc;0.7149425287356322;0.6636715997181113;0.5634920634920634;0.7797385620915033;0.7334008780817292;21.0;6.333333333333333;8.0;8.333333333333334;;;;;;;;;;;;;;;;;;;;;;;;;;;
xgboost;logreg;tb_cog;none;False;cfx;0.7842911877394636;0.6486962649753347;0.3761904761904762;0.7222955836424992;0.7481678259755089;23.0;9.0;5.333333333333333;6.333333333333333;;;;;;;;;;;;;;;;;;;;;;;;;;;
xgboost;logreg;tb_cog;none;False;motricite;0.8298850574712643;0.7024312896405919;0.446031746031746;0.7562126642771805;0.7897435897435899;24.333333333333332;8.0;6.333333333333333;5.0;;;;;;;;;;;;;;;;;;;;;;;;;;;
xgboost;logreg;tb_cog;none;False;best;0.853639846743295;0.7329105003523608;0.4888888888888889;0.7739495798319327;0.809255838350666;25.0;7.333333333333333;7.0;4.333333333333333;;;;;;;;;;;;;;;;;;;;;;;;;;;
xgboost;logreg;tb_cog;none;False;all;0.8279693486590038;0.7325581395348837;0.5349206349206349;0.7902282588190909;0.802552719200888;24.333333333333332;6.666666666666667;7.666666666666667;5.0;;;;;;;;;;;;;;;;;;;;;;;;;;;
xgboost;kbest;tb_cog;none;False;ibisc;0.8061302681992336;0.7320295983086682;0.5841269841269842;0.797124183006536;0.7985890652557318;23.666666666666668;6.0;8.333333333333334;5.666666666666667;;;;;;;;;;;;;;;;;;;;;;;;;;;
xgboost;kbest;tb_cog;none;False;cfx;0.8743295019157088;0.7713178294573644;0.5571428571428572;0.8012987012987014;0.8348120093451162;25.666666666666668;6.333333333333333;8.0;3.6666666666666665;;;;;;;;;;;;;;;;;;;;;;;;;;;
xgboost;kbest;tb_cog;none;False;motricite;0.7846743295019157;0.6795278365045806;0.4682539682539683;0.7539281705948372;0.7669168514446701;23.0;7.666666666666667;6.666666666666667;6.333333333333333;;;;;;;;;;;;;;;;;;;;;;;;;;;
xgboost;kbest;tb_cog;none;False;all;0.7724137931034484;0.7179351656095841;0.6047619047619047;0.7983405483405482;0.7818470557782581;22.666666666666668;5.666666666666667;8.666666666666666;6.666666666666667;;;;;;;;;;;;;;;;;;;;;;;;;;;
xgboost;seqdel;tb_cog;none;False;all;0.7988505747126436;0.7103594080338267;0.5380952380952381;0.7801701222753854;0.7722087390565279;23.333333333333332;6.666666666666667;7.666666666666667;6.0;;;;;;;;;;;;;;;;;;;;;;;;;;;
xgboost;no_correlation;tb_cog;none;False;all;0.7954022988505747;0.7020789288231147;0.5126984126984127;0.7715686274509803;0.7801103715082208;23.333333333333332;7.0;7.333333333333333;6.0;;;;;;;;;;;;;;;;;;;;;;;;;;;
xgboost;none;tb_cog;none;False;all;0.750191570881226;0.6874559548978154;0.5539682539682539;0.7829761904761904;0.7648242469974219;22.0;6.333333333333333;8.0;7.333333333333333;;;;;;;;;;;;;;;;;;;;;;;;;;;
xgboost;kbest;trois_classes;none;True;ibisc;;;;;;;;;;0.8111111111111112;30.333333333333332;0.6363984674329501;0.5184848484848484;0.6320261437908496;11.666666666666666;10.666666666666666;18.666666666666668;2.6666666666666665;0.2857142857142857;29.333333333333332;0.853639846743295;0.5370370370370371;0.3552582683017465;4.0;4.333333333333333;25.333333333333332;10.0;0.5902777777777777;33.333333333333336;0.8591954022988505;0.6944444444444445;0.6358024691358025;9.0;4.0;24.333333333333332;6.333333333333333
xgboost;kbest;trois_classes;none;True;cfx;;;;;;;;;;0.861904761904762;31.666666666666668;0.6590038314176244;0.5540935672514621;0.6729644624381468;12.333333333333334;10.0;19.333333333333332;2.0;0.14285714285714285;28.666666666666668;0.8980842911877395;0.4063492063492064;0.20797090766131013;2.0;3.0;26.666666666666668;12.0;0.6736111111111112;32.666666666666664;0.7881773399014779;0.6366013071895424;0.6532258064516129;10.333333333333334;6.0;22.333333333333332;5.0
xgboost;kbest;trois_classes;none;True;motricite;;;;;;;;;;0.5365079365079365;28.333333333333332;0.7049808429118775;0.4768518518518518;0.5046325322187392;7.666666666666667;8.666666666666666;20.666666666666668;6.666666666666667;0.2857142857142857;25.666666666666668;0.7306513409961685;0.33076923076923076;0.3055555555555556;4.0;8.0;21.666666666666668;10.0;0.5625;30.333333333333332;0.7635467980295566;0.5863247863247862;0.5720569752827817;8.666666666666666;6.666666666666667;21.666666666666668;6.666666666666667
xgboost;kbest;trois_classes;none;True;all;;;;;;;;;;0.746031746031746;31.333333333333332;0.7045977011494253;0.5518518518518519;0.6333927510398097;10.666666666666666;8.666666666666666;20.666666666666668;3.6666666666666665;0.30952380952380953;28.333333333333332;0.8076628352490421;0.4428571428571429;0.35438125093297507;4.333333333333333;5.666666666666667;24.0;9.666666666666666;0.5833333333333334;32.0;0.8140394088669951;0.6820175438596491;0.6097612958226769;9.0;5.333333333333333;23.0;6.333333333333333
xgboost;no_correlation;trois_classes;none;True;all;;;;;;;;;;0.6746031746031745;32.666666666666664;0.7842911877394636;0.6058006535947712;0.6372759856630824;9.666666666666666;6.333333333333333;23.0;4.666666666666667;0.2380952380952381;26.0;0.764367816091954;0.33134920634920634;0.27310370788631655;3.3333333333333335;7.0;22.666666666666668;10.666666666666666;0.6583333333333333;31.0;0.7413793103448275;0.5648926237161532;0.6032407407407407;10.0;7.333333333333333;21.0;5.333333333333333
xgboost;none;trois_classes;none;True;all;;;;;;;;;;0.6714285714285714;33.666666666666664;0.8168582375478928;0.6632034632034632;0.659047619047619;9.666666666666666;5.333333333333333;24.0;4.666666666666667;0.26190476190476186;26.666666666666668;0.775095785440613;0.34629629629629627;0.2972872538089929;3.6666666666666665;6.666666666666667;23.0;10.333333333333334;0.6694444444444444;30.666666666666668;0.7163382594417077;0.5640096618357489;0.6026319359652694;10.333333333333334;8.0;20.333333333333332;5.0
xgboost;kbest;trois_classes;none;False;ibisc;;;;;;;;;;0.8619047619047618;31.0;0.6352490421455939;0.5405797101449276;0.6624871001031991;12.333333333333334;10.666666666666666;18.666666666666668;2.0;0.28571428571428575;30.0;0.8766283524904215;0.5083333333333333;0.3605794790005316;4.0;3.6666666666666665;26.0;10.0;0.6055555555555555;34.0;0.8711001642036126;0.7130647130647131;0.654673721340388;9.333333333333334;3.6666666666666665;24.666666666666668;6.0
xgboost;kbest;trois_classes;none;False;cfx;;;;;;;;;;0.8603174603174604;31.333333333333332;0.6467432950191571;0.5472222222222222;0.6680426556587546;12.333333333333334;10.333333333333334;19.0;2.0;0.14285714285714282;28.0;0.8770114942528736;0.3611111111111111;0.19982174688057042;2.0;3.6666666666666665;26.0;12.0;0.6749999999999999;33.666666666666664;0.8222495894909688;0.6921296296296297;0.6795511514044089;10.333333333333334;5.0;23.333333333333332;5.0
xgboost;kbest;trois_classes;none;False;motricite;;;;;;;;;;0.5793650793650794;29.0;0.703448275862069;0.49252111911958457;0.5218468468468468;8.333333333333334;8.666666666666666;20.666666666666668;6.0;0.3095238095238095;26.666666666666668;0.753256704980843;0.37359307359307364;0.33682539682539686;4.333333333333333;7.333333333333333;22.333333333333332;9.666666666666666;0.49722222222222223;28.666666666666668;0.7417898193760263;0.5212719298245614;0.5010138248847926;7.666666666666667;7.333333333333333;21.0;7.666666666666667
xgboost;kbest;trois_classes;none;False;all;;;;;;;;;;0.5317460317460317;30.0;0.7616858237547892;0.5206349206349206;0.5259989053092501;7.666666666666667;7.0;22.333333333333332;6.666666666666667;0.30952380952380953;27.0;0.7628352490421456;0.3962962962962963;0.34320339830084956;4.333333333333333;7.0;22.666666666666668;9.666666666666666;0.6722222222222222;31.333333333333332;0.7417898193760264;0.5884615384615385;0.6222222222222222;10.333333333333334;7.333333333333333;21.0;5.0
xgboost;no_correlation;trois_classes;none;False;all;;;;;;;;;;0.6095238095238096;33.333333333333336;0.8406130268199234;0.6566951566951568;0.6180555555555555;8.666666666666666;4.666666666666667;24.666666666666668;5.666666666666667;0.2857142857142857;24.0;0.6754789272030651;0.2954248366013072;0.2849542970450259;4.0;9.666666666666666;20.0;10.0;0.5902777777777778;29.666666666666668;0.7307060755336616;0.5458333333333333;0.5635432667690732;9.0;7.666666666666667;20.666666666666668;6.333333333333333
xgboost;none;trois_classes;none;False;all;;;;;;;;;;0.5825396825396826;31.666666666666668;0.7954022988505747;0.5825396825396826;0.5825396825396826;8.333333333333334;6.0;23.333333333333332;6.0;0.2619047619047619;24.333333333333332;0.6977011494252873;0.2922008547008547;0.27214170692431566;3.6666666666666665;9.0;20.666666666666668;10.333333333333334;0.6763888888888889;32.333333333333336;0.7750410509031199;0.6328808446455505;0.6484848484848486;10.333333333333334;6.333333333333333;22.0;5.0
3nn;logreg;dem;none;True;ibisc;0.48055555555555557;0.6647286821705426;0.7647783251231527;0.5238095238095238;0.5011494252873563;7.333333333333333;6.666666666666667;21.666666666666668;8.0;;;;;;;;;;;;;;;;;;;;;;;;;;;
3nn;logreg;dem;none;True;cfx;0.5236111111111111;0.6872797744890767;0.7758620689655172;0.5571895424836603;0.5367283950617284;8.0;6.333333333333333;22.0;7.333333333333333;;;;;;;;;;;;;;;;;;;;;;;;;;;
3nn;logreg;dem;none;True;motricite;0.4777777777777777;0.671599718111346;0.7754515599343185;0.545751633986928;0.5072951739618407;7.333333333333333;6.333333333333333;22.0;8.0;;;;;;;;;;;;;;;;;;;;;;;;;;;
3nn;logreg;dem;none;True;best;0.5236111111111111;0.7477096546863988;0.8706896551724137;0.6917989417989419;0.5893912303107706;8.0;3.6666666666666665;24.666666666666668;7.333333333333333;;;;;;;;;;;;;;;;;;;;;;;;;;;
3nn;logreg;dem;none;True;all;0.525;0.7256871035940803;0.8349753694581281;0.626984126984127;0.5702730645259381;8.0;4.666666666666667;23.666666666666668;7.333333333333333;;;;;;;;;;;;;;;;;;;;;;;;;;;
3nn;kbest;dem;none;True;ibisc;0.5416666666666666;0.7026074700493306;0.7885878489326764;0.5849673202614379;0.5604706064476179;8.333333333333334;6.0;22.333333333333332;7.0;;;;;;;;;;;;;;;;;;;;;;;;;;;
3nn;kbest;dem;none;True;cfx;0.6750000000000002;0.7637420718816067;0.8119868637110016;0.657516339869281;0.6650537634408602;10.333333333333334;5.333333333333333;23.0;5.0;;;;;;;;;;;;;;;;;;;;;;;;;;;
3nn;kbest;dem;none;True;motricite;0.4361111111111111;0.717582804792107;0.8706896551724137;0.6506826506826506;0.513949013949014;6.666666666666667;3.6666666666666665;24.666666666666668;8.666666666666666;;;;;;;;;;;;;;;;;;;;;;;;;;;
3nn;kbest;dem;none;True;all;0.5208333333333334;0.7783650458069062;0.9170771756978654;0.7866161616161617;0.6226516371443908;8.0;2.3333333333333335;26.0;7.333333333333333;;;;;;;;;;;;;;;;;;;;;;;;;;;
3nn;seqdel;dem;none;True;all;0.7166666666666667;0.824876673713883;0.8834154351395731;0.7805555555555556;0.7447232178414974;11.0;3.3333333333333335;25.0;4.333333333333333;;;;;;;;;;;;;;;;;;;;;;;;;;;
3nn;no_correlation;dem;none;True;all;0.6083333333333333;0.7019027484143763;0.7532840722495896;0.5740740740740741;0.5891169762137504;9.333333333333334;7.0;21.333333333333332;6.0;;;;;;;;;;;;;;;;;;;;;;;;;;;
3nn;none;dem;none;True;all;0.6083333333333333;0.7632135306553911;0.8481116584564861;0.6960784313725491;0.6439594356261024;9.333333333333334;4.333333333333333;24.0;6.0;;;;;;;;;;;;;;;;;;;;;;;;;;;
3nn;logreg;dem;none;False;ibisc;0.43472222222222223;0.6719520789288231;0.8004926108374383;0.5427350427350427;0.482363315696649;6.666666666666667;5.666666666666667;22.666666666666668;8.666666666666666;;;;;;;;;;;;;;;;;;;;;;;;;;;
3nn;logreg;dem;none;False;cfx;0.4791666666666666;0.6710711768851304;0.7754515599343185;0.532967032967033;0.504488232074439;7.333333333333333;6.333333333333333;22.0;8.0;;;;;;;;;;;;;;;;;;;;;;;;;;;
3nn;logreg;dem;none;False;motricite;0.5666666666666668;0.6867512332628612;0.7528735632183908;0.5592948717948718;0.5592746148919675;8.666666666666666;7.0;21.333333333333332;6.666666666666667;;;;;;;;;;;;;;;;;;;;;;;;;;;
3nn;logreg;dem;none;False;best;0.5208333333333334;0.7017265680056376;0.8000821018062397;0.6090771973124914;0.5555555555555555;8.0;5.666666666666667;22.666666666666668;7.333333333333333;;;;;;;;;;;;;;;;;;;;;;;;;;;
3nn;logreg;dem;none;False;all;0.563888888888889;0.7401338971106414;0.8349753694581281;0.6474358974358975;0.6021789838994139;8.666666666666666;4.666666666666667;23.666666666666668;6.666666666666667;;;;;;;;;;;;;;;;;;;;;;;;;;;
3nn;kbest;dem;none;False;ibisc;0.49722222222222223;0.671599718111346;0.7647783251231527;0.5294117647058824;0.5110878903982352;7.666666666666667;6.666666666666667;21.666666666666668;7.666666666666667;;;;;;;;;;;;;;;;;;;;;;;;;;;
3nn;kbest;dem;none;False;cfx;0.4777777777777777;0.7330866807610995;0.8702791461412152;0.6613247863247863;0.5496894409937888;7.333333333333333;3.6666666666666665;24.666666666666668;8.0;;;;;;;;;;;;;;;;;;;;;;;;;;;
3nn;kbest;dem;none;False;motricite;0.36666666666666664;0.6793516560958421;0.8485221674876847;0.5853479853479854;0.44538794538794546;5.666666666666667;4.333333333333333;24.0;9.666666666666666;;;;;;;;;;;;;;;;;;;;;;;;;;;
3nn;kbest;dem;none;False;all;0.5638888888888888;0.7561663143058492;0.8587848932676518;0.6786324786324786;0.6131490015360983;8.666666666666666;4.0;24.333333333333332;6.666666666666667;;;;;;;;;;;;;;;;;;;;;;;;;;;
3nn;seqdel;dem;none;False;all;0.7583333333333334;0.862755461592671;0.9174876847290641;0.8329513623631271;0.7894595825630307;11.666666666666666;2.3333333333333335;26.0;3.6666666666666665;;;;;;;;;;;;;;;;;;;;;;;;;;;
3nn;no_correlation;dem;none;False;all;0.37083333333333335;0.6946793516560957;0.8702791461412152;0.6083333333333333;0.45979933110367893;5.666666666666667;3.6666666666666665;24.666666666666668;9.666666666666666;;;;;;;;;;;;;;;;;;;;;;;;;;;
3nn;none;dem;none;False;all;0.6319444444444445;0.7635658914728682;0.8357963875205255;0.6791666666666667;0.6508448540706605;9.666666666666666;4.666666666666667;23.666666666666668;5.666666666666667;;;;;;;;;;;;;;;;;;;;;;;;;;;
3nn;logreg;tb_cog;none;True;ibisc;0.7613026819923373;0.7026074700493306;0.5825396825396826;0.7904804008252285;0.775095785440613;22.333333333333332;6.0;8.333333333333334;7.0;;;;;;;;;;;;;;;;;;;;;;;;;;;
3nn;logreg;tb_cog;none;True;cfx;0.796551724137931;0.7181113460183228;0.5587301587301587;0.7856481481481481;0.7896540462019176;23.333333333333332;6.333333333333333;8.0;6.0;;;;;;;;;;;;;;;;;;;;;;;;;;;
3nn;logreg;tb_cog;none;True;motricite;0.7383141762452107;0.6793516560958421;0.5523809523809524;0.7823119690154922;0.7565956475856366;21.666666666666668;6.333333333333333;8.0;7.666666666666667;;;;;;;;;;;;;;;;;;;;;;;;;;;
3nn;logreg;tb_cog;none;True;best;0.8072796934865901;0.8017970401691331;0.792063492063492;0.8882783882783883;0.8454203691045796;23.666666666666668;3.0;11.333333333333334;5.666666666666667;;;;;;;;;;;;;;;;;;;;;;;;;;;
3nn;logreg;tb_cog;none;True;all;0.8302681992337165;0.7637420718816067;0.6301587301587301;0.8215825123152709;0.8249481816468816;24.333333333333332;5.333333333333333;9.0;5.0;;;;;;;;;;;;;;;;;;;;;;;;;;;
3nn;kbest;tb_cog;none;True;ibisc;0.8072796934865901;0.7788935870331221;0.7206349206349206;0.8583908045977012;0.8311939447727484;23.666666666666668;4.0;10.333333333333334;5.666666666666667;;;;;;;;;;;;;;;;;;;;;;;;;;;
3nn;kbest;tb_cog;none;True;cfx;0.7961685823754788;0.717582804792107;0.5603174603174602;0.7884116609606805;0.7899106002554278;23.333333333333332;6.333333333333333;8.0;6.0;;;;;;;;;;;;;;;;;;;;;;;;;;;
3nn;kbest;tb_cog;none;True;motricite;0.749808429118774;0.7249823819591262;0.6714285714285714;0.8269319186560565;0.7860373984667769;22.0;4.666666666666667;9.666666666666666;7.333333333333333;;;;;;;;;;;;;;;;;;;;;;;;;;;
3nn;kbest;tb_cog;none;True;all;0.7954022988505747;0.7403100775193798;0.6222222222222222;0.8210344827586207;0.8063829495049369;23.333333333333332;5.333333333333333;9.0;6.0;;;;;;;;;;;;;;;;;;;;;;;;;;;
3nn;seqdel;tb_cog;none;True;all;0.8628352490421456;0.8398520084566595;0.7904761904761904;0.8951804368471036;0.8774821952241307;25.333333333333332;3.0;11.333333333333334;4.0;;;;;;;;;;;;;;;;;;;;;;;;;;;
3nn;no_correlation;tb_cog;none;True;all;0.749808429118774;0.7251585623678647;0.6746031746031745;0.8254144620811287;0.7855318372559751;22.0;4.666666666666667;9.666666666666666;7.333333333333333;;;;;;;;;;;;;;;;;;;;;;;;;;;
3nn;none;tb_cog;none;True;all;0.7379310344827587;0.7404862579281183;0.746031746031746;0.8546296296296297;0.7917662780291049;21.666666666666668;3.6666666666666665;10.666666666666666;7.666666666666667;;;;;;;;;;;;;;;;;;;;;;;;;;;
3nn;logreg;tb_cog;none;False;ibisc;0.7839080459770115;0.7473572938689218;0.6777777777777777;0.8337294513765102;0.8017101577473095;23.0;4.666666666666667;9.666666666666666;6.333333333333333;;;;;;;;;;;;;;;;;;;;;;;;;;;
3nn;logreg;tb_cog;none;False;cfx;0.7609195402298852;0.7024312896405919;0.5825396825396826;0.7882716049382715;0.7741854636591478;22.333333333333332;6.0;8.333333333333334;7.0;;;;;;;;;;;;;;;;;;;;;;;;;;;
3nn;logreg;tb_cog;none;False;motricite;0.7835249042145594;0.6862226920366455;0.484126984126984;0.7600326420890937;0.771156385587625;23.0;7.333333333333333;7.0;6.333333333333333;;;;;;;;;;;;;;;;;;;;;;;;;;;
3nn;logreg;tb_cog;none;False;best;0.8517241379310345;0.7935165609584214;0.6698412698412698;0.8483333333333333;0.8474972416449589;25.0;4.666666666666667;9.666666666666666;4.333333333333333;;;;;;;;;;;;;;;;;;;;;;;;;;;
3nn;logreg;tb_cog;none;False;all;0.7616858237547893;0.7020789288231147;0.5777777777777778;0.7896977437207321;0.7752706576493834;22.333333333333332;6.0;8.333333333333334;7.0;;;;;;;;;;;;;;;;;;;;;;;;;;;
3nn;kbest;tb_cog;none;False;ibisc;0.8310344827586208;0.7563424947145877;0.6015873015873016;0.8111111111111112;0.8209039548022599;24.333333333333332;5.666666666666667;8.666666666666666;5.0;;;;;;;;;;;;;;;;;;;;;;;;;;;
3nn;kbest;tb_cog;none;False;cfx;0.7509578544061303;0.7410147991543341;0.7222222222222222;0.8456790123456791;0.7945326278659612;22.0;4.0;10.333333333333334;7.333333333333333;;;;;;;;;;;;;;;;;;;;;;;;;;;
3nn;kbest;tb_cog;none;False;motricite;0.7509578544061303;0.7098308668076109;0.6253968253968254;0.8061728395061728;0.7761207718834838;22.0;5.333333333333333;9.0;7.333333333333333;;;;;;;;;;;;;;;;;;;;;;;;;;;
3nn;kbest;tb_cog;none;False;all;0.8409961685823756;0.7635658914728682;0.6031746031746031;0.8140565134099617;0.8271651489728072;24.666666666666668;5.666666666666667;8.666666666666666;4.666666666666667;;;;;;;;;;;;;;;;;;;;;;;;;;;
3nn;seqdel;tb_cog;none;False;all;0.8632183908045977;0.877554615926709;0.9063492063492063;0.9496336996336997;0.9042842215256007;25.333333333333332;1.3333333333333333;13.0;4.0;;;;;;;;;;;;;;;;;;;;;;;;;;;
3nn;no_correlation;tb_cog;none;False;all;0.7720306513409962;0.7096546863988724;0.5793650793650794;0.7909215367502354;0.7806430614796923;22.666666666666668;6.0;8.333333333333334;6.666666666666667;;;;;;;;;;;;;;;;;;;;;;;;;;;
3nn;none;tb_cog;none;False;all;0.7030651340996169;0.7167019027484143;0.7412698412698413;0.8487922705314009;0.764695621838479;20.666666666666668;3.6666666666666665;10.666666666666666;8.666666666666666;;;;;;;;;;;;;;;;;;;;;;;;;;;
3nn;kbest;trois_classes;none;True;ibisc;;;;;;;;;;0.5984126984126984;30.666666666666668;0.7471264367816092;0.5416666666666666;0.6754385964912281;8.666666666666666;7.333333333333333;22.0;5.666666666666667;0.4047619047619047;26.333333333333332;0.6992337164750958;0.4574404761904762;0.3599215429879045;5.666666666666667;9.0;20.666666666666668;8.333333333333334;0.6333333333333333;34.666666666666664;0.8817733990147784;0.7423687423687424;0.6822660098522167;9.666666666666666;3.3333333333333335;25.0;5.666666666666667
3nn;kbest;trois_classes;none;True;cfx;;;;;;;;;;0.5777777777777778;31.333333333333332;0.7839080459770115;0.582936507936508;0.5621154069429931;8.333333333333334;6.333333333333333;23.0;6.0;0.38095238095238093;26.0;0.6942528735632184;0.39285714285714285;0.37105508870214754;5.333333333333333;9.0;20.666666666666668;8.666666666666666;0.6305555555555555;33.0;0.8234811165845649;0.6633547008547008;0.6442219750339883;9.666666666666666;5.0;23.333333333333332;5.666666666666667
3nn;kbest;trois_classes;none;True;motricite;;;;;;;;;;0.43809523809523804;26.666666666666668;0.6927203065134099;0.4033159822633507;0.4180931631912024;6.333333333333333;9.0;20.333333333333332;8.0;0.35714285714285715;23.333333333333332;0.6172413793103447;0.30526315789473685;0.3281086729362591;5.0;11.333333333333334;18.333333333333332;9.0;0.45694444444444443;30.333333333333332;0.8226600985221676;0.6010101010101009;0.5166914805624484;7.0;5.0;23.333333333333332;8.333333333333334
3nn;kbest;trois_classes;none;True;all;;;;;;;;;;0.6746031746031745;29.666666666666668;0.6816091954022988;0.508869395711501;0.5793226381461675;9.666666666666666;9.333333333333334;20.0;4.666666666666667;0.2142857142857143;25.0;0.7413793103448275;0.2668350168350168;0.23719063545150498;3.0;7.666666666666667;22.0;11.0;0.5;29.666666666666668;0.7766830870279146;0.5495726495726495;0.5234387414587638;7.666666666666667;6.333333333333333;22.0;7.666666666666667
3nn;no_correlation;trois_classes;none;True;all;;;;;;;;;;0.6047619047619047;29.333333333333332;0.7049808429118775;0.5022574819401444;0.5474095796676441;8.666666666666666;8.666666666666666;20.666666666666668;5.666666666666667;0.3095238095238095;27.0;0.7632183908045977;0.3814102564102564;0.33782267115600445;4.333333333333333;7.0;22.666666666666668;9.666666666666666;0.6527777777777777;33.333333333333336;0.8234811165845648;0.6747109100050276;0.6623376623376623;10.0;5.0;23.333333333333332;5.333333333333333
3nn;none;trois_classes;none;True;all;;;;;;;;;;0.7222222222222222;33.666666666666664;0.7961685823754788;0.6339869281045751;0.6738351254480287;10.333333333333334;6.0;23.333333333333332;4.0;0.4523809523809524;28.0;0.7310344827586207;0.4467787114845938;0.44724093111189883;6.333333333333333;8.0;21.666666666666668;7.666666666666667;0.5625;32.666666666666664;0.8472906403940886;0.6669719169719169;0.6096211153682418;8.666666666666666;4.333333333333333;24.0;6.666666666666667
3nn;kbest;trois_classes;none;False;ibisc;;;;;;;;;;0.3333333333333333;26.666666666666668;0.7475095785440614;0.29797979797979796;0.3390957446808511;4.666666666666667;7.333333333333333;22.0;9.666666666666666;0.38095238095238093;22.0;0.5655172413793104;0.2642857142857143;0.275998075998076;5.333333333333333;13.0;16.666666666666668;8.666666666666666;0.5847222222222223;33.0;0.8460591133004925;0.7344322344322345;0.6188331188331189;9.0;4.333333333333333;24.0;6.333333333333333
3nn;kbest;trois_classes;none;False;cfx;;;;;;;;;;0.9301587301587301;31.0;0.6026819923371648;0.5339506172839507;0.6774848315284773;13.333333333333334;11.666666666666666;17.666666666666668;1.0;0.14285714285714282;28.333333333333332;0.8881226053639847;0.35714285714285715;0.1995331465919701;2.0;3.3333333333333335;26.333333333333332;12.0;0.5888888888888889;33.0;0.84688013136289;0.6815268065268065;0.6268703419241053;9.0;4.333333333333333;24.0;6.333333333333333
3nn;kbest;trois_classes;none;False;motricite;;;;;;;;;;0.6047619047619048;27.333333333333332;0.6367816091954023;0.45084934558618767;0.5164141414141414;8.666666666666666;10.666666666666666;18.666666666666668;5.666666666666667;0.3333333333333333;25.0;0.6865900383141762;0.3450980392156862;0.33506365097021384;4.666666666666667;9.333333333333334;20.333333333333332;9.333333333333334;0.39444444444444443;30.0;0.8460591133004925;0.5944444444444444;0.4628019323671498;6.0;4.333333333333333;24.0;9.333333333333334
3nn;kbest;trois_classes;none;False;all;;;;;;;;;;0.7682539682539682;29.333333333333332;0.6237547892720307;0.5063157894736842;0.6084546084546084;11.0;11.0;18.333333333333332;3.3333333333333335;0.28571428571428564;27.666666666666668;0.7973180076628351;0.38888888888888884;0.32775919732441466;4.0;6.0;23.666666666666668;10.0;0.5625;34.0;0.8940886699507389;0.7587962962962962;0.6380555555555556;8.666666666666666;3.0;25.333333333333332;6.666666666666667
3nn;no_correlation;trois_classes;none;False;all;;;;;;;;;;0.5825396825396826;27.333333333333332;0.6478927203065133;0.4441332088390912;0.5026299865009543;8.333333333333334;10.333333333333334;19.0;6.0;0.35714285714285715;27.0;0.7409961685823755;0.395959595959596;0.37382847038019457;5.0;7.666666666666667;22.0;9.0;0.5013888888888888;31.333333333333332;0.8349753694581281;0.6143578643578643;0.5503978779840849;7.666666666666667;4.666666666666667;23.666666666666668;7.666666666666667
3nn;none;trois_classes;none;False;all;;;;;;;;;;0.6063492063492064;29.666666666666668;0.7153256704980843;0.5121187363834423;0.5551645487129359;8.666666666666666;8.333333333333334;21.0;5.666666666666667;0.23809523809523805;25.0;0.7295019157088123;0.29444444444444445;0.26282051282051283;3.3333333333333335;8.0;21.666666666666668;10.666666666666666;0.5861111111111111;31.0;0.7762725779967159;0.5833333333333334;0.5843066370040786;9.0;6.333333333333333;22.0;6.333333333333333
5nn;logreg;dem;none;True;ibisc;0.5402777777777777;0.7022551092318534;0.7877668308702791;0.575998075998076;0.5534404743329693;8.333333333333334;6.0;22.333333333333332;7.0;;;;;;;;;;;;;;;;;;;;;;;;;;;
5nn;logreg;dem;none;True;cfx;0.5222222222222221;0.7244538407329104;0.8345648604269295;0.6324786324786325;0.5714285714285714;8.0;4.666666666666667;23.666666666666668;7.333333333333333;;;;;;;;;;;;;;;;;;;;;;;;;;;
5nn;logreg;dem;none;True;motricite;0.39305555555555555;0.6566243833685693;0.8009031198686372;0.5306776556776557;0.4434865900383142;6.0;5.666666666666667;22.666666666666668;9.333333333333334;;;;;;;;;;;;;;;;;;;;;;;;;;;
5nn;logreg;dem;none;True;best;0.5416666666666666;0.7323819591261452;0.8349753694581281;0.6348096348096348;0.5831856315727283;8.333333333333334;4.666666666666667;23.666666666666668;7.0;;;;;;;;;;;;;;;;;;;;;;;;;;;
5nn;logreg;dem;none;True;all;0.49861111111111106;0.7403100775193798;0.8694581280788177;0.7060185185185185;0.5763888888888888;7.666666666666667;3.6666666666666665;24.666666666666668;7.666666666666667;;;;;;;;;;;;;;;;;;;;;;;;;;;
5nn;kbest;dem;none;True;ibisc;0.5416666666666666;0.6867512332628612;0.7647783251231527;0.5502450980392157;0.5437167372651244;8.333333333333334;6.666666666666667;21.666666666666668;7.0;;;;;;;;;;;;;;;;;;;;;;;;;;;
5nn;kbest;dem;none;True;cfx;0.5430555555555555;0.7484143763213531;0.8583743842364532;0.6746031746031745;0.5965517241379311;8.333333333333334;4.0;24.333333333333332;7.0;;;;;;;;;;;;;;;;;;;;;;;;;;;
5nn;kbest;dem;none;True;motricite;0.49861111111111117;0.7633897110641298;0.9059934318555009;0.7425925925925926;0.5953968253968255;7.666666666666667;2.6666666666666665;25.666666666666668;7.666666666666667;;;;;;;;;;;;;;;;;;;;;;;;;;;
5nn;kbest;dem;none;True;all;0.49861111111111117;0.7096546863988724;0.8230706075533661;0.605894105894106;0.5461538461538461;7.666666666666667;5.0;23.333333333333332;7.666666666666667;;;;;;;;;;;;;;;;;;;;;;;;;;;
5nn;seqdel;dem;none;True;all;0.6722222222222222;0.8014446793516562;0.8702791461412152;0.7417043740573153;0.7027417027417027;10.333333333333334;3.6666666666666665;24.666666666666668;5.0;;;;;;;;;;;;;;;;;;;;;;;;;;;
5nn;no_correlation;dem;none;True;all;0.5;0.7098308668076109;0.8238916256157635;0.6123876123876124;0.548105576841209;7.666666666666667;5.0;23.333333333333332;7.666666666666667;;;;;;;;;;;;;;;;;;;;;;;;;;;
5nn;none;dem;none;True;all;0.5458333333333333;0.7329105003523608;0.8341543513957307;0.6544871794871795;0.5893066370040786;8.333333333333334;4.666666666666667;23.666666666666668;7.0;;;;;;;;;;;;;;;;;;;;;;;;;;;
5nn;logreg;dem;none;False;ibisc;0.5194444444444444;0.6789992952783651;0.7647783251231527;0.5399572649572649;0.528968253968254;8.0;6.666666666666667;21.666666666666668;7.333333333333333;;;;;;;;;;;;;;;;;;;;;;;;;;;
5nn;logreg;dem;none;False;cfx;0.5388888888888889;0.7248062015503876;0.8234811165845648;0.6113053613053613;0.5705128205128206;8.333333333333334;5.0;23.333333333333332;7.0;;;;;;;;;;;;;;;;;;;;;;;;;;;
5nn;logreg;dem;none;False;motricite;0.4166666666666667;0.6795278365045806;0.8243021346469623;0.5626984126984128;0.4665593129361245;6.333333333333333;5.0;23.333333333333332;9.0;;;;;;;;;;;;;;;;;;;;;;;;;;;
5nn;logreg;dem;none;False;best;0.6319444444444443;0.7787174066243834;0.8591954022988505;0.7103174603174603;0.6663929939792009;9.666666666666666;4.0;24.333333333333332;5.666666666666667;;;;;;;;;;;;;;;;;;;;;;;;;;;
5nn;logreg;dem;none;False;all;0.5902777777777778;0.7942212825933757;0.9055829228243022;0.7679653679653679;0.6631299734748011;9.0;2.6666666666666665;25.666666666666668;6.333333333333333;;;;;;;;;;;;;;;;;;;;;;;;;;;
5nn;kbest;dem;none;False;ibisc;0.5194444444444445;0.7175828047921072;0.8234811165845648;0.61489898989899;0.5606600189933523;8.0;5.0;23.333333333333332;7.333333333333333;;;;;;;;;;;;;;;;;;;;;;;;;;;
5nn;kbest;dem;none;False;cfx;0.6069444444444444;0.7714940098661028;0.8587848932676518;0.7259259259259259;0.6532171387073348;9.333333333333334;4.0;24.333333333333332;6.0;;;;;;;;;;;;;;;;;;;;;;;;;;;
5nn;kbest;dem;none;False;motricite;0.34861111111111115;0.7172304439746301;0.9166666666666666;0.708994708994709;0.4666666666666666;5.333333333333333;2.3333333333333335;26.0;10.0;;;;;;;;;;;;;;;;;;;;;;;;;;;
5nn;kbest;dem;none;False;all;0.673611111111111;0.8093727977448908;0.8825944170771756;0.7603174603174603;0.7133577775031242;10.333333333333334;3.3333333333333335;25.0;5.0;;;;;;;;;;;;;;;;;;;;;;;;;;;
5nn;seqdel;dem;none;False;all;0.6944444444444443;0.8167723749119098;0.882183908045977;0.7628205128205128;0.7261904761904763;10.666666666666666;3.3333333333333335;25.0;4.666666666666667;;;;;;;;;;;;;;;;;;;;;;;;;;;
5nn;no_correlation;dem;none;False;all;0.36944444444444446;0.6331923890063426;0.7754515599343185;0.48205128205128206;0.41697865353037766;5.666666666666667;6.333333333333333;22.0;9.666666666666666;;;;;;;;;;;;;;;;;;;;;;;;;;;
5nn;none;dem;none;False;all;0.6097222222222222;0.7410147991543341;0.8123973727422004;0.6365079365079365;0.6222222222222222;9.333333333333334;5.333333333333333;23.0;6.0;;;;;;;;;;;;;;;;;;;;;;;;;;;
5nn;logreg;tb_cog;none;True;ibisc;0.7505747126436781;0.7251585623678647;0.673015873015873;0.8249735449735449;0.7855750487329435;22.0;4.666666666666667;9.666666666666666;7.333333333333333;;;;;;;;;;;;;;;;;;;;;;;;;;;
5nn;logreg;tb_cog;none;True;cfx;0.7839080459770115;0.6948555320648344;0.5095238095238095;0.7686968204209584;0.7756460115806757;23.0;7.0;7.333333333333333;6.333333333333333;;;;;;;;;;;;;;;;;;;;;;;;;;;
5nn;logreg;tb_cog;none;True;motricite;0.7509578544061303;0.7172304439746299;0.6492063492063492;0.8163656267104543;0.7804888978512693;22.0;5.0;9.333333333333334;7.333333333333333;;;;;;;;;;;;;;;;;;;;;;;;;;;
5nn;logreg;tb_cog;none;True;best;0.8180076628352491;0.7787174066243834;0.6984126984126985;0.84688013136289;0.8321934780453959;24.0;4.333333333333333;10.0;5.333333333333333;;;;;;;;;;;;;;;;;;;;;;;;;;;
5nn;logreg;tb_cog;none;True;all;0.8413793103448276;0.7862931642001411;0.673015873015873;0.8432588916459883;0.8410829607550919;24.666666666666668;4.666666666666667;9.666666666666666;4.666666666666667;;;;;;;;;;;;;;;;;;;;;;;;;;;
5nn;kbest;tb_cog;none;True;ibisc;0.8295019157088123;0.7630373502466524;0.6253968253968254;0.8215565796210957;0.8251461988304095;24.333333333333332;5.333333333333333;9.0;5.0;;;;;;;;;;;;;;;;;;;;;;;;;;;
5nn;kbest;tb_cog;none;True;cfx;0.7739463601532567;0.7177589852008457;0.6047619047619047;0.8025622605363986;0.7845054400547147;22.666666666666668;5.666666666666667;8.666666666666666;6.666666666666667;;;;;;;;;;;;;;;;;;;;;;;;;;;
5nn;kbest;tb_cog;none;True;motricite;0.7383141762452108;0.710183227625088;0.6507936507936508;0.8114868491680086;0.7709615194004132;21.666666666666668;5.0;9.333333333333334;7.666666666666667;;;;;;;;;;;;;;;;;;;;;;;;;;;
5nn;kbest;tb_cog;none;True;all;0.7835249042145594;0.7707892882311488;0.7412698412698413;0.8673160173160174;0.8199806710137786;23.0;3.6666666666666665;10.666666666666666;6.333333333333333;;;;;;;;;;;;;;;;;;;;;;;;;;;
5nn;seqdel;tb_cog;none;True;all;0.8524904214559387;0.8019732205778718;0.6984126984126985;0.8524904214559387;0.8524904214559387;25.0;4.333333333333333;10.0;4.333333333333333;;;;;;;;;;;;;;;;;;;;;;;;;;;
5nn;no_correlation;tb_cog;none;True;all;0.7045977011494253;0.6483439041578577;0.5317460317460317;0.7583750859612929;0.7300445471044382;20.666666666666668;6.666666666666667;7.666666666666667;8.666666666666666;;;;;;;;;;;;;;;;;;;;;;;;;;;
5nn;none;tb_cog;none;True;all;0.7160919540229885;0.671599718111346;0.580952380952381;0.7782567049808429;0.7447408371286054;21.0;6.0;8.333333333333334;8.333333333333334;;;;;;;;;;;;;;;;;;;;;;;;;;;
5nn;logreg;tb_cog;none;False;ibisc;0.7042145593869732;0.6485200845665962;0.5365079365079365;0.7582417582417582;0.7297410192147034;20.666666666666668;6.666666666666667;7.666666666666667;8.666666666666666;;;;;;;;;;;;;;;;;;;;;;;;;;;
5nn;logreg;tb_cog;none;False;cfx;0.760536398467433;0.7172304439746301;0.6349206349206349;0.816327526472454;0.7832992323654463;22.333333333333332;5.333333333333333;9.0;7.0;;;;;;;;;;;;;;;;;;;;;;;;;;;
5nn;logreg;tb_cog;none;False;motricite;0.7386973180076629;0.6640239605355884;0.5142857142857142;0.7578983516483516;0.7466639258612124;21.666666666666668;7.0;7.333333333333333;7.666666666666667;;;;;;;;;;;;;;;;;;;;;;;;;;;
5nn;logreg;tb_cog;none;False;best;0.7835249042145594;0.7709654686398872;0.746031746031746;0.8655136717355608;0.8207224928902003;23.0;3.6666666666666665;10.666666666666666;6.333333333333333;;;;;;;;;;;;;;;;;;;;;;;;;;;
5nn;logreg;tb_cog;none;False;all;0.8187739463601532;0.7637420718816067;0.6492063492063492;0.8285880785880786;0.821357063403782;24.0;5.0;9.333333333333334;5.333333333333333;;;;;;;;;;;;;;;;;;;;;;;;;;;
5nn;kbest;tb_cog;none;False;ibisc;0.7957854406130268;0.7859408033826639;0.7666666666666667;0.8745421245421245;0.8328738512949038;23.333333333333332;3.3333333333333335;11.0;6.0;;;;;;;;;;;;;;;;;;;;;;;;;;;
5nn;kbest;tb_cog;none;False;cfx;0.7831417624521073;0.7251585623678647;0.6031746031746031;0.8015232974910393;0.7898133828229715;23.0;5.666666666666667;8.666666666666666;6.333333333333333;;;;;;;;;;;;;;;;;;;;;;;;;;;
5nn;kbest;tb_cog;none;False;motricite;0.7386973180076627;0.7098308668076109;0.6492063492063491;0.8131868131868133;0.7740856844305121;21.666666666666668;5.0;9.333333333333334;7.666666666666667;;;;;;;;;;;;;;;;;;;;;;;;;;;
5nn;kbest;tb_cog;none;False;all;0.7509578544061303;0.7251585623678647;0.6746031746031745;0.8252447850149;0.7846804111171927;22.0;4.666666666666667;9.666666666666666;7.333333333333333;;;;;;;;;;;;;;;;;;;;;;;;;;;
5nn;seqdel;tb_cog;none;False;all;0.8295019157088123;0.8019732205778718;0.7476190476190476;0.8693973119260475;0.8485581770518249;24.333333333333332;3.6666666666666665;10.666666666666666;5.0;;;;;;;;;;;;;;;;;;;;;;;;;;;
5nn;no_correlation;tb_cog;none;False;all;0.7613026819923373;0.717582804792107;0.6285714285714286;0.807577692635164;0.7833736640451704;22.333333333333332;5.333333333333333;9.0;7.0;;;;;;;;;;;;;;;;;;;;;;;;;;;
5nn;none;tb_cog;none;False;all;0.7157088122605364;0.7100070472163496;0.6984126984126985;0.8288271604938271;0.7675651392632524;21.0;4.333333333333333;10.0;8.333333333333334;;;;;;;;;;;;;;;;;;;;;;;;;;;
5nn;kbest;trois_classes;none;True;ibisc;;;;;;;;;;0.8158730158730158;30.666666666666668;0.6482758620689656;0.5318181818181819;0.6422723475355053;11.666666666666666;10.333333333333334;19.0;2.6666666666666665;0.2857142857142857;29.0;0.842911877394636;0.4576719576719577;0.35006901311249133;4.0;4.666666666666667;25.0;10.0;0.5680555555555555;32.666666666666664;0.8477011494252874;0.6714285714285714;0.6093722369584439;8.666666666666666;4.333333333333333;24.0;6.666666666666667
5nn;kbest;trois_classes;none;True;cfx;;;;;;;;;;0.9063492063492063;28.666666666666668;0.5348659003831417;0.489010989010989;0.6347851335656213;13.0;13.666666666666666;15.666666666666666;1.3333333333333333;0.09523809523809523;27.666666666666668;0.8881226053639847;0.3253968253968254;0.14503579209461562;1.3333333333333333;3.3333333333333335;26.333333333333332;12.666666666666666;0.5;31.333333333333332;0.8349753694581281;0.6223776223776224;0.5538714159403816;7.666666666666667;4.666666666666667;23.666666666666668;7.666666666666667
5nn;kbest;trois_classes;none;True;motricite;;;;;;;;;;0.5365079365079365;28.666666666666668;0.7157088122605364;0.480392156862745;0.5050055617352615;7.666666666666667;8.333333333333334;21.0;6.666666666666667;0.4047619047619048;27.0;0.7191570881226054;0.4074074074074074;0.4022435897435897;5.666666666666667;8.333333333333334;21.333333333333332;8.333333333333334;0.5194444444444445;30.666666666666668;0.7996715927750411;0.5833333333333334;0.5488128098435848;8.0;5.666666666666667;22.666666666666668;7.333333333333333
5nn;kbest;trois_classes;none;True;all;;;;;;;;;;0.7428571428571429;30.666666666666668;0.6816091954022988;0.5335621662852784;0.620248538011696;10.666666666666666;9.333333333333334;20.0;3.6666666666666665;0.28571428571428564;28.666666666666668;0.8314176245210727;0.4603174603174603;0.33968253968253964;4.0;5.0;24.666666666666668;10.0;0.6333333333333333;33.0;0.8230706075533661;0.6627450980392157;0.6432539682539683;9.666666666666666;5.0;23.333333333333332;5.666666666666667
5nn;no_correlation;trois_classes;none;True;all;;;;;;;;;;0.6761904761904761;32.333333333333336;0.7731800766283525;0.5935185185185184;0.6305555555555555;9.666666666666666;6.666666666666667;22.666666666666668;4.666666666666667;0.3333333333333333;27.0;0.7528735632183908;0.38571428571428573;0.35622710622710624;4.666666666666667;7.333333333333333;22.333333333333332;9.333333333333334;0.5694444444444443;30.333333333333332;0.7639573070607554;0.561157796451914;0.5638888888888889;8.666666666666666;6.666666666666667;21.666666666666668;6.666666666666667
5nn;none;trois_classes;none;True;all;;;;;;;;;;0.5825396825396826;31.0;0.7720306513409962;0.5496794871794872;0.5646356033452807;8.333333333333334;6.666666666666667;22.666666666666668;6.0;0.3095238095238095;23.666666666666668;0.6505747126436782;0.31327985739750447;0.30824372759856633;4.333333333333333;10.333333333333334;19.333333333333332;9.666666666666666;0.4777777777777778;29.0;0.7639573070607554;0.5307943690296631;0.5011223344556678;7.333333333333333;6.666666666666667;21.666666666666668;8.0
5nn;kbest;trois_classes;none;False;ibisc;;;;;;;;;;0.8412698412698413;30.0;0.6126436781609196;0.5214703425229742;0.6367710720651897;12.0;11.333333333333334;18.0;2.3333333333333335;0.21428571428571427;27.0;0.8103448275862069;0.3434343434343434;0.24844645550527902;3.0;5.666666666666667;24.0;11.0;0.5458333333333334;33.333333333333336;0.8830049261083744;0.7264069264069265;0.6197360578969775;8.333333333333334;3.3333333333333335;25.0;7.0
5nn;kbest;trois_classes;none;False;cfx;;;;;;;;;;0.9063492063492063;31.0;0.614176245210728;0.5494453209125285;0.6763226283289225;13.0;11.333333333333334;18.0;1.3333333333333333;0.2380952380952381;28.666666666666668;0.8517241379310345;0.36184210526315785;0.3282828282828283;3.3333333333333335;4.333333333333333;25.333333333333332;10.666666666666666;0.5194444444444444;32.666666666666664;0.8711001642036126;0.6691086691086691;0.5733194009056078;8.0;3.6666666666666665;24.666666666666668;7.333333333333333
5nn;kbest;trois_classes;none;False;motricite;;;;;;;;;;0.6777777777777777;28.0;0.6260536398467433;0.4706676192744304;0.5504111321948134;9.666666666666666;11.0;18.333333333333332;4.666666666666667;0.2619047619047619;25.333333333333332;0.7287356321839081;0.38247863247863245;0.2962962962962963;3.6666666666666665;8.0;21.666666666666668;10.333333333333334;0.43333333333333335;30.333333333333332;0.8353858784893268;0.5833333333333334;0.4966490299823634;6.666666666666667;4.666666666666667;23.666666666666668;8.666666666666666
5nn;kbest;trois_classes;none;False;all;;;;;;;;;;0.7888888888888889;29.666666666666668;0.6260536398467432;0.5103030303030304;0.6183468536409713;11.333333333333334;11.0;18.333333333333332;3.0;0.28571428571428575;28.666666666666668;0.8314176245210728;0.4444444444444444;0.3470575318401405;4.0;5.0;24.666666666666668;10.0;0.4791666666666667;30.666666666666668;0.8234811165845649;0.6014652014652015;0.5292408740684603;7.333333333333333;5.0;23.333333333333332;8.0
5nn;no_correlation;trois_classes;none;False;all;;;;;;;;;;0.6714285714285714;30.0;0.6934865900383143;0.5147574819401445;0.5824326211422987;9.666666666666666;9.0;20.333333333333332;4.666666666666667;0.3333333333333333;27.0;0.7521072796934867;0.40679690679690683;0.36274058737826853;4.666666666666667;7.333333333333333;22.333333333333332;9.333333333333334;0.5416666666666666;32.0;0.8357963875205255;0.6444444444444445;0.5862433862433862;8.333333333333334;4.666666666666667;23.666666666666668;7.0
5nn;none;trois_classes;none;False;all;;;;;;;;;;0.6047619047619047;31.333333333333332;0.7727969348659004;0.585672514619883;0.5879484500174154;8.666666666666666;6.666666666666667;22.666666666666668;5.666666666666667;0.4761904761904762;27.333333333333332;0.6969348659003831;0.4077305563373675;0.4351645487129358;6.666666666666667;9.0;20.666666666666668;7.333333333333333;0.5472222222222222;32.333333333333336;0.84688013136289;0.6495726495726496;0.5887667887667888;8.333333333333334;4.333333333333333;24.0;7.0
7nn;logreg;dem;none;True;ibisc;0.45694444444444443;0.7096546863988724;0.8464696223316913;0.6333333333333333;0.5239316239316238;7.0;4.333333333333333;24.0;8.333333333333334;;;;;;;;;;;;;;;;;;;;;;;;;;;
7nn;logreg;dem;none;True;cfx;0.5875;0.7403100775193798;0.8234811165845648;0.6450549450549451;0.6137931034482759;9.0;5.0;23.333333333333332;6.333333333333333;;;;;;;;;;;;;;;;;;;;;;;;;;;
7nn;logreg;dem;none;True;motricite;0.4777777777777778;0.7253347427766034;0.8591954022988505;0.65;0.5499823633156966;7.333333333333333;4.0;24.333333333333332;8.0;;;;;;;;;;;;;;;;;;;;;;;;;;;
7nn;logreg;dem;none;True;best;0.5430555555555555;0.7787174066243834;0.9059934318555009;0.7590909090909091;0.6327472527472527;8.333333333333334;2.6666666666666665;25.666666666666668;7.0;;;;;;;;;;;;;;;;;;;;;;;;;;;
7nn;logreg;dem;none;True;all;0.5875;0.7711416490486257;0.8706896551724137;0.7115384615384616;0.6434044882320745;9.0;3.6666666666666665;24.666666666666668;6.333333333333333;;;;;;;;;;;;;;;;;;;;;;;;;;;
7nn;kbest;dem;none;True;ibisc;0.4777777777777778;0.7024312896405919;0.8238916256157637;0.594017094017094;0.5291005291005291;7.333333333333333;5.0;23.333333333333332;8.0;;;;;;;;;;;;;;;;;;;;;;;;;;;
7nn;kbest;dem;none;True;cfx;0.6124999999999999;0.7711416490486257;0.8596059113300493;0.7055555555555556;0.6441336441336442;9.333333333333334;4.0;24.333333333333332;6.0;;;;;;;;;;;;;;;;;;;;;;;;;;;
7nn;kbest;dem;none;True;motricite;0.5236111111111111;0.7713178294573644;0.9055829228243022;0.7515151515151516;0.6169420702754036;8.0;2.6666666666666665;25.666666666666668;7.333333333333333;;;;;;;;;;;;;;;;;;;;;;;;;;;
7nn;kbest;dem;none;True;all;0.5;0.7175828047921072;0.8349753694581281;0.6223776223776224;0.5538714159403815;7.666666666666667;4.666666666666667;23.666666666666668;7.666666666666667;;;;;;;;;;;;;;;;;;;;;;;;;;;
7nn;seqdel;dem;none;True;all;0.6097222222222222;0.7936927413671601;0.8936781609195402;0.7585470085470085;0.6754850088183422;9.333333333333334;3.0;25.333333333333332;6.0;;;;;;;;;;;;;;;;;;;;;;;;;;;
7nn;no_correlation;dem;none;True;all;0.43472222222222223;0.6950317124735729;0.8357963875205255;0.5944444444444444;0.5014814814814815;6.666666666666667;4.666666666666667;23.666666666666668;8.666666666666666;;;;;;;;;;;;;;;;;;;;;;;;;;;
7nn;none;dem;none;True;all;0.5430555555555556;0.6943269908386188;0.7766830870279146;0.5684523809523809;0.5544679273266593;8.333333333333334;6.333333333333333;22.0;7.0;;;;;;;;;;;;;;;;;;;;;;;;;;;
7nn;logreg;dem;none;False;ibisc;0.5458333333333333;0.7024312896405919;0.7889983579638752;0.5847578347578347;0.5591630591630591;8.333333333333334;6.0;22.333333333333332;7.0;;;;;;;;;;;;;;;;;;;;;;;;;;;
7nn;logreg;dem;none;False;cfx;0.5236111111111111;0.7558139534883721;0.8825944170771757;0.7122507122507122;0.5984832451499118;8.0;3.3333333333333335;25.0;7.333333333333333;;;;;;;;;;;;;;;;;;;;;;;;;;;
7nn;logreg;dem;none;False;motricite;0.4847222222222222;0.6728329809725159;0.7770935960591133;0.5412457912457912;0.5042180042180042;7.333333333333333;6.333333333333333;22.0;8.0;;;;;;;;;;;;;;;;;;;;;;;;;;;
7nn;logreg;dem;none;False;best;0.5638888888888888;0.7706131078224101;0.8813628899835796;0.7335858585858586;0.6314102564102564;8.666666666666666;3.3333333333333335;25.0;6.666666666666667;;;;;;;;;;;;;;;;;;;;;;;;;;;
7nn;logreg;dem;none;False;all;0.6319444444444443;0.786645525017618;0.8719211822660098;0.7465834818775995;0.6774691358024691;9.666666666666666;3.6666666666666665;24.666666666666668;5.666666666666667;;;;;;;;;;;;;;;;;;;;;;;;;;;
7nn;kbest;dem;none;False;ibisc;0.5486111111111112;0.7249823819591262;0.8234811165845649;0.601851851851852;0.5636708970042302;8.333333333333334;5.0;23.333333333333332;7.0;;;;;;;;;;;;;;;;;;;;;;;;;;;
7nn;kbest;dem;none;False;cfx;0.5416666666666666;0.7709654686398872;0.8944991789819375;0.7323232323232324;0.6227106227106227;8.333333333333334;3.0;25.333333333333332;7.0;;;;;;;;;;;;;;;;;;;;;;;;;;;
7nn;kbest;dem;none;False;motricite;0.48194444444444445;0.6946793516560957;0.8111658456486043;0.5824915824915825;0.5148407148407149;7.333333333333333;5.333333333333333;23.0;8.0;;;;;;;;;;;;;;;;;;;;;;;;;;;
7nn;kbest;dem;none;False;all;0.5847222222222221;0.7558139534883721;0.8472906403940886;0.6767191142191141;0.6247710622710623;9.0;4.333333333333333;24.0;6.333333333333333;;;;;;;;;;;;;;;;;;;;;;;;;;;
7nn;seqdel;dem;none;False;all;0.6527777777777777;0.8243481324876675;0.9178981937602627;0.8158508158508159;0.7231040564373897;10.0;2.3333333333333335;26.0;5.333333333333333;;;;;;;;;;;;;;;;;;;;;;;;;;;
7nn;no_correlation;dem;none;False;all;0.5666666666666668;0.7251585623678647;0.8123973727422004;0.6299242424242424;0.591079251294305;8.666666666666666;5.333333333333333;23.0;6.666666666666667;;;;;;;;;;;;;;;;;;;;;;;;;;;
7nn;none;dem;none;False;all;0.4791666666666667;0.7100070472163496;0.8349753694581281;0.6138306138306139;0.5379375839145953;7.333333333333333;4.666666666666667;23.666666666666668;8.0;;;;;;;;;;;;;;;;;;;;;;;;;;;
7nn;logreg;tb_cog;none;True;ibisc;0.7735632183908047;0.7399577167019027;0.6714285714285714;0.8304926108374384;0.7998166785825589;22.666666666666668;4.666666666666667;9.666666666666666;6.666666666666667;;;;;;;;;;;;;;;;;;;;;;;;;;;
7nn;logreg;tb_cog;none;True;cfx;0.7268199233716475;0.6939746300211417;0.6285714285714286;0.8003663003663003;0.7614224956330219;21.333333333333332;5.333333333333333;9.0;8.0;;;;;;;;;;;;;;;;;;;;;;;;;;;
7nn;logreg;tb_cog;none;True;motricite;0.7724137931034484;0.7175828047921072;0.6031746031746031;0.8002652519893899;0.7855799373040752;22.666666666666668;5.666666666666667;8.666666666666666;6.666666666666667;;;;;;;;;;;;;;;;;;;;;;;;;;;
7nn;logreg;tb_cog;none;True;best;0.7839080459770115;0.7635658914728682;0.7206349206349206;0.8527851458885941;0.8166409861325116;23.0;4.0;10.333333333333334;6.333333333333333;;;;;;;;;;;;;;;;;;;;;;;;;;;
7nn;logreg;tb_cog;none;True;all;0.8302681992337165;0.8017970401691333;0.7444444444444445;0.8689259867420787;0.8487598306110103;24.333333333333332;3.6666666666666665;10.666666666666666;5.0;;;;;;;;;;;;;;;;;;;;;;;;;;;
7nn;kbest;tb_cog;none;True;ibisc;0.7950191570881225;0.7861169837914024;0.7698412698412698;0.8778289426715213;0.8324491600353671;23.333333333333332;3.3333333333333335;11.0;6.0;;;;;;;;;;;;;;;;;;;;;;;;;;;
7nn;kbest;tb_cog;none;True;cfx;0.8183908045977012;0.786645525017618;0.7190476190476192;0.8580842911877395;0.8365766896840343;24.0;4.0;10.333333333333334;5.333333333333333;;;;;;;;;;;;;;;;;;;;;;;;;;;
7nn;kbest;tb_cog;none;True;motricite;0.7164750957854406;0.6943269908386188;0.653968253968254;0.8118084774816893;0.7572327044025157;21.0;5.0;9.333333333333334;8.333333333333334;;;;;;;;;;;;;;;;;;;;;;;;;;;
7nn;kbest;tb_cog;none;True;all;0.7494252873563219;0.7485905567300916;0.7428571428571429;0.8612121212121212;0.7989832970225127;22.0;3.6666666666666665;10.666666666666666;7.333333333333333;;;;;;;;;;;;;;;;;;;;;;;;;;;
7nn;seqdel;tb_cog;none;True;all;0.8758620689655173;0.8396758280479211;0.7666666666666667;0.8851851851851852;0.8795718108831401;25.666666666666668;3.3333333333333335;11.0;3.6666666666666665;;;;;;;;;;;;;;;;;;;;;;;;;;;
7nn;no_correlation;tb_cog;none;True;all;0.6823754789272031;0.6798801973220577;0.6746031746031745;0.8098290598290597;0.7402282785930584;20.0;4.666666666666667;9.666666666666666;9.333333333333334;;;;;;;;;;;;;;;;;;;;;;;;;;;
7nn;none;tb_cog;none;True;all;0.7509578544061303;0.6726568005637773;0.5142857142857142;0.7603686635944701;0.7550312563016738;22.0;7.0;7.333333333333333;7.333333333333333;;;;;;;;;;;;;;;;;;;;;;;;;;;
7nn;logreg;tb_cog;none;False;ibisc;0.7954022988505747;0.7707892882311488;0.7222222222222223;0.8582716049382716;0.8240002934918188;23.333333333333332;4.0;10.333333333333334;6.0;;;;;;;;;;;;;;;;;;;;;;;;;;;
7nn;logreg;tb_cog;none;False;cfx;0.7957854406130268;0.7484143763213531;0.6555555555555556;0.8278979085430698;0.8100668337510443;23.333333333333332;5.0;9.333333333333334;6.0;;;;;;;;;;;;;;;;;;;;;;;;;;;
7nn;logreg;tb_cog;none;False;motricite;0.806896551724138;0.748062015503876;0.626984126984127;0.8163382594417078;0.8113787293091486;23.666666666666668;5.333333333333333;9.0;5.666666666666667;;;;;;;;;;;;;;;;;;;;;;;;;;;
7nn;logreg;tb_cog;none;False;best;0.8199233716475095;0.8173009161381254;0.8158730158730158;0.9014430014430014;0.8542891343961817;24.0;2.6666666666666665;11.666666666666666;5.333333333333333;;;;;;;;;;;;;;;;;;;;;;;;;;;
7nn;logreg;tb_cog;none;False;all;0.7957854406130268;0.7711416490486257;0.7253968253968254;0.8596029776674938;0.8242424242424242;23.333333333333332;4.0;10.333333333333334;6.0;;;;;;;;;;;;;;;;;;;;;;;;;;;
7nn;kbest;tb_cog;none;False;ibisc;0.7957854406130268;0.7947498238195911;0.7936507936507936;0.8836781609195402;0.8360462866209991;23.333333333333332;3.0;11.333333333333334;6.0;;;;;;;;;;;;;;;;;;;;;;;;;;;
7nn;kbest;tb_cog;none;False;cfx;0.828735632183908;0.7403100775193798;0.557142857142857;0.7926965507610669;0.8096908939014202;24.333333333333332;6.333333333333333;8.0;5.0;;;;;;;;;;;;;;;;;;;;;;;;;;;
7nn;kbest;tb_cog;none;False;motricite;0.7613026819923373;0.7559901338971106;0.746031746031746;0.861111111111111;0.8076401696064059;22.333333333333332;3.6666666666666665;10.666666666666666;7.0;;;;;;;;;;;;;;;;;;;;;;;;;;;
7nn;kbest;tb_cog;none;False;all;0.7961685823754788;0.7552854122621565;0.6714285714285714;0.8352258852258853;0.8141894283731929;23.333333333333332;4.666666666666667;9.666666666666666;6.0;;;;;;;;;;;;;;;;;;;;;;;;;;;
7nn;seqdel;tb_cog;none;False;all;0.8636015325670497;0.8394996476391826;0.7888888888888889;0.8967860096892356;0.8786485545106234;25.333333333333332;3.0;11.333333333333334;4.0;;;;;;;;;;;;;;;;;;;;;;;;;;;
7nn;no_correlation;tb_cog;none;False;all;0.7616858237547892;0.7251585623678647;0.653968253968254;0.8201157981803142;0.7878306878306879;22.333333333333332;5.0;9.333333333333334;7.0;;;;;;;;;;;;;;;;;;;;;;;;;;;
7nn;none;tb_cog;none;False;all;0.6478927203065133;0.6182170542635659;0.5555555555555555;0.7512345679012347;0.6955508968087584;19.0;6.333333333333333;8.0;10.333333333333334;;;;;;;;;;;;;;;;;;;;;;;;;;;
7nn;kbest;trois_classes;none;True;ibisc;;;;;;;;;;0.8126984126984128;32.0;0.6938697318007662;0.5733839429491603;0.6693186693186693;11.666666666666666;9.0;20.333333333333332;2.6666666666666665;0.11904761904761903;25.333333333333332;0.7969348659003832;0.202020202020202;0.14666666666666664;1.6666666666666667;6.0;23.666666666666668;12.333333333333334;0.5416666666666666;29.666666666666668;0.7545155993431855;0.5683006535947713;0.5401154401154401;8.333333333333334;7.0;21.333333333333332;7.0
7nn;kbest;trois_classes;none;True;cfx;;;;;;;;;;0.953968253968254;30.333333333333332;0.567816091954023;0.5209622752726201;0.673524720893142;13.666666666666666;12.666666666666666;16.666666666666668;0.6666666666666666;0.0;26.0;0.8758620689655173;0.0;;0.0;3.6666666666666665;26.0;14.0;0.5652777777777778;32.0;0.8238916256157635;0.6285714285714286;0.5945700984633131;8.666666666666666;5.0;23.333333333333332;6.666666666666667
7nn;kbest;trois_classes;none;True;motricite;;;;;;;;;;0.5587301587301587;29.0;0.7164750957854406;0.49259259259259264;0.5222222222222221;8.0;8.333333333333334;21.0;6.333333333333333;0.4523809523809524;27.0;0.6969348659003831;0.41344537815126053;0.43132581174850365;6.333333333333333;9.0;20.666666666666668;7.666666666666667;0.5041666666666667;31.666666666666668;0.8472906403940886;0.6302401302401303;0.5545155993431856;7.666666666666667;4.333333333333333;24.0;7.666666666666667
7nn;kbest;trois_classes;none;True;all;;;;;;;;;;0.6285714285714286;28.666666666666668;0.6697318007662835;0.4801169590643275;0.5410938321688828;9.0;9.666666666666666;19.666666666666668;5.333333333333333;0.21428571428571427;24.333333333333332;0.7199233716475096;0.2708624708624709;0.2385185185185185;3.0;8.333333333333334;21.333333333333332;11.0;0.6513888888888889;34.666666666666664;0.8698686371100163;0.7542087542087543;0.6933690855259483;10.0;3.6666666666666665;24.666666666666668;5.333333333333333
7nn;no_correlation;trois_classes;none;True;all;;;;;;;;;;0.7714285714285714;33.0;0.7505747126436781;0.6047619047619048;0.6707620979426254;11.0;7.333333333333333;22.0;3.3333333333333335;0.28571428571428575;27.666666666666668;0.7973180076628351;0.3856421356421356;0.32503052503052504;4.0;6.0;23.666666666666668;10.0;0.6069444444444444;31.666666666666668;0.7889983579638752;0.6039673046251993;0.5986990950226244;9.333333333333334;6.0;22.333333333333332;6.0
7nn;none;trois_classes;none;True;all;;;;;;;;;;0.6063492063492063;31.0;0.7624521072796936;0.5437908496732026;0.5722901989865282;8.666666666666666;7.0;22.333333333333332;5.666666666666667;0.38095238095238093;26.333333333333332;0.7088122605363983;0.3804675716440422;0.37879484116043255;5.333333333333333;8.666666666666666;21.0;8.666666666666666;0.48055555555555557;29.0;0.7635467980295566;0.5449974861739567;0.5092191758858425;7.333333333333333;6.666666666666667;21.666666666666668;8.0
7nn;kbest;trois_classes;none;False;ibisc;;;;;;;;;;0.8365079365079365;30.666666666666668;0.636015325670498;0.5284057971014492;0.64697933227345;12.0;10.666666666666666;18.666666666666668;2.3333333333333335;0.28571428571428575;29.0;0.8432950191570882;0.46759259259259256;0.35441370223978924;4.0;4.666666666666667;25.0;10.0;0.5847222222222221;34.0;0.8825944170771756;0.7222222222222222;0.6434727200318598;9.0;3.3333333333333335;25.0;6.333333333333333
7nn;kbest;trois_classes;none;False;cfx;;;;;;;;;;0.6746031746031745;29.0;0.6609195402298851;0.4942528735632184;0.5464193429309708;9.666666666666666;10.0;19.333333333333332;4.666666666666667;0.28571428571428575;26.333333333333332;0.749808429118774;0.325;0.2631578947368421;4.0;7.333333333333333;22.333333333333332;10.0;0.5027777777777778;31.0;0.8251231527093598;0.6346978557504873;0.5443690296631473;7.666666666666667;5.0;23.333333333333332;7.666666666666667
7nn;kbest;trois_classes;none;False;motricite;;;;;;;;;;0.5825396825396826;27.0;0.6367816091954023;0.43937621832358675;0.5002970885323826;8.333333333333334;10.666666666666666;18.666666666666668;6.0;0.30952380952380953;25.0;0.6969348659003831;0.3241758241758242;0.3165784832451499;4.333333333333333;9.0;20.666666666666668;9.666666666666666;0.5208333333333334;33.0;0.8830049261083744;0.7095959595959597;0.6001899335232669;8.0;3.3333333333333335;25.0;7.333333333333333
7nn;kbest;trois_classes;none;False;all;;;;;;;;;;0.6253968253968253;29.666666666666668;0.7042145593869731;0.5079365079365079;0.5592592592592592;9.0;8.666666666666666;20.666666666666668;5.333333333333333;0.28571428571428575;25.666666666666668;0.7298850574712644;0.3213268213268214;0.30047542366382946;4.0;8.0;21.666666666666668;10.0;0.5833333333333334;32.333333333333336;0.8243021346469623;0.6384615384615385;0.6094602468351078;9.0;5.0;23.333333333333332;6.333333333333333
7nn;no_correlation;trois_classes;none;False;all;;;;;;;;;;0.673015873015873;32.333333333333336;0.7724137931034484;0.5917919799498746;0.6283846872082165;9.666666666666666;6.666666666666667;22.666666666666668;4.666666666666667;0.38095238095238093;26.666666666666668;0.7191570881226054;0.38968253968253963;0.38436276367310845;5.333333333333333;8.333333333333334;21.333333333333332;8.666666666666666;0.5444444444444444;31.333333333333332;0.8107553366174057;0.6233766233766235;0.5786914235190097;8.333333333333334;5.333333333333333;23.0;7.0
7nn;none;trois_classes;none;False;all;;;;;;;;;;0.6285714285714286;31.333333333333332;0.7605363984674329;0.5667839785486845;0.5933641975308642;9.0;7.0;22.333333333333332;5.333333333333333;0.38095238095238093;25.666666666666668;0.6854406130268199;0.3565359477124183;0.36687487521747814;5.333333333333333;9.333333333333334;20.333333333333332;8.666666666666666;0.5430555555555555;32.0;0.8341543513957307;0.645909645909646;0.5897707231040565;8.333333333333334;4.666666666666667;23.666666666666668;7.0
logistic_regression;logreg;dem;none;True;ibisc;0.46249999999999997;0.6717758985200845;0.7889983579638752;0.5153267784846732;0.469309462915601;7.0;6.0;22.333333333333332;8.333333333333334;;;;;;;;;;;;;;;;;;;;;;;;;;;
logistic_regression;logreg;dem;none;True;cfx;0.5249999999999999;0.7477096546863988;0.8706896551724137;0.7142857142857143;0.5877061469265368;8.0;3.6666666666666665;24.666666666666668;7.333333333333333;;;;;;;;;;;;;;;;;;;;;;;;;;;
logistic_regression;logreg;dem;none;True;motricite;0.4305555555555555;0.6634954193093728;0.7861247947454845;0.5735930735930737;0.4695674695674696;6.666666666666667;6.0;22.333333333333332;8.666666666666666;;;;;;;;;;;;;;;;;;;;;;;;;;;
logistic_regression;logreg;dem;none;True;best;0.7166666666666667;0.8167723749119098;0.8694581280788177;0.7724921277552856;0.7382716049382716;11.0;3.6666666666666665;24.666666666666668;4.333333333333333;;;;;;;;;;;;;;;;;;;;;;;;;;;
logistic_regression;logreg;dem;none;True;all;0.6541666666666667;0.7709654686398872;0.8357963875205255;0.69674688057041;0.6664426523297491;10.0;4.666666666666667;23.666666666666668;5.333333333333333;;;;;;;;;;;;;;;;;;;;;;;;;;;
logistic_regression;kbest;dem;none;True;ibisc;0.4527777777777778;0.710183227625088;0.8464696223316913;0.6198879551820727;0.50989898989899;7.0;4.333333333333333;24.0;8.333333333333334;;;;;;;;;;;;;;;;;;;;;;;;;;;
logistic_regression;kbest;dem;none;True;cfx;0.4791666666666667;0.7408386187455954;0.882183908045977;0.6797619047619047;0.554299773190328;7.333333333333333;3.3333333333333335;25.0;8.0;;;;;;;;;;;;;;;;;;;;;;;;;;;
logistic_regression;kbest;dem;none;True;motricite;0.5458333333333333;0.7485905567300916;0.8587848932676518;0.6686868686868687;0.5967711301044635;8.333333333333334;4.0;24.333333333333332;7.0;;;;;;;;;;;;;;;;;;;;;;;;;;;
logistic_regression;kbest;dem;none;True;all;0.5027777777777778;0.7323819591261452;0.8596059113300493;0.6407685881370092;0.536114081996435;7.666666666666667;4.0;24.333333333333332;7.666666666666667;;;;;;;;;;;;;;;;;;;;;;;;;;;
logistic_regression;seqdel;dem;none;True;all;0.6097222222222222;0.7408386187455954;0.8111658456486043;0.645335057099763;0.6259889535751605;9.333333333333334;5.333333333333333;23.0;6.0;;;;;;;;;;;;;;;;;;;;;;;;;;;
logistic_regression;no_correlation;dem;none;True;all;0.4124999999999999;0.6576814658210007;0.7881773399014778;0.5210932857991682;0.45551670551670553;6.333333333333333;6.0;22.333333333333332;9.0;;;;;;;;;;;;;;;;;;;;;;;;;;;
logistic_regression;none;dem;none;True;all;0.5680555555555555;0.7177589852008457;0.8000821018062397;0.6027777777777777;0.5817204301075268;8.666666666666666;5.666666666666667;22.666666666666668;6.666666666666667;;;;;;;;;;;;;;;;;;;;;;;;;;;
logistic_regression;logreg;dem;none;False;ibisc;0.45694444444444443;0.6793516560958421;0.8004926108374383;0.5582750582750582;0.5004257130693912;7.0;5.666666666666667;22.666666666666668;8.333333333333334;;;;;;;;;;;;;;;;;;;;;;;;;;;
logistic_regression;logreg;dem;none;False;cfx;0.5236111111111111;0.7482381959126144;0.8719211822660098;0.7215909090909092;0.5931210366694238;8.0;3.6666666666666665;24.666666666666668;7.333333333333333;;;;;;;;;;;;;;;;;;;;;;;;;;;
logistic_regression;logreg;dem;none;False;motricite;0.4597222222222222;0.6721282593375616;0.7889983579638752;0.5384615384615384;0.49072432943400685;7.0;6.0;22.333333333333332;8.333333333333334;;;;;;;;;;;;;;;;;;;;;;;;;;;
logistic_regression;logreg;dem;none;False;best;0.6097222222222222;0.7783650458069062;0.8715106732348112;0.7379084967320262;0.6574667616334283;9.333333333333334;3.6666666666666665;24.666666666666668;6.0;;;;;;;;;;;;;;;;;;;;;;;;;;;
logistic_regression;logreg;dem;none;False;all;0.6291666666666668;0.8084918957011981;0.9051724137931035;0.7795815295815296;0.6955365622032289;9.666666666666666;2.6666666666666665;25.666666666666668;5.666666666666667;;;;;;;;;;;;;;;;;;;;;;;;;;;
logistic_regression;kbest;dem;none;False;ibisc;0.5236111111111111;0.7098308668076111;0.812807881773399;0.612962962962963;0.554346887680221;8.0;5.333333333333333;23.0;7.333333333333333;;;;;;;;;;;;;;;;;;;;;;;;;;;
logistic_regression;kbest;dem;none;False;cfx;0.5666666666666668;0.7785412262156449;0.894088669950739;0.7433862433862434;0.6377941981390257;8.666666666666666;3.0;25.333333333333332;6.666666666666667;;;;;;;;;;;;;;;;;;;;;;;;;;;
logistic_regression;kbest;dem;none;False;motricite;0.48055555555555557;0.7403100775193798;0.8825944170771757;0.6928904428904429;0.5604395604395603;7.333333333333333;3.3333333333333335;25.0;8.0;;;;;;;;;;;;;;;;;;;;;;;;;;;
logistic_regression;kbest;dem;none;False;all;0.4972222222222222;0.7316772374911911;0.8575533661740559;0.6809116809116809;0.5711548987411056;7.666666666666667;4.0;24.333333333333332;7.666666666666667;;;;;;;;;;;;;;;;;;;;;;;;;;;
logistic_regression;seqdel;dem;none;False;all;0.5638888888888889;0.7322057787174066;0.8255336617405583;0.6515151515151515;0.579071825448637;8.666666666666666;5.0;23.333333333333332;6.666666666666667;;;;;;;;;;;;;;;;;;;;;;;;;;;
logistic_regression;no_correlation;dem;none;False;all;0.48055555555555557;0.6566243833685693;0.7532840722495896;0.5182957393483708;0.4878556197014616;7.333333333333333;7.0;21.333333333333332;8.0;;;;;;;;;;;;;;;;;;;;;;;;;;;
logistic_regression;none;dem;none;False;all;0.45694444444444443;0.6867512332628612;0.8107553366174055;0.5757575757575758;0.5088319088319089;7.0;5.333333333333333;23.0;8.333333333333334;;;;;;;;;;;;;;;;;;;;;;;;;;;
logistic_regression;logreg;tb_cog;none;True;ibisc;0.8754789272030652;0.8090204369274137;0.673015873015873;0.8461981566820276;0.8599367270635606;25.666666666666668;4.666666666666667;9.666666666666666;3.6666666666666665;;;;;;;;;;;;;;;;;;;;;;;;;;;
logistic_regression;logreg;tb_cog;none;True;cfx;0.828352490421456;0.7327343199436221;0.5333333333333333;0.7839904420549582;0.803846153846154;24.333333333333332;6.666666666666667;7.666666666666667;5.0;;;;;;;;;;;;;;;;;;;;;;;;;;;
logistic_regression;logreg;tb_cog;none;True;motricite;0.7839080459770115;0.6640239605355884;0.41269841269841273;0.7398190045248869;0.7585137085137085;23.0;8.333333333333334;6.0;6.333333333333333;;;;;;;;;;;;;;;;;;;;;;;;;;;
logistic_regression;logreg;tb_cog;none;True;best;0.8417624521072797;0.7864693446088795;0.6777777777777777;0.8471428571428571;0.8399851000425714;24.666666666666668;4.666666666666667;9.666666666666666;4.666666666666667;;;;;;;;;;;;;;;;;;;;;;;;;;;
logistic_regression;logreg;tb_cog;none;True;all;0.8524904214559387;0.7714940098661028;0.6015873015873016;0.8177258698092031;0.8334417555729031;25.0;5.666666666666667;8.666666666666666;4.333333333333333;;;;;;;;;;;;;;;;;;;;;;;;;;;
logistic_regression;kbest;tb_cog;none;True;ibisc;0.8632183908045977;0.7401338971106414;0.4857142857142857;0.7759600614439325;0.8169959366680679;25.333333333333332;7.333333333333333;7.0;4.0;;;;;;;;;;;;;;;;;;;;;;;;;;;
logistic_regression;kbest;tb_cog;none;True;cfx;0.8524904214559387;0.7706131078224101;0.6031746031746031;0.8176593521421106;0.8337889557135046;25.0;5.666666666666667;8.666666666666666;4.333333333333333;;;;;;;;;;;;;;;;;;;;;;;;;;;
logistic_regression;kbest;tb_cog;none;True;motricite;0.7938697318007663;0.7482381959126144;0.6507936507936508;0.8223493100944083;0.8044699011680144;23.333333333333332;5.0;9.333333333333334;6.0;;;;;;;;;;;;;;;;;;;;;;;;;;;
logistic_regression;kbest;tb_cog;none;True;all;0.7950191570881225;0.710183227625088;0.5365079365079365;0.7786706349206348;0.7864106228757605;23.333333333333332;6.666666666666667;7.666666666666667;6.0;;;;;;;;;;;;;;;;;;;;;;;;;;;
logistic_regression;seqdel;tb_cog;none;True;all;0.8524904214559387;0.7862931642001408;0.6523809523809524;0.8339513039179335;0.8427495291902072;25.0;5.0;9.333333333333334;4.333333333333333;;;;;;;;;;;;;;;;;;;;;;;;;;;
logistic_regression;no_correlation;tb_cog;none;True;all;0.749808429118774;0.6865750528541227;0.5603174603174603;0.7846051167964405;0.7646116335771508;22.0;6.333333333333333;8.0;7.333333333333333;;;;;;;;;;;;;;;;;;;;;;;;;;;
logistic_regression;none;tb_cog;none;True;all;0.7839080459770115;0.6789992952783651;0.4666666666666666;0.7504702194357367;0.7661104931405265;23.0;7.666666666666667;6.666666666666667;6.333333333333333;;;;;;;;;;;;;;;;;;;;;;;;;;;
logistic_regression;logreg;tb_cog;none;False;ibisc;0.7371647509578544;0.7249823819591262;0.6952380952380951;0.8341269841269842;0.7774913474161593;21.666666666666668;4.333333333333333;10.0;7.666666666666667;;;;;;;;;;;;;;;;;;;;;;;;;;;
logistic_regression;logreg;tb_cog;none;False;cfx;0.831800766283525;0.7408386187455954;0.5634920634920636;0.8010033444816055;0.8057933118882347;24.333333333333332;6.333333333333333;8.0;5.0;;;;;;;;;;;;;;;;;;;;;;;;;;;
logistic_regression;logreg;tb_cog;none;False;motricite;0.7954022988505747;0.702783650458069;0.5079365079365079;0.7733420911789034;0.7823232323232324;23.333333333333332;7.0;7.333333333333333;6.0;;;;;;;;;;;;;;;;;;;;;;;;;;;
logistic_regression;logreg;tb_cog;none;False;best;0.8413793103448276;0.7864693446088795;0.6714285714285714;0.8430398855871605;0.842049064625007;24.666666666666668;4.666666666666667;9.666666666666666;4.666666666666667;;;;;;;;;;;;;;;;;;;;;;;;;;;
logistic_regression;logreg;tb_cog;none;False;all;0.8402298850574712;0.7713178294573644;0.6253968253968254;0.8302469135802468;0.8322510822510822;24.666666666666668;5.333333333333333;9.0;4.666666666666667;;;;;;;;;;;;;;;;;;;;;;;;;;;
logistic_regression;kbest;tb_cog;none;False;ibisc;0.8521072796934867;0.7704369274136716;0.6031746031746031;0.8146953405017922;0.8329289000030874;25.0;5.666666666666667;8.666666666666666;4.333333333333333;;;;;;;;;;;;;;;;;;;;;;;;;;;
logistic_regression;kbest;tb_cog;none;False;cfx;0.7716475095785441;0.7322057787174066;0.6492063492063491;0.8186728395061729;0.7923731269744659;22.666666666666668;5.0;9.333333333333334;6.666666666666667;;;;;;;;;;;;;;;;;;;;;;;;;;;
logistic_regression;kbest;tb_cog;none;False;motricite;0.7954022988505747;0.7330866807610993;0.6031746031746031;0.8077601410934744;0.8008798878917723;23.333333333333332;5.666666666666667;8.666666666666666;6.0;;;;;;;;;;;;;;;;;;;;;;;;;;;
logistic_regression;kbest;tb_cog;none;False;all;0.8176245210727968;0.7633897110641298;0.653968253968254;0.8309677419354838;0.8224246104027525;24.0;5.0;9.333333333333334;5.333333333333333;;;;;;;;;;;;;;;;;;;;;;;;;;;
logistic_regression;seqdel;tb_cog;none;False;all;0.8636015325670497;0.7859408033826639;0.6285714285714286;0.827394419306184;0.8425328554360814;25.333333333333332;5.333333333333333;9.0;4.0;;;;;;;;;;;;;;;;;;;;;;;;;;;
logistic_regression;no_correlation;tb_cog;none;False;all;0.7846743295019157;0.7323819591261452;0.6285714285714286;0.8195340501792115;0.7983469345051266;23.0;5.333333333333333;9.0;6.333333333333333;;;;;;;;;;;;;;;;;;;;;;;;;;;
logistic_regression;none;tb_cog;none;False;all;0.7601532567049808;0.7022551092318534;0.5825396825396826;0.7956543118814924;0.7720729096236196;22.333333333333332;6.0;8.333333333333334;7.0;;;;;;;;;;;;;;;;;;;;;;;;;;;
logistic_regression;kbest;trois_classes;none;True;ibisc;;;;;;;;;;0.8126984126984126;31.333333333333332;0.6697318007662836;0.5493724429651202;0.6546546546546548;11.666666666666666;9.666666666666666;19.666666666666668;2.6666666666666665;0.2857142857142857;28.666666666666668;0.8321839080459771;0.4545454545454546;0.34555555555555556;4.0;5.0;24.666666666666668;10.0;0.6291666666666665;34.333333333333336;0.8706896551724138;0.7222222222222222;0.6718603661132397;9.666666666666666;3.6666666666666665;24.666666666666668;5.666666666666667
logistic_regression;kbest;trois_classes;none;True;cfx;;;;;;;;;;0.8809523809523809;32.666666666666664;0.6816091954022988;0.5738095238095238;0.6942577030812324;12.666666666666666;9.333333333333334;20.0;1.6666666666666667;0.21428571428571427;26.666666666666668;0.7969348659003832;0.305982905982906;0.24550103116083286;3.0;6.0;23.666666666666668;11.0;0.4986111111111111;31.0;0.8234811165845648;0.5994708994708995;0.539333827709801;7.666666666666667;5.0;23.333333333333332;7.666666666666667
logistic_regression;kbest;trois_classes;none;True;motricite;;;;;;;;;;0.6111111111111112;28.0;0.6586206896551724;0.45487179487179485;0.5116758241758242;8.666666666666666;10.0;19.333333333333332;5.666666666666667;0.19047619047619047;26.666666666666668;0.8095785440613027;0.32857142857142857;0.24025974025974026;2.6666666666666665;5.666666666666667;24.0;11.333333333333334;0.5458333333333334;28.333333333333332;0.7085385878489326;0.5708333333333333;0.5396794871794871;8.333333333333334;8.333333333333334;20.0;7.0
logistic_regression;kbest;trois_classes;none;True;all;;;;;;;;;;0.6507936507936508;30.333333333333332;0.7153256704980843;0.5306372549019608;0.5840245775729648;9.333333333333334;8.333333333333334;21.0;5.0;0.28571428571428575;28.333333333333332;0.8187739463601532;0.4515151515151515;0.31293103448275866;4.0;5.333333333333333;24.333333333333332;10.0;0.5861111111111111;29.666666666666668;0.7311165845648605;0.5597147950089126;0.5616875616875617;9.0;7.666666666666667;20.666666666666668;6.333333333333333
logistic_regression;no_correlation;trois_classes;none;True;all;;;;;;;;;;0.626984126984127;30.666666666666668;0.7383141762452107;0.5381836945304438;0.5777988614800759;9.0;7.666666666666667;21.666666666666668;5.333333333333333;0.30952380952380953;27.666666666666668;0.7873563218390803;0.4056776556776556;0.34500067833401166;4.333333333333333;6.333333333333333;23.333333333333332;9.666666666666666;0.5680555555555555;29.333333333333332;0.7278325123152709;0.5448343079922028;0.5504720406681191;8.666666666666666;7.666666666666667;20.666666666666668;6.666666666666667
logistic_regression;none;trois_classes;none;True;all;;;;;;;;;;0.6047619047619047;31.666666666666668;0.7850574712643678;0.58763197586727;0.5942652329749104;8.666666666666666;6.333333333333333;23.0;5.666666666666667;0.35714285714285715;26.0;0.70727969348659;0.3685897435897436;0.36125356125356123;5.0;8.666666666666666;21.0;9.0;0.5194444444444445;29.333333333333332;0.7528735632183908;0.5287698412698413;0.5235446792732665;8.0;7.0;21.333333333333332;7.333333333333333
logistic_regression;kbest;trois_classes;none;False;ibisc;;;;;;;;;;0.8142857142857144;31.333333333333332;0.6720306513409962;0.5593650793650794;0.659029859029859;11.666666666666666;9.666666666666666;19.666666666666668;2.6666666666666665;0.21428571428571427;27.666666666666668;0.831800766283525;0.3751803751803752;0.26857142857142857;3.0;5.0;24.666666666666668;11.0;0.6138888888888889;32.666666666666664;0.8251231527093595;0.6777777777777777;0.6206349206349207;9.333333333333334;5.0;23.333333333333332;6.0
logistic_regression;kbest;trois_classes;none;False;cfx;;;;;;;;;;0.8396825396825397;31.666666666666668;0.6712643678160918;0.5588552188552188;0.6666666666666666;12.0;9.666666666666666;19.666666666666668;2.3333333333333335;0.2619047619047619;28.666666666666668;0.8421455938697319;0.5726495726495726;0.32806037068611665;3.6666666666666665;4.666666666666667;25.0;10.333333333333334;0.6055555555555555;33.333333333333336;0.8472906403940886;0.6773504273504273;0.6380070546737214;9.333333333333334;4.333333333333333;24.0;6.0
logistic_regression;kbest;trois_classes;none;False;motricite;;;;;;;;;;0.6492063492063491;30.666666666666668;0.7275862068965516;0.530019493177388;0.5823754789272031;9.333333333333334;8.0;21.333333333333332;5.0;0.3095238095238095;28.333333333333332;0.8099616858237547;0.452014652014652;0.36155202821869487;4.333333333333333;5.666666666666667;24.0;9.666666666666666;0.6305555555555555;31.333333333333332;0.7651888341543515;0.5906862745098039;0.6095430107526881;9.666666666666666;6.666666666666667;21.666666666666668;5.666666666666667
logistic_regression;kbest;trois_classes;none;False;all;;;;;;;;;;0.6301587301587301;28.666666666666668;0.6712643678160918;0.4870837223778401;0.5480984964855932;9.0;9.666666666666666;19.666666666666668;5.333333333333333;0.2857142857142857;27.333333333333332;0.786206896551724;0.3434343434343434;0.3066666666666667;4.0;6.333333333333333;23.333333333333332;10.0;0.5652777777777778;31.0;0.7885878489326764;0.6042483660130719;0.5818181818181818;8.666666666666666;6.0;22.333333333333332;6.666666666666667
logistic_regression;no_correlation;trois_classes;none;False;all;;;;;;;;;;0.6777777777777777;30.666666666666668;0.7172413793103448;0.5555555555555555;0.5955571799870046;9.666666666666666;8.333333333333334;21.0;4.666666666666667;0.19047619047619047;27.0;0.8203065134099616;0.3525132275132275;0.24687872513959466;2.6666666666666665;5.333333333333333;24.333333333333332;11.333333333333334;0.6319444444444445;30.0;0.7200328407224958;0.5768902878877303;0.5939579552329098;9.666666666666666;8.0;20.333333333333332;5.666666666666667
logistic_regression;none;trois_classes;none;False;all;;;;;;;;;;0.6523809523809523;31.666666666666668;0.7624521072796936;0.5781201369436664;0.6101223581757508;9.333333333333334;7.0;22.333333333333332;5.0;0.38095238095238093;27.0;0.7306513409961685;0.386660724896019;0.38024813895781645;5.333333333333333;8.0;21.666666666666668;8.666666666666666;0.4763888888888889;29.0;0.764367816091954;0.5223443223443224;0.49814608824619944;7.333333333333333;6.666666666666667;21.666666666666668;8.0
